ISO-10303-21;
HEADER;
FILE_DESCRIPTION (( 'STEP AP214' ),
    '1' );
FILE_NAME ('CFR_RB3_7.2X6.5X2.5_L7.4H6.6T2.7S5H019F0.55.STEP',
    '2025-11-05T20:24:51',
    ( '' ),
    ( '' ),
    'SwSTEP 2.0',
    'SolidWorks 2021',
    '' );
FILE_SCHEMA (( 'AUTOMOTIVE_DESIGN' ));
ENDSEC;

DATA;
#1 = ORIENTED_EDGE ( 'NONE', *, *, #2011, .F. ) ;
#2 = FACE_OUTER_BOUND ( 'NONE', #1360, .T. ) ;
#3 = VECTOR ( 'NONE', #1838, 1000.000000000000114 ) ;
#4 = FILL_AREA_STYLE ('',( #430 ) ) ;
#5 = DIRECTION ( 'NONE',  ( 0.000000000000000000, 0.000000000000000000, -1.000000000000000000 ) ) ;
#6 = MECHANICAL_DESIGN_GEOMETRIC_PRESENTATION_REPRESENTATION (  '', ( #2407 ), #1290 ) ;
#7 = CARTESIAN_POINT ( 'NONE',  ( 2.381867784552146539, 2.839979999999973970, 2.604999999999999538 ) ) ;
#8 = AXIS2_PLACEMENT_3D ( 'NONE', #594, #1822, #639 ) ;
#9 = CARTESIAN_POINT ( 'NONE',  ( 5.307647249233334641, 3.508804111210706900, 2.600000000000000089 ) ) ;
#10 = VECTOR ( 'NONE', #676, 1000.000000000000000 ) ;
#11 = LINE ( 'NONE', #718, #904 ) ;
#12 = FILL_AREA_STYLE ('',( #504 ) ) ;
#13 =( GEOMETRIC_REPRESENTATION_CONTEXT ( 3 ) GLOBAL_UNCERTAINTY_ASSIGNED_CONTEXT ( ( #712 ) ) GLOBAL_UNIT_ASSIGNED_CONTEXT ( ( #1120, #3004, #1294 ) ) REPRESENTATION_CONTEXT ( 'NONE', 'WORKASPACE' ) );
#15 = ORIENTED_EDGE ( 'NONE', *, *, #1225, .T. ) ;
#14 = DIRECTION ( 'NONE',  ( -0.000000000000000000, -0.000000000000000000, 1.000000000000000000 ) ) ;
#16 = EDGE_CURVE ( 'NONE', #307, #168, #2628, .T. ) ;
#17 = ORIENTED_EDGE ( 'NONE', *, *, #1058, .F. ) ;
#18 = PLANE ( 'NONE',  #1928 ) ;
#19 = EDGE_CURVE ( 'NONE', #2162, #331, #1364, .T. ) ;
#20 = LINE ( 'NONE', #725, #2495 ) ;
#21 = CARTESIAN_POINT ( 'NONE',  ( 3.700000000000000178, 0.2275680000000002146, 0.000000000000000000 ) ) ;
#22 = CARTESIAN_POINT ( 'NONE',  ( 2.474341766525602893, 2.839979999999973970, 2.604999999999999538 ) ) ;
#23 = LINE ( 'NONE', #717, #99 ) ;
#24 = CARTESIAN_POINT ( 'NONE',  ( 1.957227316808721307, 3.315383165242611785, 2.604999999999999538 ) ) ;
#25 = VERTEX_POINT ( 'NONE', #1148 ) ;
#26 = LINE ( 'NONE', #2091, #2090 ) ;
#27 = SURFACE_STYLE_FILL_AREA ( #2146 ) ;
#29 = EDGE_LOOP ( 'NONE', ( #2263, #1288, #254, #2149 ) ) ;
#28 = FACE_OUTER_BOUND ( 'NONE', #2900, .T. ) ;
#30 = ORIENTED_EDGE ( 'NONE', *, *, #2923, .F. ) ;
#31 = EDGE_CURVE ( 'NONE', #1797, #1623, #1615, .T. ) ;
#32 = DIRECTION ( 'NONE',  ( 1.000000000000000000, -0.000000000000000000, -0.000000000000000000 ) ) ;
#33 = PRESENTATION_LAYER_ASSIGNMENT (  '', '', ( #2540 ) ) ;
#34 = EDGE_CURVE ( 'NONE', #1404, #2735, #3030, .T. ) ;
#35 = COLOUR_RGB ( '',0.4980392156862745168, 0.4980392156862745168, 0.4980392156862745168 ) ;
#36 = CARTESIAN_POINT ( 'NONE',  ( 0.000000000000000000, 6.599999999999999645, 0.5000000000000000000 ) ) ;
#37 = CARTESIAN_POINT ( 'NONE',  ( 4.587256484269100376, 3.203675997410458276, 2.604999999999999538 ) ) ;
#38 = FACE_OUTER_BOUND ( 'NONE', #119, .T. ) ;
#39 = CARTESIAN_POINT ( 'NONE',  ( 4.699999999999999289, 1.653273178848926620E-16, 0.000000000000000000 ) ) ;
#40 = LINE ( 'NONE', #1174, #391 ) ;
#41 = VERTEX_POINT ( 'NONE', #228 ) ;
#42 = ORIENTED_EDGE ( 'NONE', *, *, #1550, .T. ) ;
#43 = PLANE ( 'NONE',  #88 ) ;
#44 = ORIENTED_EDGE ( 'NONE', *, *, #2742, .T. ) ;
#45 = CARTESIAN_POINT ( 'NONE',  ( 3.728971601317690343, 3.076692321403373676, 2.604999999999999538 ) ) ;
#46 = ADVANCED_FACE ( 'NONE', ( #1604 ), #1664, .F. ) ;
#47 = CARTESIAN_POINT ( 'NONE',  ( 2.712854867454359997, 3.668841943181834431, 2.604999999999999538 ) ) ;
#48 = CIRCLE ( 'NONE', #1634, 0.2750000000000000777 ) ;
#49 = CARTESIAN_POINT ( 'NONE',  ( 3.537795314773091171, 2.839979999999973970, 2.604999999999999538 ) ) ;
#50 = ADVANCED_FACE ( 'NONE', ( #2 ), #458, .F. ) ;
#51 =( NAMED_UNIT ( * ) SI_UNIT ( $, .STERADIAN. ) SOLID_ANGLE_UNIT ( ) );
#52 = CARTESIAN_POINT ( 'NONE',  ( 1.820030429532615512, 2.839979999999973970, 2.600000000000000089 ) ) ;
#53 =( GEOMETRIC_REPRESENTATION_CONTEXT ( 3 ) GLOBAL_UNCERTAINTY_ASSIGNED_CONTEXT ( ( #634 ) ) GLOBAL_UNIT_ASSIGNED_CONTEXT ( ( #690, #2593, #2853 ) ) REPRESENTATION_CONTEXT ( 'NONE', 'WORKASPACE' ) );
#54 = CARTESIAN_POINT ( 'NONE',  ( 2.326639940573459242, 2.628253326083847874, 0.2466666420000000193 ) ) ;
#55 = PLANE ( 'NONE',  #1347 ) ;
#56 = DIRECTION ( 'NONE',  ( 1.000000000000000000, 0.000000000000000000, 0.000000000000000000 ) ) ;
#57 = ORIENTED_EDGE ( 'NONE', *, *, #217, .F. ) ;
#58 = STYLED_ITEM ( 'NONE', ( #68 ), #1682 ) ;
#59 = VERTEX_POINT ( 'NONE', #2779 ) ;
#60 = CARTESIAN_POINT ( 'NONE',  ( 5.055663460132759468, 3.509976023336028650, 2.604999999999999538 ) ) ;
#61 = FACE_OUTER_BOUND ( 'NONE', #1420, .T. ) ;
#62 = VERTEX_POINT ( 'NONE', #1392 ) ;
#63 = DIRECTION ( 'NONE',  ( 0.2729786930694848013, 0.9620200793798828753, 0.000000000000000000 ) ) ;
#64 = DIRECTION ( 'NONE',  ( 0.000000000000000000, -1.000000000000000000, 0.000000000000000000 ) ) ;
#65 = LINE ( 'NONE', #54, #703 ) ;
#66 = EDGE_CURVE ( 'NONE', #109, #1570, #1858, .T. ) ;
#67 = EDGE_LOOP ( 'NONE', ( #974, #105, #1208, #2206 ) ) ;
#68 = PRESENTATION_STYLE_ASSIGNMENT (( #1277 ) ) ;
#69 = PLANE ( 'NONE',  #590 ) ;
#70 = SURFACE_STYLE_FILL_AREA ( #990 ) ;
#71 = EDGE_CURVE ( 'NONE', #1069, #329, #476, .T. ) ;
#72 = ORIENTED_EDGE ( 'NONE', *, *, #2553, .F. ) ;
#73 = DIRECTION ( 'NONE',  ( 0.2762437428917223770, 0.9610876102172850599, 0.000000000000000000 ) ) ;
#74 = ORIENTED_EDGE ( 'NONE', *, *, #2901, .F. ) ;
#75 = ORIENTED_EDGE ( 'NONE', *, *, #949, .T. ) ;
#76 = CARTESIAN_POINT ( 'NONE',  ( 4.494501999999998887, 0.2275680000000001035, 0.2466666420000000193 ) ) ;
#77 = DIRECTION ( 'NONE',  ( -0.000000000000000000, -0.000000000000000000, -1.000000000000000000 ) ) ;
#78 = AXIS2_PLACEMENT_3D ( 'NONE', #1903, #495, #263 ) ;
#79 = DIRECTION ( 'NONE',  ( -0.2746459304916892274, -0.9615454294334481178, 0.000000000000000000 ) ) ;
#80 = ORIENTED_EDGE ( 'NONE', *, *, #1156, .T. ) ;
#81 = LINE ( 'NONE', #1729, #1545 ) ;
#82 = DIRECTION ( 'NONE',  ( 0.000000000000000000, 0.000000000000000000, -1.000000000000000000 ) ) ;
#83 = ADVANCED_FACE ( 'NONE', ( #3046 ), #1423, .T. ) ;
#84 = ORIENTED_EDGE ( 'NONE', *, *, #1666, .T. ) ;
#85 = ADVANCED_FACE ( 'NONE', ( #412 ), #276, .F. ) ;
#86 = ORIENTED_EDGE ( 'NONE', *, *, #2460, .F. ) ;
#87 = VECTOR ( 'NONE', #2333, 1000.000000000000114 ) ;
#88 = AXIS2_PLACEMENT_3D ( 'NONE', #2715, #2768, #1560 ) ;
#89 = ORIENTED_EDGE ( 'NONE', *, *, #1666, .F. ) ;
#90 = CARTESIAN_POINT ( 'NONE',  ( 3.537795314773091171, 2.839979999999973970, 2.604999999999999538 ) ) ;
#91 = CARTESIAN_POINT ( 'NONE',  ( 0.000000000000000000, 0.000000000000000000, 0.000000000000000000 ) ) ;
#92 = VECTOR ( 'NONE', #2632, 1000.000000000000114 ) ;
#93 = ORIENTED_EDGE ( 'NONE', *, *, #506, .T. ) ;
#94 = DIRECTION ( 'NONE',  ( -0.000000000000000000, -0.000000000000000000, -1.000000000000000000 ) ) ;
#95 = VECTOR ( 'NONE', #1959, 1000.000000000000000 ) ;
#96 = DIRECTION ( 'NONE',  ( 0.000000000000000000, 0.000000000000000000, -1.000000000000000000 ) ) ;
#97 = DIRECTION ( 'NONE',  ( 0.000000000000000000, -1.000000000000000000, 0.000000000000000000 ) ) ;
#98 = EDGE_LOOP ( 'NONE', ( #214, #2218, #2189, #2481 ) ) ;
#99 = VECTOR ( 'NONE', #1383, 1000.000000000000000 ) ;
#100 = PRESENTATION_LAYER_ASSIGNMENT (  '', '', ( #1493 ) ) ;
#101 = ORIENTED_EDGE ( 'NONE', *, *, #1852, .T. ) ;
#102 = EDGE_CURVE ( 'NONE', #2072, #1316, #535, .T. ) ;
#103 = STYLED_ITEM ( 'NONE', ( #1957 ), #1912 ) ;
#104 = CARTESIAN_POINT ( 'NONE',  ( 4.942907871994606239, 3.203675997410458276, 2.600000000000000089 ) ) ;
#105 = ORIENTED_EDGE ( 'NONE', *, *, #330, .F. ) ;
#106 = PLANE ( 'NONE',  #1336 ) ;
#107 = EDGE_CURVE ( 'NONE', #2623, #2203, #1901, .T. ) ;
#108 = PLANE ( 'NONE',  #2739 ) ;
#109 = VERTEX_POINT ( 'NONE', #2839 ) ;
#110 = DIRECTION ( 'NONE',  ( -0.000000000000000000, -0.000000000000000000, -1.000000000000000000 ) ) ;
#111 = LINE ( 'NONE', #1077, #1516 ) ;
#112 = DIRECTION ( 'NONE',  ( 0.000000000000000000, 0.000000000000000000, -1.000000000000000000 ) ) ;
#113 = CARTESIAN_POINT ( 'NONE',  ( 7.153333358000001141, 0.000000000000000000, 0.2466666420000000193 ) ) ;
#114 = SURFACE_SIDE_STYLE ('',( #2454 ) ) ;
#115 = VERTEX_POINT ( 'NONE', #2150 ) ;
#116 = ORIENTED_EDGE ( 'NONE', *, *, #733, .T. ) ;
#117 = CARTESIAN_POINT ( 'NONE',  ( 3.367280840427302024, 2.839979999999973970, 2.600000000000000089 ) ) ;
#118 = EDGE_CURVE ( 'NONE', #2379, #1478, #2888, .T. ) ;
#119 = EDGE_LOOP ( 'NONE', ( #2457, #2579, #1031, #598 ) ) ;
#120 = CARTESIAN_POINT ( 'NONE',  ( 4.873868386490510574, 2.839979999999973970, 2.604999999999999538 ) ) ;
#121 = DIRECTION ( 'NONE',  ( -0.000000000000000000, -0.000000000000000000, 1.000000000000000000 ) ) ;
#122 = EDGE_CURVE ( 'NONE', #1562, #599, #2858, .T. ) ;
#123 = ORIENTED_EDGE ( 'NONE', *, *, #2224, .T. ) ;
#124 = DIRECTION ( 'NONE',  ( 0.000000000000000000, -0.000000000000000000, 1.000000000000000000 ) ) ;
#125 = STYLED_ITEM ( 'NONE', ( #2905 ), #438 ) ;
#126 =( NAMED_UNIT ( * ) SI_UNIT ( $, .STERADIAN. ) SOLID_ANGLE_UNIT ( ) );
#127 = SURFACE_SIDE_STYLE ('',( #2285 ) ) ;
#128 = CARTESIAN_POINT ( 'NONE',  ( 4.675832879009750087, 3.511044605575249555, 2.604999999999999538 ) ) ;
#129 = ORIENTED_EDGE ( 'NONE', *, *, #102, .F. ) ;
#130 = STYLED_ITEM ( 'NONE', ( #2727 ), #589 ) ;
#131 = CARTESIAN_POINT ( 'NONE',  ( 3.214944866010176039, 2.997671487479804053, 2.600000000000000089 ) ) ;
#132 = UNCERTAINTY_MEASURE_WITH_UNIT (LENGTH_MEASURE( 1.000000000000000082E-05 ), #1653, 'distance_accuracy_value', 'NONE');
#133 = ORIENTED_EDGE ( 'NONE', *, *, #1754, .F. ) ;
#134 = ORIENTED_EDGE ( 'NONE', *, *, #510, .F. ) ;
#135 = DIRECTION ( 'NONE',  ( 0.000000000000000000, 0.000000000000000000, -1.000000000000000000 ) ) ;
#136 = UNCERTAINTY_MEASURE_WITH_UNIT (LENGTH_MEASURE( 1.000000000000000082E-05 ), #2248, 'distance_accuracy_value', 'NONE');
#137 = FACE_OUTER_BOUND ( 'NONE', #2302, .T. ) ;
#138 = EDGE_CURVE ( 'NONE', #62, #529, #2617, .T. ) ;
#139 = CARTESIAN_POINT ( 'NONE',  ( 2.857882143254554919, 3.356904137849748615, 2.604999999999999538 ) ) ;
#140 = VERTEX_POINT ( 'NONE', #2413 ) ;
#141 = CARTESIAN_POINT ( 'NONE',  ( 7.399999999999999467, 6.392893218813450851, 2.599999999999999201 ) ) ;
#142 = EDGE_CURVE ( 'NONE', #1631, #166, #2382, .T. ) ;
#143 = VECTOR ( 'NONE', #1459, 1000.000000000000000 ) ;
#144 = DIRECTION ( 'NONE',  ( 0.000000000000000000, 0.000000000000000000, -1.000000000000000000 ) ) ;
#145 = VECTOR ( 'NONE', #2089, 1000.000000000000000 ) ;
#146 = FILL_AREA_STYLE_COLOUR ( '', #649 ) ;
#147 = VERTEX_POINT ( 'NONE', #756 ) ;
#148 = CARTESIAN_POINT ( 'NONE',  ( 0.5000000000000000000, 6.599999999999999645, 2.100000000000000089 ) ) ;
#149 = ORIENTED_EDGE ( 'NONE', *, *, #845, .F. ) ;
#150 = ORIENTED_EDGE ( 'NONE', *, *, #1751, .F. ) ;
#151 = AXIS2_PLACEMENT_3D ( 'NONE', #744, #984, #2865 ) ;
#152 = CIRCLE ( 'NONE', #796, 0.2750000000000000777 ) ;
#153 = DIRECTION ( 'NONE',  ( -1.000000000000000000, 0.000000000000000000, 0.000000000000000000 ) ) ;
#154 = MECHANICAL_DESIGN_GEOMETRIC_PRESENTATION_REPRESENTATION (  '', ( #2231 ), #1698 ) ;
#155 = DIRECTION ( 'NONE',  ( -0.2764273280489764617, -0.9610348236706636182, 0.000000000000000000 ) ) ;
#156 = STYLED_ITEM ( 'NONE', ( #821 ), #2320 ) ;
#157 = ORIENTED_EDGE ( 'NONE', *, *, #1921, .F. ) ;
#158 = CARTESIAN_POINT ( 'NONE',  ( 7.400000000000000355, 6.099999999999999645, 2.600000000000000089 ) ) ;
#159 = LINE ( 'NONE', #2284, #1908 ) ;
#160 = CARTESIAN_POINT ( 'NONE',  ( 7.400000000000000355, 0.000000000000000000, 2.600000000000000089 ) ) ;
#161 = EDGE_CURVE ( 'NONE', #2007, #1916, #1710, .T. ) ;
#162 = CARTESIAN_POINT ( 'NONE',  ( 3.214944866010176039, 2.997671487479804053, 2.604999999999999538 ) ) ;
#163 = ORIENTED_EDGE ( 'NONE', *, *, #807, .F. ) ;
#164 = PLANE ( 'NONE',  #493 ) ;
#165 = DIRECTION ( 'NONE',  ( 0.9611542233438684635, -0.2760118818968580467, 0.000000000000000000 ) ) ;
#166 = VERTEX_POINT ( 'NONE', #1763 ) ;
#167 = ADVANCED_FACE ( 'NONE', ( #1523 ), #2447, .T. ) ;
#168 = VERTEX_POINT ( 'NONE', #284 ) ;
#169 =( NAMED_UNIT ( * ) SI_UNIT ( $, .STERADIAN. ) SOLID_ANGLE_UNIT ( ) );
#170 = FILL_AREA_STYLE ('',( #368 ) ) ;
#171 = CARTESIAN_POINT ( 'NONE',  ( 7.153333358000001141, 0.7500000000000000000, 2.353333357999999986 ) ) ;
#172 = UNCERTAINTY_MEASURE_WITH_UNIT (LENGTH_MEASURE( 1.000000000000000082E-05 ), #1730, 'distance_accuracy_value', 'NONE');
#173 = FACE_OUTER_BOUND ( 'NONE', #847, .T. ) ;
#174 = DIRECTION ( 'NONE',  ( -0.000000000000000000, -0.000000000000000000, -1.000000000000000000 ) ) ;
#175 = VECTOR ( 'NONE', #1382, 1000.000000000000000 ) ;
#176 = ADVANCED_FACE ( 'NONE', ( #1231 ), #1063, .T. ) ;
#177 = CARTESIAN_POINT ( 'NONE',  ( 4.147887726700903777, 2.839979999999973970, 2.604999999999999538 ) ) ;
#178 = ORIENTED_EDGE ( 'NONE', *, *, #2762, .F. ) ;
#179 = VECTOR ( 'NONE', #2244, 1000.000000000000000 ) ;
#180 = ORIENTED_EDGE ( 'NONE', *, *, #2167, .T. ) ;
#181 = ORIENTED_EDGE ( 'NONE', *, *, #2921, .F. ) ;
#182 = EDGE_CURVE ( 'NONE', #223, #761, #2767, .T. ) ;
#183 = ORIENTED_EDGE ( 'NONE', *, *, #107, .T. ) ;
#184 = FILL_AREA_STYLE_COLOUR ( '', #1582 ) ;
#185 = CARTESIAN_POINT ( 'NONE',  ( -0.08996538428017367139, 0.1572233423686904275, 2.604999999999998650 ) ) ;
#186 = ADVANCED_FACE ( 'NONE', ( #837 ), #43, .F. ) ;
#187 = UNCERTAINTY_MEASURE_WITH_UNIT (LENGTH_MEASURE( 1.000000000000000082E-05 ), #1356, 'distance_accuracy_value', 'NONE');
#188 = CARTESIAN_POINT ( 'NONE',  ( 5.307647249233334641, 3.508804111210706900, 2.604999999999999538 ) ) ;
#189 = CARTESIAN_POINT ( 'NONE',  ( 4.986674379451121908, 3.356876415196010655, 2.600000000000000089 ) ) ;
#190 = VECTOR ( 'NONE', #290, 1000.000000000000114 ) ;
#191 = LINE ( 'NONE', #3051, #1119 ) ;
#192 = PRESENTATION_STYLE_ASSIGNMENT (( #404 ) ) ;
#193 = LINE ( 'NONE', #2820, #2919 ) ;
#194 = CARTESIAN_POINT ( 'NONE',  ( 1.957227316808721307, 3.315383165242611785, 2.600000000000000089 ) ) ;
#195 = LINE ( 'NONE', #828, #443 ) ;
#196 = DIRECTION ( 'NONE',  ( 0.000000000000000000, 0.000000000000000000, -1.000000000000000000 ) ) ;
#197 = ORIENTED_EDGE ( 'NONE', *, *, #1532, .F. ) ;
#198 = STYLED_ITEM ( 'NONE', ( #2367 ), #2899 ) ;
#199 = ORIENTED_EDGE ( 'NONE', *, *, #2742, .F. ) ;
#200 = EDGE_CURVE ( 'NONE', #1566, #1795, #2730, .T. ) ;
#201 = SURFACE_STYLE_USAGE ( .BOTH. , #3001 ) ;
#202 = AXIS2_PLACEMENT_3D ( 'NONE', #1348, #165, #1839 ) ;
#203 = ADVANCED_FACE ( 'NONE', ( #2976 ), #2233, .F. ) ;
#204 = VECTOR ( 'NONE', #2911, 1000.000000000000114 ) ;
#205 = CARTESIAN_POINT ( 'NONE',  ( 4.630972586903014943, 3.356876415196010655, 2.600000000000000089 ) ) ;
#206 = CARTESIAN_POINT ( 'NONE',  ( 1.584340000000000082, 2.839980000000000171, 2.600000000000000089 ) ) ;
#207 = VECTOR ( 'NONE', #2298, 1000.000000000000000 ) ;
#208 = DIRECTION ( 'NONE',  ( -1.000000000000000000, 0.000000000000000000, 0.000000000000000000 ) ) ;
#209 = DIRECTION ( 'NONE',  ( 0.9610853065513834670, -0.2762517575166416051, 0.000000000000000000 ) ) ;
#210 = APPLICATION_PROTOCOL_DEFINITION ( 'draft international standard', 'automotive_design', 1998, #1800 ) ;
#211 = CARTESIAN_POINT ( 'NONE',  ( 4.699999999999999289, 1.653273178848926620E-16, 0.2466666420000000193 ) ) ;
#213 = ORIENTED_EDGE ( 'NONE', *, *, #807, .T. ) ;
#212 = CARTESIAN_POINT ( 'NONE',  ( 3.700000000000000178, 0.2275680000000002146, 2.600000000000000089 ) ) ;
#214 = ORIENTED_EDGE ( 'NONE', *, *, #694, .T. ) ;
#215 = DIRECTION ( 'NONE',  ( -0.000000000000000000, -0.000000000000000000, -1.000000000000000000 ) ) ;
#216 = UNCERTAINTY_MEASURE_WITH_UNIT (LENGTH_MEASURE( 1.000000000000000082E-05 ), #2894, 'distance_accuracy_value', 'NONE');
#217 = EDGE_CURVE ( 'NONE', #1537, #2539, #2487, .T. ) ;
#218 = PLANE ( 'NONE',  #819 ) ;
#219 = EDGE_CURVE ( 'NONE', #2884, #1725, #2450, .T. ) ;
#220 = DIRECTION ( 'NONE',  ( 1.000000000000000000, 0.000000000000000000, 0.000000000000000000 ) ) ;
#221 = FILL_AREA_STYLE ('',( #1638 ) ) ;
#222 = DIRECTION ( 'NONE',  ( 1.000000000000000000, 0.000000000000000000, 0.000000000000000000 ) ) ;
#223 = VERTEX_POINT ( 'NONE', #2698 ) ;
#225 = ORIENTED_EDGE ( 'NONE', *, *, #257, .F. ) ;
#224 = DIRECTION ( 'NONE',  ( 0.000000000000000000, 0.000000000000000000, 1.000000000000000000 ) ) ;
#226 = VECTOR ( 'NONE', #3032, 1000.000000000000000 ) ;
#227 = VERTEX_POINT ( 'NONE', #2989 ) ;
#228 = CARTESIAN_POINT ( 'NONE',  ( 1.584340000000000082, 2.839980000000000171, 2.604999999999999538 ) ) ;
#229 = LINE ( 'NONE', #1616, #635 ) ;
#230 = FACE_OUTER_BOUND ( 'NONE', #2714, .T. ) ;
#231 = CARTESIAN_POINT ( 'NONE',  ( 3.219745924701091333, 2.839979999999973970, 2.600000000000000089 ) ) ;
#232 = CARTESIAN_POINT ( 'NONE',  ( 7.400000000000000355, 0.000000000000000000, 2.600000000000000089 ) ) ;
#233 = DIRECTION ( 'NONE',  ( 0.2764273280489764617, 0.9610348236706636182, 0.000000000000000000 ) ) ;
#234 = DIRECTION ( 'NONE',  ( 0.000000000000000000, 0.000000000000000000, 1.000000000000000000 ) ) ;
#235 = ADVANCED_FACE ( 'NONE', ( #2031 ), #1354, .F. ) ;
#236 = MECHANICAL_DESIGN_GEOMETRIC_PRESENTATION_REPRESENTATION (  '', ( #1678 ), #1037 ) ;
#237 = CARTESIAN_POINT ( 'NONE',  ( 7.153333358000001141, 0.7500000000000000000, 0.2466666420000000193 ) ) ;
#238 = SURFACE_SIDE_STYLE ('',( #27 ) ) ;
#240 = ORIENTED_EDGE ( 'NONE', *, *, #1813, .T. ) ;
#239 = CARTESIAN_POINT ( 'NONE',  ( 7.400000000000000355, 6.099999999999999645, 0.000000000000000000 ) ) ;
#241 = EDGE_CURVE ( 'NONE', #1570, #1055, #111, .T. ) ;
#242 = AXIS2_PLACEMENT_3D ( 'NONE', #582, #2743, #2710 ) ;
#243 = ORIENTED_EDGE ( 'NONE', *, *, #161, .T. ) ;
#244 =( GEOMETRIC_REPRESENTATION_CONTEXT ( 3 ) GLOBAL_UNCERTAINTY_ASSIGNED_CONTEXT ( ( #2267 ) ) GLOBAL_UNIT_ASSIGNED_CONTEXT ( ( #638, #2490, #592 ) ) REPRESENTATION_CONTEXT ( 'NONE', 'WORKASPACE' ) );
#245 = SURFACE_STYLE_USAGE ( .BOTH. , #2441 ) ;
#246 = LINE ( 'NONE', #2062, #1416 ) ;
#247 = CIRCLE ( 'NONE', #2310, 0.2750000000000000777 ) ;
#248 = LINE ( 'NONE', #2665, #1039 ) ;
#249 = VECTOR ( 'NONE', #2563, 1000.000000000000000 ) ;
#250 = LINE ( 'NONE', #416, #2994 ) ;
#251 = CARTESIAN_POINT ( 'NONE',  ( 4.486048641652518931, 3.668841943181834431, 2.604999999999999538 ) ) ;
#252 = VECTOR ( 'NONE', #989, 1000.000000000000000 ) ;
#253 = CARTESIAN_POINT ( 'NONE',  ( 2.755469624710078946, 2.997671487479804053, 2.600000000000000089 ) ) ;
#254 = ORIENTED_EDGE ( 'NONE', *, *, #1648, .F. ) ;
#255 = AXIS2_PLACEMENT_3D ( 'NONE', #1671, #2833, #234 ) ;
#256 = FILL_AREA_STYLE_COLOUR ( '', #998 ) ;
#257 = EDGE_CURVE ( 'NONE', #2291, #1824, #159, .T. ) ;
#258 = AXIS2_PLACEMENT_3D ( 'NONE', #1427, #1183, #2560 ) ;
#260 = EDGE_LOOP ( 'NONE', ( #93, #864, #2029, #1178 ) ) ;
#259 = PLANE ( 'NONE',  #1443 ) ;
#261 = EDGE_CURVE ( 'NONE', #754, #1760, #2058, .T. ) ;
#262 = ORIENTED_EDGE ( 'NONE', *, *, #2082, .F. ) ;
#263 = DIRECTION ( 'NONE',  ( -1.000000000000000000, 1.104435275910379625E-13, 0.000000000000000000 ) ) ;
#264 = LINE ( 'NONE', #1726, #1432 ) ;
#265 = SURFACE_STYLE_FILL_AREA ( #743 ) ;
#266 = SURFACE_STYLE_USAGE ( .BOTH. , #2372 ) ;
#267 = DIRECTION ( 'NONE',  ( -0.000000000000000000, -0.000000000000000000, -1.000000000000000000 ) ) ;
#268 = ORIENTED_EDGE ( 'NONE', *, *, #747, .T. ) ;
#269 = PLANE ( 'NONE',  #395 ) ;
#270 = CARTESIAN_POINT ( 'NONE',  ( 6.200000000000001066, -19.00000000000000000, 1.300000000000000044 ) ) ;
#272 = VERTEX_POINT ( 'NONE', #3006 ) ;
#271 = SURFACE_STYLE_USAGE ( .BOTH. , #2377 ) ;
#273 = ORIENTED_EDGE ( 'NONE', *, *, #2440, .T. ) ;
#274 = EDGE_CURVE ( 'NONE', #2272, #1106, #2584, .T. ) ;
#275 = ORIENTED_EDGE ( 'NONE', *, *, #277, .F. ) ;
#276 = PLANE ( 'NONE',  #2210 ) ;
#277 = EDGE_CURVE ( 'NONE', #1816, #2895, #1295, .T. ) ;
#278 = VECTOR ( 'NONE', #716, 1000.000000000000000 ) ;
#279 = FILL_AREA_STYLE_COLOUR ( '', #280 ) ;
#280 = COLOUR_RGB ( '',0.4980392156862745168, 0.4980392156862745168, 0.4980392156862745168 ) ;
#281 = CARTESIAN_POINT ( 'NONE',  ( 4.486048641652518931, 3.668841943181834431, 2.604999999999999538 ) ) ;
#282 = ADVANCED_FACE ( 'NONE', ( #2469 ), #354, .T. ) ;
#283 = CARTESIAN_POINT ( 'NONE',  ( 7.153333358000001141, 0.7500000000000000000, 0.2466666420000000193 ) ) ;
#284 = CARTESIAN_POINT ( 'NONE',  ( 2.474341766525602893, 2.839979999999973970, 2.600000000000000089 ) ) ;
#285 = SURFACE_STYLE_USAGE ( .BOTH. , #1702 ) ;
#286 = ORIENTED_EDGE ( 'NONE', *, *, #2626, .F. ) ;
#287 = LINE ( 'NONE', #2670, #204 ) ;
#288 = CARTESIAN_POINT ( 'NONE',  ( 2.582257197913574664, 3.668841943181834431, 2.604999999999999538 ) ) ;
#289 = VERTEX_POINT ( 'NONE', #2311 ) ;
#290 = DIRECTION ( 'NONE',  ( 0.9999891854650020395, -0.004650693823678666086, 0.000000000000000000 ) ) ;
#291 = DIRECTION ( 'NONE',  ( -1.000000000000000000, 0.000000000000000000, -1.255832623252358938E-16 ) ) ;
#292 = EDGE_CURVE ( 'NONE', #147, #59, #2352, .T. ) ;
#293 = CARTESIAN_POINT ( 'NONE',  ( 3.169872873649988154, 3.203675997412120058, 2.604999999999999538 ) ) ;
#294 = COLOUR_RGB ( '',0.4980392156862745168, 0.4980392156862745168, 0.4980392156862745168 ) ;
#295 = EDGE_CURVE ( 'NONE', #1302, #2426, #1878, .T. ) ;
#296 = VECTOR ( 'NONE', #1769, 1000.000000000000000 ) ;
#297 = CARTESIAN_POINT ( 'NONE',  ( 4.386191646950289069, 3.668841943181834431, 2.604999999999999538 ) ) ;
#298 = ORIENTED_EDGE ( 'NONE', *, *, #402, .F. ) ;
#299 = FACE_OUTER_BOUND ( 'NONE', #1825, .T. ) ;
#300 = SURFACE_STYLE_USAGE ( .BOTH. , #1704 ) ;
#301 = CARTESIAN_POINT ( 'NONE',  ( 2.814166040619630937, 3.203675997412120058, 2.604999999999999538 ) ) ;
#302 = AXIS2_PLACEMENT_3D ( 'NONE', #297, #793, #809 ) ;
#303 =( NAMED_UNIT ( * ) PLANE_ANGLE_UNIT ( ) SI_UNIT ( $, .RADIAN. ) );
#304 = ORIENTED_EDGE ( 'NONE', *, *, #2082, .T. ) ;
#305 = CARTESIAN_POINT ( 'NONE',  ( 0.000000000000000000, 6.599999999999999645, 2.100000000000000089 ) ) ;
#306 = FACE_OUTER_BOUND ( 'NONE', #1083, .T. ) ;
#307 = VERTEX_POINT ( 'NONE', #22 ) ;
#308 = LINE ( 'NONE', #1920, #839 ) ;
#309 = DIRECTION ( 'NONE',  ( -0.6702013163843469901, 0.7421793553560274148, 0.000000000000000000 ) ) ;
#310 = VERTEX_POINT ( 'NONE', #463 ) ;
#311 = EDGE_CURVE ( 'NONE', #2105, #1449, #1369, .T. ) ;
#312 = APPLICATION_CONTEXT ( 'automotive_design' ) ;
#313 = CARTESIAN_POINT ( 'NONE',  ( 3.760847261520990248, 3.668841943181834431, 2.600000000000000089 ) ) ;
#314 = CARTESIAN_POINT ( 'NONE',  ( 3.367280840427302024, 2.839979999999973970, 2.604999999999999538 ) ) ;
#315 = ORIENTED_EDGE ( 'NONE', *, *, #295, .T. ) ;
#316 = PRODUCT_CONTEXT ( 'NONE', #1800, 'mechanical' ) ;
#317 = ORIENTED_EDGE ( 'NONE', *, *, #2292, .T. ) ;
#318 = CARTESIAN_POINT ( 'NONE',  ( 5.351464161512362594, 2.839979999999973970, 2.600000000000000089 ) ) ;
#319 = ORIENTED_EDGE ( 'NONE', *, *, #781, .F. ) ;
#320 = PLANE ( 'NONE',  #888 ) ;
#321 = VECTOR ( 'NONE', #2141, 1000.000000000000000 ) ;
#322 = CARTESIAN_POINT ( 'NONE',  ( 1.822540590363160407, 3.668841943181834431, 2.600000000000000089 ) ) ;
#323 = PLANE ( 'NONE',  #2037 ) ;
#324 = ORIENTED_EDGE ( 'NONE', *, *, #1688, .T. ) ;
#325 = LINE ( 'NONE', #561, #445 ) ;
#326 = LINE ( 'NONE', #1943, #844 ) ;
#327 = ADVANCED_FACE ( 'NONE', ( #2100 ), #2589, .F. ) ;
#328 = DIRECTION ( 'NONE',  ( 0.000000000000000000, 0.000000000000000000, -1.000000000000000000 ) ) ;
#329 = VERTEX_POINT ( 'NONE', #2340 ) ;
#330 = EDGE_CURVE ( 'NONE', #1317, #2379, #250, .T. ) ;
#331 = VERTEX_POINT ( 'NONE', #2324 ) ;
#332 = LINE ( 'NONE', #2968, #542 ) ;
#333 = VERTEX_POINT ( 'NONE', #1620 ) ;
#334 = FACE_OUTER_BOUND ( 'NONE', #2851, .T. ) ;
#335 = VECTOR ( 'NONE', #805, 1000.000000000000000 ) ;
#336 = EDGE_LOOP ( 'NONE', ( #1021, #1884, #1101, #2837 ) ) ;
#337 = VECTOR ( 'NONE', #3010, 1000.000000000000000 ) ;
#338 = DIRECTION ( 'NONE',  ( -0.000000000000000000, 1.000000000000000000, -0.000000000000000000 ) ) ;
#339 = DIRECTION ( 'NONE',  ( -0.000000000000000000, -0.000000000000000000, -1.000000000000000000 ) ) ;
#340 =( GEOMETRIC_REPRESENTATION_CONTEXT ( 3 ) GLOBAL_UNCERTAINTY_ASSIGNED_CONTEXT ( ( #172 ) ) GLOBAL_UNIT_ASSIGNED_CONTEXT ( ( #1730, #797, #2424 ) ) REPRESENTATION_CONTEXT ( 'NONE', 'WORKASPACE' ) );
#341 = DIRECTION ( 'NONE',  ( 0.000000000000000000, -1.000000000000000000, 0.000000000000000000 ) ) ;
#342 = VECTOR ( 'NONE', #2981, 1000.000000000000000 ) ;
#343 = EDGE_CURVE ( 'NONE', #452, #2608, #1398, .T. ) ;
#344 = VERTEX_POINT ( 'NONE', #1198 ) ;
#346 = ORIENTED_EDGE ( 'NONE', *, *, #2343, .T. ) ;
#345 = CARTESIAN_POINT ( 'NONE',  ( 0.000000000000000000, 0.000000000000000000, 0.000000000000000000 ) ) ;
#347 = EDGE_CURVE ( 'NONE', #492, #2331, #2847, .T. ) ;
#348 = VECTOR ( 'NONE', #2502, 1000.000000000000114 ) ;
#349 = SURFACE_STYLE_USAGE ( .BOTH. , #1535 ) ;
#350 = ORIENTED_EDGE ( 'NONE', *, *, #402, .T. ) ;
#351 = LINE ( 'NONE', #1522, #1223 ) ;
#352 = ORIENTED_EDGE ( 'NONE', *, *, #311, .F. ) ;
#353 = LINE ( 'NONE', #1107, #2922 ) ;
#354 = CYLINDRICAL_SURFACE ( 'NONE', #2003, 0.2750000000000000777 ) ;
#355 = SURFACE_STYLE_USAGE ( .BOTH. , #2749 ) ;
#356 = CARTESIAN_POINT ( 'NONE',  ( 2.195319536139833438, 3.290029539475469722, 2.604999999999999538 ) ) ;
#357 = VERTEX_POINT ( 'NONE', #2576 ) ;
#358 = CARTESIAN_POINT ( 'NONE',  ( 3.579157512192174373, 3.577894001539488666, 2.604999999999999538 ) ) ;
#359 = DIRECTION ( 'NONE',  ( 0.000000000000000000, 0.000000000000000000, -1.000000000000000000 ) ) ;
#360 = ORIENTED_EDGE ( 'NONE', *, *, #1172, .T. ) ;
#361 = ORIENTED_EDGE ( 'NONE', *, *, #1567, .F. ) ;
#362 = CARTESIAN_POINT ( 'NONE',  ( 3.214944866010176039, 2.997671487479804053, 2.604999999999999538 ) ) ;
#363 = ORIENTED_EDGE ( 'NONE', *, *, #257, .T. ) ;
#364 = EDGE_CURVE ( 'NONE', #2050, #1179, #191, .T. ) ;
#365 = CARTESIAN_POINT ( 'NONE',  ( 3.214944866010176039, 2.997671487479804053, 2.604999999999999538 ) ) ;
#366 = LINE ( 'NONE', #1996, #1468 ) ;
#367 = ORIENTED_EDGE ( 'NONE', *, *, #1303, .T. ) ;
#368 = FILL_AREA_STYLE_COLOUR ( '', #1602 ) ;
#369 = VECTOR ( 'NONE', #759, 1000.000000000000114 ) ;
#370 = CARTESIAN_POINT ( 'NONE',  ( 0.5000000000000000000, 6.599999999999999645, 0.5000000000000000000 ) ) ;
#371 = DIRECTION ( 'NONE',  ( -1.000000000000000000, 0.000000000000000000, 0.000000000000000000 ) ) ;
#372 = VECTOR ( 'NONE', #512, 1000.000000000000000 ) ;
#373 = DIRECTION ( 'NONE',  ( 0.2762033010252004650, 0.9610992334315862085, 0.000000000000000000 ) ) ;
#374 = CARTESIAN_POINT ( 'NONE',  ( 0.5000000000000000000, 6.599999999999999645, 0.5000000000000000000 ) ) ;
#375 = ORIENTED_EDGE ( 'NONE', *, *, #66, .T. ) ;
#376 = VERTEX_POINT ( 'NONE', #1865 ) ;
#377 = PRODUCT_DEFINITION_CONTEXT ( 'detailed design', #312, 'design' ) ;
#378 = LINE ( 'NONE', #2482, #1086 ) ;
#379 = VECTOR ( 'NONE', #1130, 1000.000000000000227 ) ;
#380 = EDGE_CURVE ( 'NONE', #2321, #1390, #1607, .T. ) ;
#381 = EDGE_LOOP ( 'NONE', ( #2123, #2250, #584, #1658, #2088, #1362, #243, #1649, #3029, #2485, #1692 ) ) ;
#382 = LINE ( 'NONE', #2681, #1054 ) ;
#383 = VECTOR ( 'NONE', #1243, 1000.000000000000114 ) ;
#384 = EDGE_CURVE ( 'NONE', #376, #662, #432, .T. ) ;
#385 = CARTESIAN_POINT ( 'NONE',  ( 0.000000000000000000, 0.000000000000000000, 2.600000000000000089 ) ) ;
#386 = UNCERTAINTY_MEASURE_WITH_UNIT (LENGTH_MEASURE( 1.000000000000000082E-05 ), #2977, 'distance_accuracy_value', 'NONE');
#387 = COLOUR_RGB ( '',0.7921568627450980005, 0.8196078431372548767, 0.9333333333333333481 ) ;
#388 = LINE ( 'NONE', #1791, #1150 ) ;
#389 = LINE ( 'NONE', #1372, #1831 ) ;
#390 = LINE ( 'NONE', #1112, #1046 ) ;
#391 = VECTOR ( 'NONE', #976, 1000.000000000000000 ) ;
#392 = ORIENTED_EDGE ( 'NONE', *, *, #2689, .F. ) ;
#393 = EDGE_LOOP ( 'NONE', ( #2158, #642, #855, #794 ) ) ;
#394 = VECTOR ( 'NONE', #1098, 1000.000000000000000 ) ;
#395 = AXIS2_PLACEMENT_3D ( 'NONE', #2215, #1251, #96 ) ;
#396 = VERTEX_POINT ( 'NONE', #2084 ) ;
#397 = DIRECTION ( 'NONE',  ( 0.2729786930694848013, 0.9620200793798828753, 0.000000000000000000 ) ) ;
#398 = AXIS2_PLACEMENT_3D ( 'NONE', #891, #1837, #2519 ) ;
#399 =( NAMED_UNIT ( * ) PLANE_ANGLE_UNIT ( ) SI_UNIT ( $, .RADIAN. ) );
#400 = PRESENTATION_LAYER_ASSIGNMENT (  '', '', ( #156 ) ) ;
#401 = FACE_OUTER_BOUND ( 'NONE', #2965, .T. ) ;
#402 = EDGE_CURVE ( 'NONE', #2449, #2331, #447, .T. ) ;
#403 = PRESENTATION_STYLE_ASSIGNMENT (( #620 ) ) ;
#404 = SURFACE_STYLE_USAGE ( .BOTH. , #127 ) ;
#405 = DIRECTION ( 'NONE',  ( 1.000000000000000000, 0.000000000000000000, 0.000000000000000000 ) ) ;
#406 = EDGE_CURVE ( 'NONE', #1256, #1760, #1167, .T. ) ;
#407 = ORIENTED_EDGE ( 'NONE', *, *, #2786, .T. ) ;
#408 = DIRECTION ( 'NONE',  ( -1.000000000000000000, -5.694109626320597938E-16, 0.000000000000000000 ) ) ;
#409 = LINE ( 'NONE', #2249, #1976 ) ;
#410 = EDGE_LOOP ( 'NONE', ( #723, #2122 ) ) ;
#411 = ORIENTED_EDGE ( 'NONE', *, *, #1058, .T. ) ;
#412 = FACE_OUTER_BOUND ( 'NONE', #566, .T. ) ;
#413 = SURFACE_STYLE_FILL_AREA ( #3018 ) ;
#414 = LINE ( 'NONE', #2813, #1572 ) ;
#415 = FACE_OUTER_BOUND ( 'NONE', #2019, .T. ) ;
#416 = CARTESIAN_POINT ( 'NONE',  ( 0.5000000000000000000, 6.599999999999999645, 2.600000000000000089 ) ) ;
#417 = CARTESIAN_POINT ( 'NONE',  ( 2.755469624710078946, 2.997671487479804053, 2.604999999999999538 ) ) ;
#418 = FACE_OUTER_BOUND ( 'NONE', #1233, .T. ) ;
#419 = ORIENTED_EDGE ( 'NONE', *, *, #763, .F. ) ;
#420 = CARTESIAN_POINT ( 'NONE',  ( 4.386191646950289069, 3.668841943181834431, 2.600000000000000089 ) ) ;
#421 = VECTOR ( 'NONE', #1137, 1000.000000000000114 ) ;
#422 = DIRECTION ( 'NONE',  ( -0.2760118818968580467, -0.9611542233438683525, 0.000000000000000000 ) ) ;
#423 = CARTESIAN_POINT ( 'NONE',  ( 4.528454218233457951, 2.997701730371300499, 2.600000000000000089 ) ) ;
#424 = EDGE_CURVE ( 'NONE', #2050, #1216, #2211, .T. ) ;
#425 = VECTOR ( 'NONE', #3003, 1000.000000000000000 ) ;
#426 = ORIENTED_EDGE ( 'NONE', *, *, #1072, .T. ) ;
#427 = EDGE_CURVE ( 'NONE', #2241, #1069, #2650, .T. ) ;
#428 = ORIENTED_EDGE ( 'NONE', *, *, #1342, .F. ) ;
#429 = CARTESIAN_POINT ( 'NONE',  ( 5.543703114394860521, 3.508804111208644994, 2.604999999999999538 ) ) ;
#430 = FILL_AREA_STYLE_COLOUR ( '', #2128 ) ;
#431 = DIRECTION ( 'NONE',  ( 0.000000000000000000, 0.000000000000000000, 1.000000000000000000 ) ) ;
#432 = LINE ( 'NONE', #2531, #421 ) ;
#433 = CARTESIAN_POINT ( 'NONE',  ( 1.584340000000000082, 2.839980000000000171, 2.604999999999999538 ) ) ;
#434 = CARTESIAN_POINT ( 'NONE',  ( 3.407864284002566357, 3.668841943181834431, 2.604999999999999538 ) ) ;
#435 = DIRECTION ( 'NONE',  ( 0.9999999968487351953, -7.938847109813994231E-05, 0.000000000000000000 ) ) ;
#437 = EDGE_LOOP ( 'NONE', ( #1888, #1595, #879, #72 ) ) ;
#436 = LINE ( 'NONE', #1436, #2764 ) ;
#438 = ADVANCED_FACE ( 'NONE', ( #2603 ), #1922, .T. ) ;
#439 =( GEOMETRIC_REPRESENTATION_CONTEXT ( 3 ) GLOBAL_UNCERTAINTY_ASSIGNED_CONTEXT ( ( #136 ) ) GLOBAL_UNIT_ASSIGNED_CONTEXT ( ( #2248, #2787, #670 ) ) REPRESENTATION_CONTEXT ( 'NONE', 'WORKASPACE' ) );
#440 = EDGE_LOOP ( 'NONE', ( #3042, #1067, #1951, #262, #1352, #363, #1340, #552 ) ) ;
#441 = PLANE ( 'NONE',  #1635 ) ;
#442 = ADVANCED_FACE ( 'NONE', ( #983 ), #2892, .F. ) ;
#443 = VECTOR ( 'NONE', #2474, 1000.000000000000000 ) ;
#444 =( NAMED_UNIT ( * ) SI_UNIT ( $, .STERADIAN. ) SOLID_ANGLE_UNIT ( ) );
#445 = VECTOR ( 'NONE', #795, 1000.000000000000000 ) ;
#446 = CARTESIAN_POINT ( 'NONE',  ( 4.630972586903014943, 3.356876415196010655, 2.604999999999999538 ) ) ;
#447 = LINE ( 'NONE', #3023, #1413 ) ;
#448 = VECTOR ( 'NONE', #960, 1000.000000000000000 ) ;
#449 = DIRECTION ( 'NONE',  ( 0.000000000000000000, 0.000000000000000000, -1.000000000000000000 ) ) ;
#450 = PRESENTATION_STYLE_ASSIGNMENT (( #1461 ) ) ;
#451 = DIRECTION ( 'NONE',  ( -1.000000000000000000, -1.002616505299178997E-15, 0.000000000000000000 ) ) ;
#452 = VERTEX_POINT ( 'NONE', #322 ) ;
#453 = DIRECTION ( 'NONE',  ( 0.2762033010290175228, 0.9610992334304890861, 0.000000000000000000 ) ) ;
#455 = VERTEX_POINT ( 'NONE', #1213 ) ;
#454 = CARTESIAN_POINT ( 'NONE',  ( 1.200000000000000178, 0.7500000000000000000, 1.574999999999999956 ) ) ;
#456 = EDGE_CURVE ( 'NONE', #2072, #2403, #543, .T. ) ;
#457 = EDGE_LOOP ( 'NONE', ( #1961, #1750, #1925, #1116, #1285, #2931, #2725, #2616 ) ) ;
#458 = PLANE ( 'NONE',  #1129 ) ;
#459 = DIRECTION ( 'NONE',  ( 0.9610029908221278117, -0.2765379750249963298, 0.000000000000000000 ) ) ;
#460 = CARTESIAN_POINT ( 'NONE',  ( 4.873868386490510574, 2.839979999999973970, 2.604999999999999538 ) ) ;
#461 = EDGE_CURVE ( 'NONE', #2007, #2949, #1274, .T. ) ;
#462 = DIRECTION ( 'NONE',  ( -0.6702013163843469901, -0.7421793553560274148, -0.000000000000000000 ) ) ;
#463 = CARTESIAN_POINT ( 'NONE',  ( 4.630972586903014943, 3.356876415196010655, 2.600000000000000089 ) ) ;
#464 = CARTESIAN_POINT ( 'NONE',  ( 5.055663460132759468, 3.509976023336028650, 2.600000000000000089 ) ) ;
#465 =( LENGTH_UNIT ( ) NAMED_UNIT ( * ) SI_UNIT ( .MILLI., .METRE. ) );
#466 = LINE ( 'NONE', #1371, #1792 ) ;
#467 = ORIENTED_EDGE ( 'NONE', *, *, #2868, .T. ) ;
#468 = LINE ( 'NONE', #942, #1647 ) ;
#469 = DIRECTION ( 'NONE',  ( 0.000000000000000000, 0.000000000000000000, -1.000000000000000000 ) ) ;
#471 = ORIENTED_EDGE ( 'NONE', *, *, #2786, .F. ) ;
#470 = PLANE ( 'NONE',  #645 ) ;
#472 = VECTOR ( 'NONE', #1787, 1000.000000000000000 ) ;
#473 = PRESENTATION_STYLE_ASSIGNMENT (( #2582 ) ) ;
#474 = AXIS2_PLACEMENT_3D ( 'NONE', #806, #1752, #3049 ) ;
#475 = EDGE_LOOP ( 'NONE', ( #2282, #2071, #508, #273 ) ) ;
#476 = LINE ( 'NONE', #2810, #1476 ) ;
#477 = FACE_OUTER_BOUND ( 'NONE', #381, .T. ) ;
#478 = DIRECTION ( 'NONE',  ( 0.000000000000000000, 0.000000000000000000, -1.000000000000000000 ) ) ;
#479 = PLANE ( 'NONE',  #258 ) ;
#480 = EDGE_CURVE ( 'NONE', #1510, #754, #1965, .T. ) ;
#481 = CARTESIAN_POINT ( 'NONE',  ( 4.942907871994606239, 3.203675997410458276, 2.604999999999999538 ) ) ;
#482 = CARTESIAN_POINT ( 'NONE',  ( 0.000000000000000000, 0.000000000000000000, 2.600000000000000089 ) ) ;
#483 =( NAMED_UNIT ( * ) PLANE_ANGLE_UNIT ( ) SI_UNIT ( $, .RADIAN. ) );
#484 = AXIS2_PLACEMENT_3D ( 'NONE', #2094, #1180, #2541 ) ;
#485 = FACE_OUTER_BOUND ( 'NONE', #2659, .T. ) ;
#486 = ADVANCED_FACE ( 'NONE', ( #1118 ), #1783, .F. ) ;
#487 = SURFACE_STYLE_FILL_AREA ( #12 ) ;
#488 = LINE ( 'NONE', #1434, #1539 ) ;
#490 = ORIENTED_EDGE ( 'NONE', *, *, #2607, .F. ) ;
#489 = CARTESIAN_POINT ( 'NONE',  ( 4.147887726700903777, 2.839979999999973970, 2.600000000000000089 ) ) ;
#491 = VECTOR ( 'NONE', #773, 1000.000000000000227 ) ;
#492 = VERTEX_POINT ( 'NONE', #2512 ) ;
#493 = AXIS2_PLACEMENT_3D ( 'NONE', #1111, #1549, #408 ) ;
#494 = DIRECTION ( 'NONE',  ( 0.000000000000000000, 0.000000000000000000, -1.000000000000000000 ) ) ;
#495 = DIRECTION ( 'NONE',  ( 1.104435275910379625E-13, 1.000000000000000000, -0.000000000000000000 ) ) ;
#496 = VECTOR ( 'NONE', #339, 1000.000000000000000 ) ;
#497 = CARTESIAN_POINT ( 'NONE',  ( 1.949023931268476728, 3.290029539475463949, 2.604999999999999538 ) ) ;
#498 = COLOUR_RGB ( '',0.4980392156862745168, 0.4980392156862745168, 0.4980392156862745168 ) ;
#499 = PLANE ( 'NONE',  #151 ) ;
#500 = VECTOR ( 'NONE', #2423, 1000.000000000000000 ) ;
#501 = LINE ( 'NONE', #2389, #1744 ) ;
#502 = ORIENTED_EDGE ( 'NONE', *, *, #2533, .F. ) ;
#503 = AXIS2_PLACEMENT_3D ( 'NONE', #924, #209, #1868 ) ;
#504 = FILL_AREA_STYLE_COLOUR ( '', #1696 ) ;
#505 =( NAMED_UNIT ( * ) SI_UNIT ( $, .STERADIAN. ) SOLID_ANGLE_UNIT ( ) );
#506 = EDGE_CURVE ( 'NONE', #708, #646, #366, .T. ) ;
#508 = ORIENTED_EDGE ( 'NONE', *, *, #2514, .F. ) ;
#507 = FILL_AREA_STYLE_COLOUR ( '', #2363 ) ;
#509 = VERTEX_POINT ( 'NONE', #2044 ) ;
#510 = EDGE_CURVE ( 'NONE', #2203, #708, #818, .T. ) ;
#511 = VERTEX_POINT ( 'NONE', #1765 ) ;
#512 = DIRECTION ( 'NONE',  ( 1.000000000000000000, 0.000000000000000000, 0.000000000000000000 ) ) ;
#513 = LINE ( 'NONE', #2875, #92 ) ;
#514 = FILL_AREA_STYLE ('',( #2666 ) ) ;
#515 = DIRECTION ( 'NONE',  ( 1.000000000000000000, -1.104435275910379499E-13, 0.000000000000000000 ) ) ;
#516 = CARTESIAN_POINT ( 'NONE',  ( 3.169872873649988154, 3.203675997412120058, 2.604999999999999538 ) ) ;
#517 = ORIENTED_EDGE ( 'NONE', *, *, #311, .T. ) ;
#518 =( NAMED_UNIT ( * ) PLANE_ANGLE_UNIT ( ) SI_UNIT ( $, .RADIAN. ) );
#519 = PLANE ( 'NONE',  #2967 ) ;
#520 = LINE ( 'NONE', #301, #547 ) ;
#521 = CARTESIAN_POINT ( 'NONE',  ( 2.474341766525602893, 2.839979999999973970, 2.604999999999999538 ) ) ;
#522 = EDGE_CURVE ( 'NONE', #529, #2203, #351, .T. ) ;
#523 = ORIENTED_EDGE ( 'NONE', *, *, #595, .F. ) ;
#524 = ADVANCED_FACE ( 'NONE', ( #1307 ), #108, .F. ) ;
#525 = MECHANICAL_DESIGN_GEOMETRIC_PRESENTATION_REPRESENTATION (  '', ( #125 ), #926 ) ;
#526 =( LENGTH_UNIT ( ) NAMED_UNIT ( * ) SI_UNIT ( .MILLI., .METRE. ) );
#527 = STYLED_ITEM ( 'NONE', ( #699 ), #709 ) ;
#528 = CARTESIAN_POINT ( 'NONE',  ( 1.584340000000000082, 2.839980000000000171, 2.600000000000000089 ) ) ;
#529 = VERTEX_POINT ( 'NONE', #1291 ) ;
#530 = DIRECTION ( 'NONE',  ( 1.000000000000000000, 0.000000000000000000, 0.000000000000000000 ) ) ;
#531 = LINE ( 'NONE', #1480, #496 ) ;
#532 = FACE_OUTER_BOUND ( 'NONE', #1772, .T. ) ;
#533 = ORIENTED_EDGE ( 'NONE', *, *, #1076, .F. ) ;
#534 = EDGE_LOOP ( 'NONE', ( #2395, #2020, #150, #411 ) ) ;
#535 = LINE ( 'NONE', #1209, #2596 ) ;
#536 = STYLED_ITEM ( 'NONE', ( #2527 ), #2804 ) ;
#537 = DIRECTION ( 'NONE',  ( -0.000000000000000000, -0.000000000000000000, -1.000000000000000000 ) ) ;
#538 = VECTOR ( 'NONE', #215, 1000.000000000000000 ) ;
#539 = VERTEX_POINT ( 'NONE', #139 ) ;
#540 = EDGE_CURVE ( 'NONE', #1566, #289, #583, .T. ) ;
#541 = LINE ( 'NONE', #49, #688 ) ;
#542 = VECTOR ( 'NONE', #2480, 1000.000000000000227 ) ;
#543 = LINE ( 'NONE', #37, #1814 ) ;
#544 = MECHANICAL_DESIGN_GEOMETRIC_PRESENTATION_REPRESENTATION (  '', ( #2814 ), #1489 ) ;
#545 = DIRECTION ( 'NONE',  ( -0.9615454294334482288, 0.2746459304916892830, 0.000000000000000000 ) ) ;
#546 = ORIENTED_EDGE ( 'NONE', *, *, #2575, .T. ) ;
#547 = VECTOR ( 'NONE', #1500, 1000.000000000000000 ) ;
#548 = FACE_OUTER_BOUND ( 'NONE', #637, .T. ) ;
#549 = CARTESIAN_POINT ( 'NONE',  ( 4.587256484269100376, 3.203675997410458276, 2.600000000000000089 ) ) ;
#550 = MECHANICAL_DESIGN_GEOMETRIC_PRESENTATION_REPRESENTATION (  '', ( #2517 ), #1299 ) ;
#551 = MECHANICAL_DESIGN_GEOMETRIC_PRESENTATION_REPRESENTATION (  '', ( #156 ), #13 ) ;
#552 = ORIENTED_EDGE ( 'NONE', *, *, #2499, .T. ) ;
#553 = DIRECTION ( 'NONE',  ( -1.000000000000000000, 0.000000000000000000, 0.000000000000000000 ) ) ;
#554 = ORIENTED_EDGE ( 'NONE', *, *, #138, .F. ) ;
#555 = DIRECTION ( 'NONE',  ( -0.2732148821746286371, -0.9619530280415482526, 0.000000000000000000 ) ) ;
#556 = EDGE_CURVE ( 'NONE', #2105, #1988, #2464, .T. ) ;
#557 = SURFACE_STYLE_USAGE ( .BOTH. , #1002 ) ;
#558 = EDGE_LOOP ( 'NONE', ( #820, #1206, #2466, #617, #1239, #897, #1248, #779 ) ) ;
#559 = ORIENTED_EDGE ( 'NONE', *, *, #556, .T. ) ;
#560 = EDGE_CURVE ( 'NONE', #2403, #1302, #1105, .T. ) ;
#561 = CARTESIAN_POINT ( 'NONE',  ( 2.905498000000000580, 0.2275680000000001035, 0.000000000000000000 ) ) ;
#562 = CARTESIAN_POINT ( 'NONE',  ( 1.200000000000000178, -19.00000000000000000, 1.300000000000000044 ) ) ;
#563 = LINE ( 'NONE', #314, #698 ) ;
#564 = ORIENTED_EDGE ( 'NONE', *, *, #1376, .T. ) ;
#565 = ORIENTED_EDGE ( 'NONE', *, *, #2741, .T. ) ;
#566 = EDGE_LOOP ( 'NONE', ( #1004, #2791, #392, #2258 ) ) ;
#567 = CARTESIAN_POINT ( 'NONE',  ( 3.760847261520990248, 3.668841943181834431, 2.604999999999999538 ) ) ;
#568 = VERTEX_POINT ( 'NONE', #2446 ) ;
#569 = CARTESIAN_POINT ( 'NONE',  ( 2.857882143254554919, 3.356904137849748615, 2.604999999999999538 ) ) ;
#570 = DIRECTION ( 'NONE',  ( -0.9999960426590095430, 0.002813301676021314271, 0.000000000000000000 ) ) ;
#571 = MECHANICAL_DESIGN_GEOMETRIC_PRESENTATION_REPRESENTATION (  '', ( #130 ), #1270 ) ;
#572 =( LENGTH_UNIT ( ) NAMED_UNIT ( * ) SI_UNIT ( .MILLI., .METRE. ) );
#573 = EDGE_CURVE ( 'NONE', #357, #2806, #2986, .T. ) ;
#574 = CARTESIAN_POINT ( 'NONE',  ( 3.325190293987488221, 3.668841943181834431, 2.604999999999999538 ) ) ;
#575 = PRESENTATION_STYLE_ASSIGNMENT (( #300 ) ) ;
#576 = EDGE_CURVE ( 'NONE', #2476, #1308, #872, .T. ) ;
#577 = ORIENTED_EDGE ( 'NONE', *, *, #3038, .T. ) ;
#578 = FILL_AREA_STYLE ('',( #812 ) ) ;
#579 = ORIENTED_EDGE ( 'NONE', *, *, #3002, .F. ) ;
#580 = VECTOR ( 'NONE', #1584, 1000.000000000000114 ) ;
#581 = SURFACE_STYLE_FILL_AREA ( #2932 ) ;
#582 = CARTESIAN_POINT ( 'NONE',  ( 0.000000000000000000, 6.099999999999999645, 0.5000000000000000000 ) ) ;
#583 = LINE ( 'NONE', #1815, #179 ) ;
#584 = ORIENTED_EDGE ( 'NONE', *, *, #2629, .T. ) ;
#585 = CARTESIAN_POINT ( 'NONE',  ( 7.192893218813452449, 6.599999999999998757, 2.392893218813452183 ) ) ;
#586 = COLOUR_RGB ( '',0.7921568627450980005, 0.8196078431372548767, 0.9333333333333333481 ) ;
#587 = CARTESIAN_POINT ( 'NONE',  ( 1.200000000000000178, 0.7500000000000000000, 1.300000000000000044 ) ) ;
#588 = LINE ( 'NONE', #482, #1440 ) ;
#589 = ADVANCED_FACE ( 'NONE', ( #2498, #334, #2744 ), #2008, .T. ) ;
#590 = AXIS2_PLACEMENT_3D ( 'NONE', #1018, #810, #1297 ) ;
#591 = LINE ( 'NONE', #2035, #1887 ) ;
#592 =( NAMED_UNIT ( * ) SI_UNIT ( $, .STERADIAN. ) SOLID_ANGLE_UNIT ( ) );
#593 = AXIS2_PLACEMENT_3D ( 'NONE', #417, #1370, #2297 ) ;
#594 = CARTESIAN_POINT ( 'NONE',  ( 4.918622828469700003, 2.997701730371300499, 2.604999999999999538 ) ) ;
#595 = EDGE_CURVE ( 'NONE', #357, #115, #246, .T. ) ;
#596 = VERTEX_POINT ( 'NONE', #460 ) ;
#597 = COLOUR_RGB ( '',0.4980392156862745168, 0.4980392156862745168, 0.4980392156862745168 ) ;
#598 = ORIENTED_EDGE ( 'NONE', *, *, #2901, .T. ) ;
#599 = VERTEX_POINT ( 'NONE', #188 ) ;
#600 = COLOUR_RGB ( '',0.7921568627450980005, 0.8196078431372548767, 0.9333333333333333481 ) ;
#601 = ORIENTED_EDGE ( 'NONE', *, *, #1452, .T. ) ;
#602 = CARTESIAN_POINT ( 'NONE',  ( 5.770637865296988522, 3.508786095205675082, 2.604999999999999538 ) ) ;
#603 = CARTESIAN_POINT ( 'NONE',  ( 4.486048641652518931, 3.668841943181834431, 2.600000000000000089 ) ) ;
#604 = ORIENTED_EDGE ( 'NONE', *, *, #788, .T. ) ;
#605 = CARTESIAN_POINT ( 'NONE',  ( 7.400000000000000355, 0.000000000000000000, 2.600000000000000089 ) ) ;
#606 = CARTESIAN_POINT ( 'NONE',  ( 4.918622828469700003, 2.997701730371300499, 2.604999999999999538 ) ) ;
#607 = PRESENTATION_STYLE_ASSIGNMENT (( #355 ) ) ;
#608 =( NAMED_UNIT ( * ) PLANE_ANGLE_UNIT ( ) SI_UNIT ( $, .RADIAN. ) );
#609 = CARTESIAN_POINT ( 'NONE',  ( 2.195319536139833438, 3.290029539475469722, 2.600000000000000089 ) ) ;
#610 = CARTESIAN_POINT ( 'NONE',  ( 0.2071067811865475727, 6.599999999999998757, 2.392893218813452183 ) ) ;
#611 = ORIENTED_EDGE ( 'NONE', *, *, #2549, .F. ) ;
#612 = ORIENTED_EDGE ( 'NONE', *, *, #1751, .T. ) ;
#613 = EDGE_CURVE ( 'NONE', #115, #802, #2097, .T. ) ;
#614 =( NAMED_UNIT ( * ) SI_UNIT ( $, .STERADIAN. ) SOLID_ANGLE_UNIT ( ) );
#615 = EDGE_CURVE ( 'NONE', #625, #2055, #680, .T. ) ;
#616 = AXIS2_PLACEMENT_3D ( 'NONE', #2620, #64, #2169 ) ;
#617 = ORIENTED_EDGE ( 'NONE', *, *, #1705, .F. ) ;
#618 = CARTESIAN_POINT ( 'NONE',  ( 0.000000000000000000, 0.000000000000000000, 2.600000000000000089 ) ) ;
#619 = VECTOR ( 'NONE', #537, 1000.000000000000000 ) ;
#620 = SURFACE_STYLE_USAGE ( .BOTH. , #2748 ) ;
#621 = SURFACE_STYLE_FILL_AREA ( #2733 ) ;
#622 = CARTESIAN_POINT ( 'NONE',  ( 7.153333358000001141, 0.000000000000000000, 2.353333357999999986 ) ) ;
#623 = FACE_OUTER_BOUND ( 'NONE', #2500, .T. ) ;
#624 = ORIENTED_EDGE ( 'NONE', *, *, #1355, .F. ) ;
#625 = VERTEX_POINT ( 'NONE', #1134 ) ;
#626 = ORIENTED_EDGE ( 'NONE', *, *, #1532, .T. ) ;
#627 = UNCERTAINTY_MEASURE_WITH_UNIT (LENGTH_MEASURE( 1.000000000000000082E-05 ), #2657, 'distance_accuracy_value', 'NONE');
#628 = CARTESIAN_POINT ( 'NONE',  ( 3.280380406702288365, 3.511072328228547867, 2.604999999999999538 ) ) ;
#629 = ADVANCED_FACE ( 'NONE', ( #2574 ), #3020, .F. ) ;
#630 = ORIENTED_EDGE ( 'NONE', *, *, #2741, .F. ) ;
#631 = DIRECTION ( 'NONE',  ( -0.3829140317376762970, 0.9237839814038765196, 0.000000000000000000 ) ) ;
#632 =( GEOMETRIC_REPRESENTATION_CONTEXT ( 3 ) GLOBAL_UNCERTAINTY_ASSIGNED_CONTEXT ( ( #2079 ) ) GLOBAL_UNIT_ASSIGNED_CONTEXT ( ( #701, #1409, #652 ) ) REPRESENTATION_CONTEXT ( 'NONE', 'WORKASPACE' ) );
#633 = DIRECTION ( 'NONE',  ( -0.000000000000000000, -0.000000000000000000, -1.000000000000000000 ) ) ;
#634 = UNCERTAINTY_MEASURE_WITH_UNIT (LENGTH_MEASURE( 1.000000000000000082E-05 ), #690, 'distance_accuracy_value', 'NONE');
#635 = VECTOR ( 'NONE', #1181, 1000.000000000000000 ) ;
#636 = SURFACE_SIDE_STYLE ('',( #621 ) ) ;
#637 = EDGE_LOOP ( 'NONE', ( #2024, #1075, #1646, #1485 ) ) ;
#638 =( LENGTH_UNIT ( ) NAMED_UNIT ( * ) SI_UNIT ( .MILLI., .METRE. ) );
#639 = DIRECTION ( 'NONE',  ( 0.000000000000000000, 0.000000000000000000, -1.000000000000000000 ) ) ;
#640 = AXIS2_PLACEMENT_3D ( 'NONE', #362, #2775, #196 ) ;
#641 = EDGE_LOOP ( 'NONE', ( #2409, #2148, #769, #2042 ) ) ;
#642 = ORIENTED_EDGE ( 'NONE', *, *, #2306, .F. ) ;
#643 = EDGE_LOOP ( 'NONE', ( #857, #2496, #1177, #1305 ) ) ;
#644 = AXIS2_PLACEMENT_3D ( 'NONE', #171, #2065, #2048 ) ;
#645 = AXIS2_PLACEMENT_3D ( 'NONE', #691, #720, #946 ) ;
#646 = VERTEX_POINT ( 'NONE', #2348 ) ;
#647 = CARTESIAN_POINT ( 'NONE',  ( 2.700000000000000622, 1.653273178848926620E-16, 2.600000000000000089 ) ) ;
#648 = CARTESIAN_POINT ( 'NONE',  ( 6.200000000000001066, 0.7500000000000006661, 1.574999999999999956 ) ) ;
#649 = COLOUR_RGB ( '',0.8980392156862745390, 0.9215686274509803377, 0.9294117647058823817 ) ;
#650 = LINE ( 'NONE', #2529, #1121 ) ;
#651 = AXIS2_PLACEMENT_3D ( 'NONE', #2486, #2957, #887 ) ;
#652 =( NAMED_UNIT ( * ) SI_UNIT ( $, .STERADIAN. ) SOLID_ANGLE_UNIT ( ) );
#653 = EDGE_CURVE ( 'NONE', #1760, #754, #2845, .T. ) ;
#654 = FILL_AREA_STYLE ('',( #1817 ) ) ;
#655 = DIRECTION ( 'NONE',  ( 0.000000000000000000, 1.000000000000000000, 0.000000000000000000 ) ) ;
#656 = DIRECTION ( 'NONE',  ( -0.3725077383643966566, 0.9280290862137037244, 0.000000000000000000 ) ) ;
#657 = PLANE ( 'NONE',  #1089 ) ;
#658 = EDGE_CURVE ( 'NONE', #1483, #708, #1182, .T. ) ;
#659 = DIRECTION ( 'NONE',  ( 0.9999891854650020395, -0.004650693823678666086, 0.000000000000000000 ) ) ;
#660 = DIRECTION ( 'NONE',  ( 0.2759782365590697228, 0.9611638845408966292, 0.000000000000000000 ) ) ;
#661 = ORIENTED_EDGE ( 'NONE', *, *, #1723, .T. ) ;
#662 = VERTEX_POINT ( 'NONE', #885 ) ;
#663 = EDGE_LOOP ( 'NONE', ( #965, #163, #2056, #992 ) ) ;
#664 = FACE_OUTER_BOUND ( 'NONE', #1691, .T. ) ;
#665 = CARTESIAN_POINT ( 'NONE',  ( 4.699999999999999289, 1.653273178848926620E-16, 0.000000000000000000 ) ) ;
#666 = LINE ( 'NONE', #1618, #1136 ) ;
#667 = PLANE ( 'NONE',  #791 ) ;
#668 = EDGE_CURVE ( 'NONE', #344, #1824, #414, .T. ) ;
#669 = LINE ( 'NONE', #1685, #207 ) ;
#670 =( NAMED_UNIT ( * ) SI_UNIT ( $, .STERADIAN. ) SOLID_ANGLE_UNIT ( ) );
#671 = AXIS2_PLACEMENT_3D ( 'NONE', #1329, #1835, #1802 ) ;
#672 = CARTESIAN_POINT ( 'NONE',  ( 4.247638870609963924, 2.839979999999973970, 2.604999999999999538 ) ) ;
#673 = DIRECTION ( 'NONE',  ( 0.2746918797667270429, 0.9615323037684286867, 0.000000000000000000 ) ) ;
#674 = ADVANCED_FACE ( 'NONE', ( #230 ), #2125, .F. ) ;
#675 = MECHANICAL_DESIGN_GEOMETRIC_PRESENTATION_REPRESENTATION (  '', ( #2006 ), #3048 ) ;
#677 = ORIENTED_EDGE ( 'NONE', *, *, #2649, .F. ) ;
#676 = DIRECTION ( 'NONE',  ( -1.000000000000000000, -1.364631143138098188E-16, 0.000000000000000000 ) ) ;
#678 = VERTEX_POINT ( 'NONE', #955 ) ;
#679 = SURFACE_STYLE_FILL_AREA ( #2347 ) ;
#680 = LINE ( 'NONE', #1633, #2061 ) ;
#681 = CARTESIAN_POINT ( 'NONE',  ( 4.942907871994606239, 3.203675997410458276, 2.604999999999999538 ) ) ;
#682 = AXIS2_PLACEMENT_3D ( 'NONE', #2060, #3000, #882 ) ;
#683 = DIRECTION ( 'NONE',  ( 0.000000000000000000, 0.000000000000000000, 1.000000000000000000 ) ) ;
#684 = DIRECTION ( 'NONE',  ( -0.000000000000000000, -0.000000000000000000, -1.000000000000000000 ) ) ;
#685 = DIRECTION ( 'NONE',  ( 0.2793947940814922593, 0.9601763114346033579, 0.000000000000000000 ) ) ;
#686 = LINE ( 'NONE', #253, #856 ) ;
#687 = ORIENTED_EDGE ( 'NONE', *, *, #2724, .F. ) ;
#688 = VECTOR ( 'NONE', #1952, 1000.000000000000000 ) ;
#689 = DIRECTION ( 'NONE',  ( 1.000000000000000000, 0.000000000000000000, 0.000000000000000000 ) ) ;
#690 =( LENGTH_UNIT ( ) NAMED_UNIT ( * ) SI_UNIT ( .MILLI., .METRE. ) );
#692 = ORIENTED_EDGE ( 'NONE', *, *, #1550, .F. ) ;
#691 = CARTESIAN_POINT ( 'NONE',  ( 4.147887726700903777, 2.839979999999973970, 2.604999999999999538 ) ) ;
#693 = AXIS2_PLACEMENT_3D ( 'NONE', #2639, #1986, #2216 ) ;
#694 = EDGE_CURVE ( 'NONE', #455, #1195, #1847, .T. ) ;
#695 = VECTOR ( 'NONE', #1621, 1000.000000000000114 ) ;
#696 = EDGE_LOOP ( 'NONE', ( #1612, #1709 ) ) ;
#697 = AXIS2_PLACEMENT_3D ( 'NONE', #345, #1948, #768 ) ;
#698 = VECTOR ( 'NONE', #1706, 1000.000000000000000 ) ;
#699 = PRESENTATION_STYLE_ASSIGNMENT (( #1665 ) ) ;
#700 = AXIS2_PLACEMENT_3D ( 'NONE', #915, #1674, #706 ) ;
#701 =( LENGTH_UNIT ( ) NAMED_UNIT ( * ) SI_UNIT ( .MILLI., .METRE. ) );
#702 = CARTESIAN_POINT ( 'NONE',  ( 2.058546050702503294, 3.668841943181834431, 2.604999999999999538 ) ) ;
#703 = VECTOR ( 'NONE', #309, 1000.000000000000114 ) ;
#704 = LINE ( 'NONE', #1655, #249 ) ;
#705 = PLANE ( 'NONE',  #2317 ) ;
#707 = ORIENTED_EDGE ( 'NONE', *, *, #2689, .T. ) ;
#706 = DIRECTION ( 'NONE',  ( -0.2755520632520602198, -0.9612861490927312458, 0.000000000000000000 ) ) ;
#708 = VERTEX_POINT ( 'NONE', #2829 ) ;
#709 = ADVANCED_FACE ( 'NONE', ( #2307 ), #218, .F. ) ;
#710 = PRESENTATION_STYLE_ASSIGNMENT (( #1378 ) ) ;
#711 = PRESENTATION_STYLE_ASSIGNMENT (( #2827 ) ) ;
#712 = UNCERTAINTY_MEASURE_WITH_UNIT (LENGTH_MEASURE( 1.000000000000000082E-05 ), #1120, 'distance_accuracy_value', 'NONE');
#713 = CARTESIAN_POINT ( 'NONE',  ( 0.2466666420000000193, 0.7500000000000000000, 0.2466666420000000193 ) ) ;
#714 = EDGE_CURVE ( 'NONE', #2756, #1375, #650, .T. ) ;
#715 = LINE ( 'NONE', #205, #2807 ) ;
#716 = DIRECTION ( 'NONE',  ( -0.000000000000000000, -0.000000000000000000, -1.000000000000000000 ) ) ;
#717 = CARTESIAN_POINT ( 'NONE',  ( 7.153333358000001141, 0.7500000000000000000, 2.353333357999999986 ) ) ;
#718 = CARTESIAN_POINT ( 'NONE',  ( 4.022658435990103420, 3.668841943181834431, 2.604999999999999538 ) ) ;
#719 = FILL_AREA_STYLE_COLOUR ( '', #1931 ) ;
#721 = EDGE_LOOP ( 'NONE', ( #1441, #1520, #1933, #624 ) ) ;
#720 = DIRECTION ( 'NONE',  ( -0.9610674221107073922, 0.2763139702539113562, 0.000000000000000000 ) ) ;
#722 = VECTOR ( 'NONE', #1060, 1000.000000000000227 ) ;
#723 = ORIENTED_EDGE ( 'NONE', *, *, #274, .F. ) ;
#724 = SURFACE_STYLE_FILL_AREA ( #1267 ) ;
#725 = CARTESIAN_POINT ( 'NONE',  ( 3.280380406702288365, 3.511072328228547867, 2.604999999999999538 ) ) ;
#726 = DIRECTION ( 'NONE',  ( 0.4668459304955080436, 0.8843386665637680277, 0.000000000000000000 ) ) ;
#727 = ADVANCED_FACE ( 'NONE', ( #61 ), #1919, .F. ) ;
#728 = CARTESIAN_POINT ( 'NONE',  ( 1.200000000000000178, -19.00000000000000000, 1.024999999999999911 ) ) ;
#729 = LINE ( 'NONE', #1895, #1194 ) ;
#730 = CARTESIAN_POINT ( 'NONE',  ( 5.543703114394860521, 3.508804111208644994, 2.600000000000000089 ) ) ;
#731 = ORIENTED_EDGE ( 'NONE', *, *, #277, .T. ) ;
#732 = ADVANCED_BREP_SHAPE_REPRESENTATION ( 'CFR_RB3_7.2X6.5X2.5_L7.4H6.6T2.7S5H019F0.55', ( #2939, #993, #1912, #939, #697 ), #439 ) ;
#733 = EDGE_CURVE ( 'NONE', #1758, #678, #1012, .T. ) ;
#734 =( GEOMETRIC_REPRESENTATION_CONTEXT ( 3 ) GLOBAL_UNCERTAINTY_ASSIGNED_CONTEXT ( ( #851 ) ) GLOBAL_UNIT_ASSIGNED_CONTEXT ( ( #917, #832, #2885 ) ) REPRESENTATION_CONTEXT ( 'NONE', 'WORKASPACE' ) );
#735 = CARTESIAN_POINT ( 'NONE',  ( 1.200000000000000178, -19.00000000000000000, 1.024999999999999911 ) ) ;
#736 = PRESENTATION_STYLE_ASSIGNMENT (( #1913 ) ) ;
#738 = ORIENTED_EDGE ( 'NONE', *, *, #2137, .F. ) ;
#737 = PLANE ( 'NONE',  #2971 ) ;
#739 = VECTOR ( 'NONE', #2309, 1000.000000000000000 ) ;
#740 = VERTEX_POINT ( 'NONE', #1473 ) ;
#741 = DIRECTION ( 'NONE',  ( -0.000000000000000000, -0.000000000000000000, -1.000000000000000000 ) ) ;
#742 = PRESENTATION_LAYER_ASSIGNMENT (  '', '', ( #3019 ) ) ;
#743 = FILL_AREA_STYLE ('',( #2187 ) ) ;
#744 = CARTESIAN_POINT ( 'NONE',  ( 2.700000000000000622, 1.653273178848926620E-16, 0.000000000000000000 ) ) ;
#745 = VECTOR ( 'NONE', #1401, 1000.000000000000000 ) ;
#746 = SURFACE_STYLE_FILL_AREA ( #1924 ) ;
#747 = EDGE_CURVE ( 'NONE', #678, #307, #1488, .T. ) ;
#748 = EDGE_LOOP ( 'NONE', ( #2236, #1915, #1970, #2570 ) ) ;
#749 = AXIS2_PLACEMENT_3D ( 'NONE', #846, #2277, #1066 ) ;
#750 = CYLINDRICAL_SURFACE ( 'NONE', #2707, 0.2750000000000000777 ) ;
#751 = DIRECTION ( 'NONE',  ( 0.000000000000000000, 0.000000000000000000, 1.000000000000000000 ) ) ;
#752 = EDGE_CURVE ( 'NONE', #509, #1776, #2874, .T. ) ;
#753 = ORIENTED_EDGE ( 'NONE', *, *, #2921, .T. ) ;
#754 = VERTEX_POINT ( 'NONE', #1255 ) ;
#755 = ORIENTED_EDGE ( 'NONE', *, *, #1396, .F. ) ;
#756 = CARTESIAN_POINT ( 'NONE',  ( 2.058546050702503294, 3.668841943181834431, 2.604999999999999538 ) ) ;
#757 = FILL_AREA_STYLE ('',( #279 ) ) ;
#758 = CARTESIAN_POINT ( 'NONE',  ( 4.873868386490510574, 2.839979999999973970, 2.600000000000000089 ) ) ;
#759 = DIRECTION ( 'NONE',  ( 0.3725077383643967677, -0.9280290862137037244, 0.000000000000000000 ) ) ;
#760 = FACE_OUTER_BOUND ( 'NONE', #2692, .T. ) ;
#761 = VERTEX_POINT ( 'NONE', #997 ) ;
#762 = DIRECTION ( 'NONE',  ( -0.000000000000000000, -0.000000000000000000, -1.000000000000000000 ) ) ;
#763 = EDGE_CURVE ( 'NONE', #1719, #2671, #2902, .T. ) ;
#764 = CARTESIAN_POINT ( 'NONE',  ( 5.115352851045582128, 2.839979999999973970, 2.604999999999999538 ) ) ;
#765 = ORIENTED_EDGE ( 'NONE', *, *, #2190, .F. ) ;
#766 = ADVANCED_FACE ( 'NONE', ( #306 ), #2618, .T. ) ;
#767 = COLOUR_RGB ( '',0.8980392156862745390, 0.9215686274509803377, 0.9294117647058823817 ) ;
#768 = DIRECTION ( 'NONE',  ( 1.000000000000000000, 0.000000000000000000, 0.000000000000000000 ) ) ;
#769 = ORIENTED_EDGE ( 'NONE', *, *, #1993, .F. ) ;
#770 = VECTOR ( 'NONE', #2516, 1000.000000000000000 ) ;
#771 = ORIENTED_EDGE ( 'NONE', *, *, #2399, .F. ) ;
#772 = VECTOR ( 'NONE', #2384, 1000.000000000000000 ) ;
#773 = DIRECTION ( 'NONE',  ( -0.3829140317376762970, 0.9237839814038765196, 0.000000000000000000 ) ) ;
#774 = CARTESIAN_POINT ( 'NONE',  ( 3.700000000000000178, 0.2275680000000002146, 0.000000000000000000 ) ) ;
#775 = PLANE ( 'NONE',  #956 ) ;
#776 = VERTEX_POINT ( 'NONE', #1506 ) ;
#777 = DIRECTION ( 'NONE',  ( 0.2740217765954066076, 0.9617234872620595842, 0.000000000000000000 ) ) ;
#778 = PLANE ( 'NONE',  #2414 ) ;
#779 = ORIENTED_EDGE ( 'NONE', *, *, #1708, .F. ) ;
#780 = CARTESIAN_POINT ( 'NONE',  ( 1.820030429532615512, 2.839979999999973970, 2.600000000000000089 ) ) ;
#781 = EDGE_CURVE ( 'NONE', #1824, #329, #2152, .T. ) ;
#782 = ORIENTED_EDGE ( 'NONE', *, *, #1979, .F. ) ;
#783 = EDGE_CURVE ( 'NONE', #1562, #1224, #2429, .T. ) ;
#784 = VECTOR ( 'NONE', #153, 1000.000000000000000 ) ;
#785 = STYLED_ITEM ( 'NONE', ( #2004 ), #732 ) ;
#786 = ORIENTED_EDGE ( 'NONE', *, *, #2040, .T. ) ;
#787 = DIRECTION ( 'NONE',  ( -1.000000000000000000, 0.000000000000000000, 0.000000000000000000 ) ) ;
#788 = EDGE_CURVE ( 'NONE', #1220, #2449, #1458, .T. ) ;
#789 = COLOUR_RGB ( '',0.4980392156862745168, 0.4980392156862745168, 0.4980392156862745168 ) ;
#790 = PRODUCT_DEFINITION_FORMATION_WITH_SPECIFIED_SOURCE ( 'ANY', '', #2937, .NOT_KNOWN. ) ;
#791 = AXIS2_PLACEMENT_3D ( 'NONE', #251, #1200, #233 ) ;
#792 = ORIENTED_EDGE ( 'NONE', *, *, #2117, .T. ) ;
#793 = DIRECTION ( 'NONE',  ( 0.000000000000000000, -1.000000000000000000, 0.000000000000000000 ) ) ;
#794 = ORIENTED_EDGE ( 'NONE', *, *, #1146, .T. ) ;
#795 = DIRECTION ( 'NONE',  ( -0.000000000000000000, -0.000000000000000000, 1.000000000000000000 ) ) ;
#796 = AXIS2_PLACEMENT_3D ( 'NONE', #2627, #2393, #1748 ) ;
#797 =( NAMED_UNIT ( * ) PLANE_ANGLE_UNIT ( ) SI_UNIT ( $, .RADIAN. ) );
#798 = DIRECTION ( 'NONE',  ( 1.000000000000000000, 1.002616505299178603E-15, 0.000000000000000000 ) ) ;
#799 = VECTOR ( 'NONE', #267, 1000.000000000000000 ) ;
#800 = DIRECTION ( 'NONE',  ( 0.000000000000000000, 0.000000000000000000, 1.000000000000000000 ) ) ;
#801 = AXIS2_PLACEMENT_3D ( 'NONE', #2988, #2746, #2975 ) ;
#802 = VERTEX_POINT ( 'NONE', #1962 ) ;
#803 = EDGE_CURVE ( 'NONE', #2163, #539, #1737, .T. ) ;
#804 = ORIENTED_EDGE ( 'NONE', *, *, #881, .T. ) ;
#805 = DIRECTION ( 'NONE',  ( -0.000000000000000000, -0.000000000000000000, -1.000000000000000000 ) ) ;
#806 = CARTESIAN_POINT ( 'NONE',  ( 0.000000000000000000, 0.7500000000000000000, 0.000000000000000000 ) ) ;
#807 = EDGE_CURVE ( 'NONE', #1807, #2139, #20, .T. ) ;
#808 = VERTEX_POINT ( 'NONE', #1679 ) ;
#809 = DIRECTION ( 'NONE',  ( 0.000000000000000000, 0.000000000000000000, -1.000000000000000000 ) ) ;
#810 = DIRECTION ( 'NONE',  ( -0.7421793553560274148, 0.6702013163843469901, 0.000000000000000000 ) ) ;
#811 = CARTESIAN_POINT ( 'NONE',  ( 4.675832879009750087, 3.511044605575249555, 2.600000000000000089 ) ) ;
#812 = FILL_AREA_STYLE_COLOUR ( '', #586 ) ;
#813 = ORIENTED_EDGE ( 'NONE', *, *, #2034, .T. ) ;
#814 = ORIENTED_EDGE ( 'NONE', *, *, #1490, .T. ) ;
#815 = PLANE ( 'NONE',  #1487 ) ;
#816 = ORIENTED_EDGE ( 'NONE', *, *, #2588, .F. ) ;
#817 = CARTESIAN_POINT ( 'NONE',  ( 1.584340000000000082, 2.839980000000000171, 2.604999999999999538 ) ) ;
#818 = LINE ( 'NONE', #603, #979 ) ;
#819 = AXIS2_PLACEMENT_3D ( 'NONE', #713, #478, #1830 ) ;
#820 = ORIENTED_EDGE ( 'NONE', *, *, #1651, .F. ) ;
#821 = PRESENTATION_STYLE_ASSIGNMENT (( #2010 ) ) ;
#822 = ADVANCED_FACE ( 'NONE', ( #2166 ), #1936, .T. ) ;
#823 = CARTESIAN_POINT ( 'NONE',  ( 5.073360059426542001, 2.628253326083847874, 2.353333357999999542 ) ) ;
#824 = CARTESIAN_POINT ( 'NONE',  ( 5.543703114394860521, 3.508804111208644994, 2.604999999999999538 ) ) ;
#825 = LINE ( 'NONE', #1561, #348 ) ;
#826 = EDGE_LOOP ( 'NONE', ( #2673, #1628, #2073, #428 ) ) ;
#827 = LINE ( 'NONE', #1053, #945 ) ;
#828 = CARTESIAN_POINT ( 'NONE',  ( 1.822540590363160407, 3.668841943181834431, 2.604999999999999538 ) ) ;
#829 = ORIENTED_EDGE ( 'NONE', *, *, #1688, .F. ) ;
#831 = ORIENTED_EDGE ( 'NONE', *, *, #2052, .F. ) ;
#830 =( LENGTH_UNIT ( ) NAMED_UNIT ( * ) SI_UNIT ( .MILLI., .METRE. ) );
#832 =( NAMED_UNIT ( * ) PLANE_ANGLE_UNIT ( ) SI_UNIT ( $, .RADIAN. ) );
#833 = DIRECTION ( 'NONE',  ( 0.000000000000000000, 0.000000000000000000, -1.000000000000000000 ) ) ;
#834 = ORIENTED_EDGE ( 'NONE', *, *, #1210, .T. ) ;
#835 = VECTOR ( 'NONE', #741, 1000.000000000000000 ) ;
#836 = CARTESIAN_POINT ( 'NONE',  ( 5.351464161512362594, 2.839979999999973970, 2.604999999999999538 ) ) ;
#837 = FACE_OUTER_BOUND ( 'NONE', #29, .T. ) ;
#838 = FILL_AREA_STYLE ('',( #2230 ) ) ;
#839 = VECTOR ( 'NONE', #2400, 1000.000000000000000 ) ;
#840 = ORIENTED_EDGE ( 'NONE', *, *, #2642, .F. ) ;
#841 = LINE ( 'NONE', #2729, #1497 ) ;
#842 = SURFACE_SIDE_STYLE ('',( #2959 ) ) ;
#843 = CARTESIAN_POINT ( 'NONE',  ( 6.200000000000001066, -19.00000000000000000, 1.024999999999999911 ) ) ;
#844 = VECTOR ( 'NONE', #56, 1000.000000000000000 ) ;
#845 = EDGE_CURVE ( 'NONE', #1405, #1856, #1287, .T. ) ;
#846 = CARTESIAN_POINT ( 'NONE',  ( 1.200000000000000178, -19.00000000000000000, 1.300000000000000044 ) ) ;
#847 = EDGE_LOOP ( 'NONE', ( #1437, #1707, #2238, #2036 ) ) ;
#848 = CARTESIAN_POINT ( 'NONE',  ( 5.543703114394860521, 3.508804111208644994, 2.604999999999999538 ) ) ;
#849 = VECTOR ( 'NONE', #453, 1000.000000000000114 ) ;
#850 = DIRECTION ( 'NONE',  ( -0.000000000000000000, -0.000000000000000000, -1.000000000000000000 ) ) ;
#851 = UNCERTAINTY_MEASURE_WITH_UNIT (LENGTH_MEASURE( 1.000000000000000082E-05 ), #917, 'distance_accuracy_value', 'NONE');
#852 = ORIENTED_EDGE ( 'NONE', *, *, #118, .T. ) ;
#853 = ADVANCED_FACE ( 'NONE', ( #1142 ), #815, .F. ) ;
#854 = VECTOR ( 'NONE', #2200, 1000.000000000000114 ) ;
#855 = ORIENTED_EDGE ( 'NONE', *, *, #34, .F. ) ;
#856 = VECTOR ( 'NONE', #1850, 1000.000000000000227 ) ;
#857 = ORIENTED_EDGE ( 'NONE', *, *, #522, .T. ) ;
#858 = LINE ( 'NONE', #817, #2452 ) ;
#859 = CARTESIAN_POINT ( 'NONE',  ( 0.000000000000000000, 0.000000000000000000, 2.600000000000000089 ) ) ;
#860 = ORIENTED_EDGE ( 'NONE', *, *, #1900, .F. ) ;
#861 = FACE_OUTER_BOUND ( 'NONE', #1377, .T. ) ;
#862 = UNCERTAINTY_MEASURE_WITH_UNIT (LENGTH_MEASURE( 1.000000000000000082E-05 ), #2253, 'distance_accuracy_value', 'NONE');
#863 =( NAMED_UNIT ( * ) SI_UNIT ( $, .STERADIAN. ) SOLID_ANGLE_UNIT ( ) );
#864 = ORIENTED_EDGE ( 'NONE', *, *, #1513, .F. ) ;
#865 = CARTESIAN_POINT ( 'NONE',  ( 4.150186186611035666, 3.581447541530523804, 2.600000000000000089 ) ) ;
#866 = DIRECTION ( 'NONE',  ( -0.000000000000000000, -0.000000000000000000, 1.000000000000000000 ) ) ;
#867 = VERTEX_POINT ( 'NONE', #1975 ) ;
#868 = ORIENTED_EDGE ( 'NONE', *, *, #752, .T. ) ;
#869 = EDGE_CURVE ( 'NONE', #2809, #740, #247, .T. ) ;
#870 = ORIENTED_EDGE ( 'NONE', *, *, #380, .F. ) ;
#871 = CYLINDRICAL_SURFACE ( 'NONE', #242, 0.5000000000000000000 ) ;
#872 = LINE ( 'NONE', #859, #2945 ) ;
#873 = EDGE_LOOP ( 'NONE', ( #89, #2015, #2254, #57 ) ) ;
#874 = AXIS2_PLACEMENT_3D ( 'NONE', #906, #921, #5 ) ;
#875 =( NAMED_UNIT ( * ) PLANE_ANGLE_UNIT ( ) SI_UNIT ( $, .RADIAN. ) );
#876 = LINE ( 'NONE', #1805, #2961 ) ;
#877 = LINE ( 'NONE', #1774, #2511 ) ;
#878 = VERTEX_POINT ( 'NONE', #2675 ) ;
#879 = ORIENTED_EDGE ( 'NONE', *, *, #1113, .F. ) ;
#880 = ORIENTED_EDGE ( 'NONE', *, *, #2220, .F. ) ;
#881 = EDGE_CURVE ( 'NONE', #2964, #1316, #2022, .T. ) ;
#882 = DIRECTION ( 'NONE',  ( -0.000000000000000000, 0.000000000000000000, -1.000000000000000000 ) ) ;
#883 = CARTESIAN_POINT ( 'NONE',  ( 4.494501999999998887, 0.2275680000000001035, 2.600000000000000089 ) ) ;
#884 = AXIS2_PLACEMENT_3D ( 'NONE', #1201, #2143, #972 ) ;
#885 = CARTESIAN_POINT ( 'NONE',  ( 1.957227316808721307, 3.315383165242611785, 2.604999999999999538 ) ) ;
#886 = EDGE_CURVE ( 'NONE', #2139, #140, #332, .T. ) ;
#887 = DIRECTION ( 'NONE',  ( -0.2755265765475026774, -0.9612934544747577803, 0.000000000000000000 ) ) ;
#888 = AXIS2_PLACEMENT_3D ( 'NONE', #2370, #1229, #2985 ) ;
#889 = CARTESIAN_POINT ( 'NONE',  ( 6.200000000000001066, -19.00000000000000000, 1.300000000000000044 ) ) ;
#890 = PLANE ( 'NONE',  #593 ) ;
#891 = CARTESIAN_POINT ( 'NONE',  ( 3.758762496292179733, 2.839979999999973970, 2.604999999999999538 ) ) ;
#892 = CARTESIAN_POINT ( 'NONE',  ( 4.528454218233457951, 2.997701730371300499, 2.600000000000000089 ) ) ;
#893 = CARTESIAN_POINT ( 'NONE',  ( -0.08996538428017367139, 0.1572233423686904275, 2.604999999999999538 ) ) ;
#894 = MECHANICAL_DESIGN_GEOMETRIC_PRESENTATION_REPRESENTATION (  '', ( #1193 ), #340 ) ;
#895 = FACE_OUTER_BOUND ( 'NONE', #641, .T. ) ;
#896 = VERTEX_POINT ( 'NONE', #318 ) ;
#897 = ORIENTED_EDGE ( 'NONE', *, *, #3038, .F. ) ;
#898 = ORIENTED_EDGE ( 'NONE', *, *, #1306, .T. ) ;
#899 = STYLED_ITEM ( 'NONE', ( #192 ), #1128 ) ;
#900 = VECTOR ( 'NONE', #798, 1000.000000000000000 ) ;
#901 = ORIENTED_EDGE ( 'NONE', *, *, #2396, .F. ) ;
#902 = DIRECTION ( 'NONE',  ( -0.000000000000000000, -0.000000000000000000, 1.000000000000000000 ) ) ;
#903 = DIRECTION ( 'NONE',  ( 0.000000000000000000, 0.000000000000000000, 1.000000000000000000 ) ) ;
#904 = VECTOR ( 'NONE', #1186, 999.9999999999998863 ) ;
#905 = ADVANCED_FACE ( 'NONE', ( #895 ), #2301, .F. ) ;
#906 = CARTESIAN_POINT ( 'NONE',  ( 3.213639381107466608, 3.356904137849748615, 2.604999999999999538 ) ) ;
#907 = CARTESIAN_POINT ( 'NONE',  ( 2.814166040619630937, 3.203675997412120058, 2.600000000000000089 ) ) ;
#908 = ADVANCED_FACE ( 'NONE', ( #2092 ), #3027, .F. ) ;
#909 = DIRECTION ( 'NONE',  ( 1.000000000000000000, 0.000000000000000000, 0.000000000000000000 ) ) ;
#910 = CARTESIAN_POINT ( 'NONE',  ( -0.08996538428017367139, 0.1572233423686904275, 2.599999999999999201 ) ) ;
#911 = CARTESIAN_POINT ( 'NONE',  ( 3.937261094536540273, 2.839979999999973970, 2.604999999999999538 ) ) ;
#912 = VERTEX_POINT ( 'NONE', #2789 ) ;
#913 = CARTESIAN_POINT ( 'NONE',  ( 5.055663460132759468, 3.509976023336028650, 2.604999999999999538 ) ) ;
#914 = PRESENTATION_STYLE_ASSIGNMENT (( #1070 ) ) ;
#916 = ORIENTED_EDGE ( 'NONE', *, *, #2396, .T. ) ;
#915 = CARTESIAN_POINT ( 'NONE',  ( 2.058546050702503294, 3.668841943181834431, 2.604999999999999538 ) ) ;
#917 =( LENGTH_UNIT ( ) NAMED_UNIT ( * ) SI_UNIT ( .MILLI., .METRE. ) );
#918 = ORIENTED_EDGE ( 'NONE', *, *, #1210, .F. ) ;
#919 = DIRECTION ( 'NONE',  ( 0.7083077534943971187, -0.7059037656364502977, 0.000000000000000000 ) ) ;
#920 = FILL_AREA_STYLE_COLOUR ( '', #1876 ) ;
#921 = DIRECTION ( 'NONE',  ( 0.000000000000000000, -1.000000000000000000, 0.000000000000000000 ) ) ;
#922 = DIRECTION ( 'NONE',  ( 0.2793947940814922593, 0.9601763114346033579, 0.000000000000000000 ) ) ;
#923 = LINE ( 'NONE', #2590, #2226 ) ;
#924 = CARTESIAN_POINT ( 'NONE',  ( 3.407864284002566357, 3.668841943181834431, 2.604999999999999538 ) ) ;
#925 = EDGE_CURVE ( 'NONE', #333, #2426, #2225, .T. ) ;
#926 =( GEOMETRIC_REPRESENTATION_CONTEXT ( 3 ) GLOBAL_UNCERTAINTY_ASSIGNED_CONTEXT ( ( #1314 ) ) GLOBAL_UNIT_ASSIGNED_CONTEXT ( ( #2386, #1029, #51 ) ) REPRESENTATION_CONTEXT ( 'NONE', 'WORKASPACE' ) );
#927 = DIRECTION ( 'NONE',  ( 0.3725077383643967677, -0.9280290862137037244, 0.000000000000000000 ) ) ;
#928 = PRESENTATION_STYLE_ASSIGNMENT (( #2160 ) ) ;
#929 = PRESENTATION_LAYER_ASSIGNMENT (  '', '', ( #2006 ) ) ;
#931 = ORIENTED_EDGE ( 'NONE', *, *, #2521, .T. ) ;
#930 = LINE ( 'NONE', #977, #2615 ) ;
#932 = ORIENTED_EDGE ( 'NONE', *, *, #2849, .T. ) ;
#933 =( NAMED_UNIT ( * ) SI_UNIT ( $, .STERADIAN. ) SOLID_ANGLE_UNIT ( ) );
#934 =( LENGTH_UNIT ( ) NAMED_UNIT ( * ) SI_UNIT ( .MILLI., .METRE. ) );
#935 = DIRECTION ( 'NONE',  ( 0.000000000000000000, 0.000000000000000000, -1.000000000000000000 ) ) ;
#936 = DIRECTION ( 'NONE',  ( -0.000000000000000000, -0.000000000000000000, -1.000000000000000000 ) ) ;
#937 =( NAMED_UNIT ( * ) PLANE_ANGLE_UNIT ( ) SI_UNIT ( $, .RADIAN. ) );
#938 = FILL_AREA_STYLE ('',( #1447 ) ) ;
#939 = MANIFOLD_SOLID_BREP ( 'Body-Move/Copy1[3]', #2802 ) ;
#940 = CARTESIAN_POINT ( 'NONE',  ( 1.949023931268476728, 3.290029539475463949, 2.604999999999999538 ) ) ;
#941 = MECHANICAL_DESIGN_GEOMETRIC_PRESENTATION_REPRESENTATION (  '', ( #536 ), #2863 ) ;
#942 = CARTESIAN_POINT ( 'NONE',  ( 4.873868386490510574, 2.839979999999973970, 2.604999999999999538 ) ) ;
#943 = CARTESIAN_POINT ( 'NONE',  ( 4.675832879009750087, 3.511044605575249555, 2.600000000000000089 ) ) ;
#944 = ADVANCED_FACE ( 'NONE', ( #1673 ), #1271, .F. ) ;
#945 = VECTOR ( 'NONE', #73, 1000.000000000000114 ) ;
#947 = ORIENTED_EDGE ( 'NONE', *, *, #347, .F. ) ;
#946 = DIRECTION ( 'NONE',  ( -0.2763139702539113562, -0.9610674221107073922, 0.000000000000000000 ) ) ;
#948 = VECTOR ( 'NONE', #1007, 1000.000000000000227 ) ;
#949 = EDGE_CURVE ( 'NONE', #1898, #1224, #1451, .T. ) ;
#950 = AXIS2_PLACEMENT_3D ( 'NONE', #1803, #655, #2960 ) ;
#951 = EDGE_LOOP ( 'NONE', ( #1057, #225, #677, #2777 ) ) ;
#952 = DIRECTION ( 'NONE',  ( 0.7059037656364501867, 0.7083077534943970077, 0.000000000000000000 ) ) ;
#953 = SURFACE_STYLE_FILL_AREA ( #4 ) ;
#954 = VECTOR ( 'NONE', #1927, 1000.000000000000000 ) ;
#955 = CARTESIAN_POINT ( 'NONE',  ( 2.712854867454359997, 3.668841943181834431, 2.604999999999999538 ) ) ;
#956 = AXIS2_PLACEMENT_3D ( 'NONE', #2420, #1966, #1030 ) ;
#957 = DIRECTION ( 'NONE',  ( 1.000000000000000000, 0.000000000000000000, 0.000000000000000000 ) ) ;
#958 = STYLED_ITEM ( 'NONE', ( #1714 ), #2303 ) ;
#959 = DIRECTION ( 'NONE',  ( -0.05596501978069369498, -0.9984327301130239141, 0.000000000000000000 ) ) ;
#960 = DIRECTION ( 'NONE',  ( -0.000000000000000000, -0.000000000000000000, -1.000000000000000000 ) ) ;
#961 = CARTESIAN_POINT ( 'NONE',  ( 5.543703114394860521, 3.508804111208644994, 2.600000000000000089 ) ) ;
#963 = ORIENTED_EDGE ( 'NONE', *, *, #2682, .F. ) ;
#962 = CARTESIAN_POINT ( 'NONE',  ( 5.055663460132759468, 3.509976023336028650, 2.604999999999999538 ) ) ;
#964 = PRODUCT_RELATED_PRODUCT_CATEGORY ( 'part', '', ( #2937 ) ) ;
#965 = ORIENTED_EDGE ( 'NONE', *, *, #1325, .T. ) ;
#966 = CARTESIAN_POINT ( 'NONE',  ( 4.873868386490510574, 2.839979999999973970, 2.604999999999999538 ) ) ;
#967 = LINE ( 'NONE', #2193, #1435 ) ;
#968 = EDGE_CURVE ( 'NONE', #678, #2581, #488, .T. ) ;
#969 = DIRECTION ( 'NONE',  ( -0.000000000000000000, -0.000000000000000000, -1.000000000000000000 ) ) ;
#970 = DIRECTION ( 'NONE',  ( -1.000000000000000000, 0.000000000000000000, 0.000000000000000000 ) ) ;
#971 = CARTESIAN_POINT ( 'NONE',  ( 5.115352851045582128, 2.839979999999973970, 2.604999999999999538 ) ) ;
#972 = DIRECTION ( 'NONE',  ( -1.000000000000000000, 0.000000000000000000, 0.000000000000000000 ) ) ;
#973 = DIRECTION ( 'NONE',  ( -1.000000000000000000, 0.000000000000000000, 0.000000000000000000 ) ) ;
#974 = ORIENTED_EDGE ( 'NONE', *, *, #1410, .T. ) ;
#975 = CARTESIAN_POINT ( 'NONE',  ( 3.700000000000000178, 0.2275680000000002146, 0.000000000000000000 ) ) ;
#976 = DIRECTION ( 'NONE',  ( 0.4668459304955080436, 0.8843386665637680277, 0.000000000000000000 ) ) ;
#977 = CARTESIAN_POINT ( 'NONE',  ( 0.2466666419999996029, 0.7500000000000000000, 2.353333357999999098 ) ) ;
#978 =( GEOMETRIC_REPRESENTATION_CONTEXT ( 3 ) GLOBAL_UNCERTAINTY_ASSIGNED_CONTEXT ( ( #2721 ) ) GLOBAL_UNIT_ASSIGNED_CONTEXT ( ( #3035, #937, #1184 ) ) REPRESENTATION_CONTEXT ( 'NONE', 'WORKASPACE' ) );
#979 = VECTOR ( 'NONE', #155, 1000.000000000000114 ) ;
#980 = ORIENTED_EDGE ( 'NONE', *, *, #981, .T. ) ;
#981 = EDGE_CURVE ( 'NONE', #2933, #2987, #40, .T. ) ;
#982 = CARTESIAN_POINT ( 'NONE',  ( 3.758762496292179733, 2.839979999999973970, 2.604999999999999538 ) ) ;
#983 = FACE_OUTER_BOUND ( 'NONE', #873, .T. ) ;
#984 = DIRECTION ( 'NONE',  ( -0.7421793553560274148, 0.6702013163843469901, 0.000000000000000000 ) ) ;
#985 = ADVANCED_FACE ( 'NONE', ( #1204 ), #750, .T. ) ;
#986 = VECTOR ( 'NONE', #32, 1000.000000000000000 ) ;
#987 = PLANE ( 'NONE',  #2664 ) ;
#988 = ORIENTED_EDGE ( 'NONE', *, *, #540, .T. ) ;
#989 = DIRECTION ( 'NONE',  ( -0.000000000000000000, -0.000000000000000000, -1.000000000000000000 ) ) ;
#991 = VERTEX_POINT ( 'NONE', #1402 ) ;
#990 = FILL_AREA_STYLE ('',( #1264 ) ) ;
#992 = ORIENTED_EDGE ( 'NONE', *, *, #3015, .T. ) ;
#993 = MANIFOLD_SOLID_BREP ( 'Body-Move/Copy1[1]', #1034 ) ;
#994 =( GEOMETRIC_REPRESENTATION_CONTEXT ( 3 ) GLOBAL_UNCERTAINTY_ASSIGNED_CONTEXT ( ( #2781 ) ) GLOBAL_UNIT_ASSIGNED_CONTEXT ( ( #2463, #1087, #614 ) ) REPRESENTATION_CONTEXT ( 'NONE', 'WORKASPACE' ) );
#995 = ORIENTED_EDGE ( 'NONE', *, *, #506, .F. ) ;
#996 = MECHANICAL_DESIGN_GEOMETRIC_PRESENTATION_REPRESENTATION (  '', ( #2308 ), #244 ) ;
#997 = CARTESIAN_POINT ( 'NONE',  ( 4.675832879009750087, 3.511044605575249555, 2.604999999999999538 ) ) ;
#998 = COLOUR_RGB ( '',0.8980392156862745390, 0.9215686274509803377, 0.9294117647058823817 ) ;
#999 = LINE ( 'NONE', #293, #3060 ) ;
#1000 = VECTOR ( 'NONE', #959, 1000.000000000000227 ) ;
#1001 = EDGE_CURVE ( 'NONE', #1269, #396, #1388, .T. ) ;
#1002 = SURFACE_SIDE_STYLE ('',( #1712 ) ) ;
#1003 = PRESENTATION_LAYER_ASSIGNMENT (  '', '', ( #58 ) ) ;
#1004 = ORIENTED_EDGE ( 'NONE', *, *, #2613, .T. ) ;
#1005 = EDGE_CURVE ( 'NONE', #1216, #272, #326, .T. ) ;
#1006 =( GEOMETRIC_REPRESENTATION_CONTEXT ( 3 ) GLOBAL_UNCERTAINTY_ASSIGNED_CONTEXT ( ( #1860 ) ) GLOBAL_UNIT_ASSIGNED_CONTEXT ( ( #2425, #1280, #2928 ) ) REPRESENTATION_CONTEXT ( 'NONE', 'WORKASPACE' ) );
#1007 = DIRECTION ( 'NONE',  ( 0.2759782365590697228, 0.9611638845408966292, 0.000000000000000000 ) ) ;
#1008 = ORIENTED_EDGE ( 'NONE', *, *, #2172, .T. ) ;
#1009 = CARTESIAN_POINT ( 'NONE',  ( 1.200000000000000178, -19.00000000000000000, 1.300000000000000044 ) ) ;
#1010 = SURFACE_STYLE_FILL_AREA ( #2950 ) ;
#1011 = ORIENTED_EDGE ( 'NONE', *, *, #1410, .F. ) ;
#1012 = LINE ( 'NONE', #2140, #2159 ) ;
#1013 = CARTESIAN_POINT ( 'NONE',  ( 0.2466666419999996029, 0.7500000000000000000, 2.353333357999999098 ) ) ;
#1014 = ADVANCED_FACE ( 'NONE', ( #1051 ), #2881, .F. ) ;
#1015 = SURFACE_STYLE_FILL_AREA ( #2214 ) ;
#1016 = ORIENTED_EDGE ( 'NONE', *, *, #1701, .F. ) ;
#1017 = DIRECTION ( 'NONE',  ( -1.000000000000000000, 0.000000000000000000, -2.058611671701191689E-16 ) ) ;
#1018 = CARTESIAN_POINT ( 'NONE',  ( 2.700000000000000622, 1.653273178848926620E-16, 0.000000000000000000 ) ) ;
#1019 = ADVANCED_FACE ( 'NONE', ( #548 ), #1717, .F. ) ;
#1020 = SURFACE_SIDE_STYLE ('',( #70 ) ) ;
#1021 = ORIENTED_EDGE ( 'NONE', *, *, #343, .T. ) ;
#1022 = EDGE_CURVE ( 'NONE', #25, #2924, #531, .T. ) ;
#1023 = AXIS2_PLACEMENT_3D ( 'NONE', #774, #2371, #1727 ) ;
#1024 = ORIENTED_EDGE ( 'NONE', *, *, #573, .F. ) ;
#1025 = COLOUR_RGB ( '',0.4980392156862745168, 0.4980392156862745168, 0.4980392156862745168 ) ;
#1026 = CARTESIAN_POINT ( 'NONE',  ( 4.699999999999999289, 1.653273178848926620E-16, 0.000000000000000000 ) ) ;
#1027 = EDGE_LOOP ( 'NONE', ( #1281, #1998, #1333, #1035 ) ) ;
#1028 = LINE ( 'NONE', #982, #1828 ) ;
#1029 =( NAMED_UNIT ( * ) PLANE_ANGLE_UNIT ( ) SI_UNIT ( $, .RADIAN. ) );
#1030 = DIRECTION ( 'NONE',  ( 0.6702013163843469901, -0.7421793553560274148, 0.000000000000000000 ) ) ;
#1031 = ORIENTED_EDGE ( 'NONE', *, *, #66, .F. ) ;
#1032 = DIRECTION ( 'NONE',  ( -0.05596501978069369498, -0.9984327301130239141, 0.000000000000000000 ) ) ;
#1033 = DIRECTION ( 'NONE',  ( 0.000000000000000000, 1.000000000000000000, 0.000000000000000000 ) ) ;
#1034 = CLOSED_SHELL ( 'NONE', ( #3021, #727, #2323, #1997, #2422, #235, #1886, #944, #50, #1771, #1609, #2808, #1260 ) ) ;
#1035 = ORIENTED_EDGE ( 'NONE', *, *, #2549, .T. ) ;
#1036 = DIRECTION ( 'NONE',  ( 0.000000000000000000, -0.000000000000000000, -1.000000000000000000 ) ) ;
#1037 =( GEOMETRIC_REPRESENTATION_CONTEXT ( 3 ) GLOBAL_UNCERTAINTY_ASSIGNED_CONTEXT ( ( #1099 ) ) GLOBAL_UNIT_ASSIGNED_CONTEXT ( ( #1875, #2526, #933 ) ) REPRESENTATION_CONTEXT ( 'NONE', 'WORKASPACE' ) );
#1038 = ADVANCED_FACE ( 'NONE', ( #1464 ), #69, .F. ) ;
#1039 = VECTOR ( 'NONE', #1680, 1000.000000000000114 ) ;
#1040 = EDGE_CURVE ( 'NONE', #2915, #1220, #1956, .T. ) ;
#1041 = DIRECTION ( 'NONE',  ( 0.000000000000000000, 1.000000000000000000, 0.000000000000000000 ) ) ;
#1042 = AXIS2_PLACEMENT_3D ( 'NONE', #2573, #2322, #903 ) ;
#1043 = ORIENTED_EDGE ( 'NONE', *, *, #886, .T. ) ;
#1044 = FILL_AREA_STYLE ('',( #1322 ) ) ;
#1045 = PRESENTATION_LAYER_ASSIGNMENT (  '', '', ( #1834 ) ) ;
#1046 = VECTOR ( 'NONE', #1359, 1000.000000000000000 ) ;
#1047 = ORIENTED_EDGE ( 'NONE', *, *, #1945, .T. ) ;
#1048 = FACE_OUTER_BOUND ( 'NONE', #558, .T. ) ;
#1049 = CARTESIAN_POINT ( 'NONE',  ( 2.058546050702503294, 3.668841943181834431, 2.604999999999999538 ) ) ;
#1050 = STYLED_ITEM ( 'NONE', ( #2822 ), #1528 ) ;
#1051 = FACE_OUTER_BOUND ( 'NONE', #1512, .T. ) ;
#1052 = VECTOR ( 'NONE', #1232, 1000.000000000000000 ) ;
#1053 = CARTESIAN_POINT ( 'NONE',  ( 5.351464161512362594, 2.839979999999973970, 2.604999999999999538 ) ) ;
#1054 = VECTOR ( 'NONE', #631, 1000.000000000000227 ) ;
#1055 = VERTEX_POINT ( 'NONE', #2897 ) ;
#1056 = DIRECTION ( 'NONE',  ( -1.000000000000000000, 0.000000000000000000, 0.000000000000000000 ) ) ;
#1057 = ORIENTED_EDGE ( 'NONE', *, *, #668, .T. ) ;
#1058 = EDGE_CURVE ( 'NONE', #878, #1719, #1526, .T. ) ;
#1059 = LINE ( 'NONE', #120, #1187 ) ;
#1060 = DIRECTION ( 'NONE',  ( 0.2746918797667270429, 0.9615323037684286867, 0.000000000000000000 ) ) ;
#1061 = ADVANCED_FACE ( 'NONE', ( #1755 ), #519, .F. ) ;
#1062 = ORIENTED_EDGE ( 'NONE', *, *, #2649, .T. ) ;
#1063 = CYLINDRICAL_SURFACE ( 'NONE', #1531, 0.2750000000000000777 ) ;
#1064 = DIRECTION ( 'NONE',  ( 0.000000000000000000, 0.000000000000000000, -1.000000000000000000 ) ) ;
#1065 = CARTESIAN_POINT ( 'NONE',  ( 3.325190293987488221, 3.668841943181834431, 2.604999999999999538 ) ) ;
#1066 = DIRECTION ( 'NONE',  ( 0.000000000000000000, 0.000000000000000000, 1.000000000000000000 ) ) ;
#1067 = ORIENTED_EDGE ( 'NONE', *, *, #2256, .F. ) ;
#1069 = VERTEX_POINT ( 'NONE', #1968 ) ;
#1068 =( NAMED_UNIT ( * ) SI_UNIT ( $, .STERADIAN. ) SOLID_ANGLE_UNIT ( ) );
#1070 = SURFACE_STYLE_USAGE ( .BOTH. , #2708 ) ;
#1071 = ORIENTED_EDGE ( 'NONE', *, *, #968, .T. ) ;
#1072 = EDGE_CURVE ( 'NONE', #1510, #1256, #1643, .T. ) ;
#1073 = DIRECTION ( 'NONE',  ( -0.000000000000000000, -1.000000000000000000, -0.000000000000000000 ) ) ;
#1074 = VECTOR ( 'NONE', #77, 1000.000000000000000 ) ;
#1075 = ORIENTED_EDGE ( 'NONE', *, *, #2828, .F. ) ;
#1076 = EDGE_CURVE ( 'NONE', #2623, #1483, #2000, .T. ) ;
#1077 = CARTESIAN_POINT ( 'NONE',  ( 4.022658435990103420, 3.668841943181834431, 2.604999999999999538 ) ) ;
#1078 = DIRECTION ( 'NONE',  ( -1.000000000000000000, 0.000000000000000000, 0.000000000000000000 ) ) ;
#1079 = DIRECTION ( 'NONE',  ( -0.000000000000000000, -0.000000000000000000, -1.000000000000000000 ) ) ;
#1080 = ORIENTED_EDGE ( 'NONE', *, *, #1904, .T. ) ;
#1081 = CARTESIAN_POINT ( 'NONE',  ( 7.400000000000000355, 6.099999999999999645, 2.600000000000000089 ) ) ;
#1082 = ORIENTED_EDGE ( 'NONE', *, *, #261, .T. ) ;
#1083 = EDGE_LOOP ( 'NONE', ( #1237, #2436, #2477, #2173 ) ) ;
#1084 = CLOSED_SHELL ( 'NONE', ( #282, #176, #2303, #2882, #2320, #1128, #709, #589, #853, #203, #1091, #2899, #1682, #1836, #442, #1038, #1278, #2418, #1917, #438, #2278, #766, #985, #83, #1528, #2804, #2719, #167 ) ) ;
#1085 = CARTESIAN_POINT ( 'NONE',  ( 0.000000000000000000, 0.000000000000000000, 2.600000000000000089 ) ) ;
#1086 = VECTOR ( 'NONE', #2255, 1000.000000000000000 ) ;
#1087 =( NAMED_UNIT ( * ) PLANE_ANGLE_UNIT ( ) SI_UNIT ( $, .RADIAN. ) );
#1088 = DIRECTION ( 'NONE',  ( -0.05375259206908577364, -0.9985542843760946141, 0.000000000000000000 ) ) ;
#1089 = AXIS2_PLACEMENT_3D ( 'NONE', #358, #2016, #2736 ) ;
#1090 = EDGE_LOOP ( 'NONE', ( #980, #2068, #1583, #1147 ) ) ;
#1091 = ADVANCED_FACE ( 'NONE', ( #1234 ), #2176, .F. ) ;
#1092 = AXIS2_PLACEMENT_3D ( 'NONE', #562, #2685, #112 ) ;
#1093 =( LENGTH_UNIT ( ) NAMED_UNIT ( * ) SI_UNIT ( .MILLI., .METRE. ) );
#1094 = MECHANICAL_DESIGN_GEOMETRIC_PRESENTATION_REPRESENTATION (  '', ( #3019 ), #2816 ) ;
#1095 = CARTESIAN_POINT ( 'NONE',  ( 2.814166040619630937, 3.203675997412120058, 2.604999999999999538 ) ) ;
#1096 = ADVANCED_FACE ( 'NONE', ( #861 ), #2770, .F. ) ;
#1097 = VECTOR ( 'NONE', #2551, 1000.000000000000000 ) ;
#1098 = DIRECTION ( 'NONE',  ( -1.000000000000000000, 0.000000000000000000, 0.000000000000000000 ) ) ;
#1099 = UNCERTAINTY_MEASURE_WITH_UNIT (LENGTH_MEASURE( 1.000000000000000082E-05 ), #1875, 'distance_accuracy_value', 'NONE');
#1100 = COLOUR_RGB ( '',0.4980392156862745168, 0.4980392156862745168, 0.4980392156862745168 ) ;
#1101 = ORIENTED_EDGE ( 'NONE', *, *, #2667, .F. ) ;
#1102 = MECHANICAL_DESIGN_GEOMETRIC_PRESENTATION_REPRESENTATION (  '', ( #103 ), #1006 ) ;
#1103 = ORIENTED_EDGE ( 'NONE', *, *, #845, .T. ) ;
#1104 = FACE_OUTER_BOUND ( 'NONE', #98, .T. ) ;
#1105 = LINE ( 'NONE', #2972, #722 ) ;
#1106 = VERTEX_POINT ( 'NONE', #843 ) ;
#1107 = CARTESIAN_POINT ( 'NONE',  ( 5.770637865296988522, 3.508786095205675082, 2.604999999999999538 ) ) ;
#1108 = DIRECTION ( 'NONE',  ( 1.000000000000000000, 0.000000000000000000, 0.000000000000000000 ) ) ;
#1109 = FACE_OUTER_BOUND ( 'NONE', #1221, .T. ) ;
#1110 = FACE_OUTER_BOUND ( 'NONE', #2375, .T. ) ;
#1111 = CARTESIAN_POINT ( 'NONE',  ( 4.247638870609963924, 2.839979999999973970, 2.604999999999999538 ) ) ;
#1112 = CARTESIAN_POINT ( 'NONE',  ( 2.905498000000000580, 0.2275680000000001035, 0.000000000000000000 ) ) ;
#1113 = EDGE_CURVE ( 'NONE', #1317, #2884, #1505, .T. ) ;
#1114 = ORIENTED_EDGE ( 'NONE', *, *, #461, .T. ) ;
#1115 = EDGE_LOOP ( 'NONE', ( #1568, #2757, #2920, #988 ) ) ;
#1116 = ORIENTED_EDGE ( 'NONE', *, *, #1265, .F. ) ;
#1117 =( LENGTH_UNIT ( ) NAMED_UNIT ( * ) SI_UNIT ( .MILLI., .METRE. ) );
#1118 = FACE_OUTER_BOUND ( 'NONE', #2381, .T. ) ;
#1119 = VECTOR ( 'NONE', #1154, 1000.000000000000000 ) ;
#1120 =( LENGTH_UNIT ( ) NAMED_UNIT ( * ) SI_UNIT ( .MILLI., .METRE. ) );
#1121 = VECTOR ( 'NONE', #1211, 1000.000000000000000 ) ;
#1122 = DIRECTION ( 'NONE',  ( -0.000000000000000000, -1.000000000000000000, -0.000000000000000000 ) ) ;
#1123 = CARTESIAN_POINT ( 'NONE',  ( 1.442892915397364602E-16, 6.392893218813450851, 1.442892915397364602E-16 ) ) ;
#1124 = DIRECTION ( 'NONE',  ( 0.9610992334315862085, -0.2762033010252004650, 0.000000000000000000 ) ) ;
#1125 = LINE ( 'NONE', #1373, #342 ) ;
#1126 = ORIENTED_EDGE ( 'NONE', *, *, #456, .F. ) ;
#1127 = ORIENTED_EDGE ( 'NONE', *, *, #1648, .T. ) ;
#1128 = ADVANCED_FACE ( 'NONE', ( #1109 ), #2033, .F. ) ;
#1129 = AXIS2_PLACEMENT_3D ( 'NONE', #3017, #919, #952 ) ;
#1130 = DIRECTION ( 'NONE',  ( 0.9999999968487351953, -7.938847109813994231E-05, 0.000000000000000000 ) ) ;
#1131 = LINE ( 'NONE', #2558, #538 ) ;
#1132 = ADVANCED_FACE ( 'NONE', ( #3007 ), #890, .F. ) ;
#1133 = COLOUR_RGB ( '',0.4980392156862745168, 0.4980392156862745168, 0.4980392156862745168 ) ;
#1134 = CARTESIAN_POINT ( 'NONE',  ( 4.494501999999998887, 0.2275680000000001035, 0.000000000000000000 ) ) ;
#1135 = PRESENTATION_STYLE_ASSIGNMENT (( #2798 ) ) ;
#1136 = VECTOR ( 'NONE', #462, 1000.000000000000114 ) ;
#1137 = DIRECTION ( 'NONE',  ( -0.7059037656364501867, -0.7083077534943970077, -0.000000000000000000 ) ) ;
#1138 = SURFACE_STYLE_FILL_AREA ( #2716 ) ;
#1139 = CARTESIAN_POINT ( 'NONE',  ( 6.200000000000001066, -19.00000000000000000, 1.300000000000000044 ) ) ;
#1140 = ORIENTED_EDGE ( 'NONE', *, *, #2849, .F. ) ;
#1141 = FACE_OUTER_BOUND ( 'NONE', #2728, .T. ) ;
#1142 = FACE_OUTER_BOUND ( 'NONE', #2890, .T. ) ;
#1143 = EDGE_LOOP ( 'NONE', ( #1614, #1016, #286, #2009 ) ) ;
#1144 = VECTOR ( 'NONE', #684, 1000.000000000000000 ) ;
#1145 = MECHANICAL_DESIGN_GEOMETRIC_PRESENTATION_REPRESENTATION (  '', ( #1050 ), #2872 ) ;
#1146 = EDGE_CURVE ( 'NONE', #1404, #2059, #2085, .T. ) ;
#1147 = ORIENTED_EDGE ( 'NONE', *, *, #1391, .T. ) ;
#1148 = CARTESIAN_POINT ( 'NONE',  ( 1.820030429532615512, 2.839979999999973970, 2.604999999999999538 ) ) ;
#1149 = CYLINDRICAL_SURFACE ( 'NONE', #1042, 0.5000000000000000000 ) ;
#1150 = VECTOR ( 'NONE', #2771, 1000.000000000000000 ) ;
#1151 = CARTESIAN_POINT ( 'NONE',  ( 4.986674379451121908, 3.356876415196010655, 2.604999999999999538 ) ) ;
#1152 = EDGE_CURVE ( 'NONE', #1308, #331, #588, .T. ) ;
#1153 = CARTESIAN_POINT ( 'NONE',  ( 4.675832879009750087, 3.511044605575249555, 2.604999999999999538 ) ) ;
#1154 = DIRECTION ( 'NONE',  ( -0.000000000000000000, -0.000000000000000000, -1.000000000000000000 ) ) ;
#1155 = PLANE ( 'NONE',  #2086 ) ;
#1156 = EDGE_CURVE ( 'NONE', #376, #2571, #2832, .T. ) ;
#1157 = DIRECTION ( 'NONE',  ( -0.2765379750249962743, -0.9610029908221277006, 0.000000000000000000 ) ) ;
#1158 = CARTESIAN_POINT ( 'NONE',  ( -0.08996538428017367139, 0.1572233423686904275, 2.604999999999998650 ) ) ;
#1159 = CARTESIAN_POINT ( 'NONE',  ( 2.309486459975828687, 3.668841943181834431, 2.604999999999999538 ) ) ;
#1161 = EDGE_LOOP ( 'NONE', ( #2245, #1811, #692, #1491, #1553, #2240, #2520, #149, #86, #738, #840, #2345, #2509, #2873, #831, #765, #298, #1470, #2472, #2118, #419, #2552, #2723 ) ) ;
#1160 = CARTESIAN_POINT ( 'NONE',  ( 3.280380406702288365, 3.511072328228547867, 2.604999999999999538 ) ) ;
#1162 = ORIENTED_EDGE ( 'NONE', *, *, #1240, .T. ) ;
#1163 = CARTESIAN_POINT ( 'NONE',  ( 7.153333358000001141, 0.000000000000000000, 2.353333357999999986 ) ) ;
#1164 = DIRECTION ( 'NONE',  ( 0.6702013163843469901, -0.7421793553560274148, 8.416606772621386464E-17 ) ) ;
#1165 = PLANE ( 'NONE',  #2349 ) ;
#1166 = EDGE_CURVE ( 'NONE', #1357, #1796, #1637, .T. ) ;
#1167 = LINE ( 'NONE', #2114, #2155 ) ;
#1168 = DIRECTION ( 'NONE',  ( 1.000000000000000000, 0.000000000000000000, 0.000000000000000000 ) ) ;
#1169 = PRESENTATION_LAYER_ASSIGNMENT (  '', '', ( #2942 ) ) ;
#1170 = SURFACE_STYLE_FILL_AREA ( #221 ) ;
#1171 = LINE ( 'NONE', #3037, #2184 ) ;
#1172 = EDGE_CURVE ( 'NONE', #1856, #1375, #2784, .T. ) ;
#1173 = LINE ( 'NONE', #1188, #2819 ) ;
#1174 = CARTESIAN_POINT ( 'NONE',  ( 3.758762496292179733, 2.839979999999973970, 2.600000000000000089 ) ) ;
#1175 = AXIS2_PLACEMENT_3D ( 'NONE', #1519, #833, #1056 ) ;
#1177 = ORIENTED_EDGE ( 'NONE', *, *, #1240, .F. ) ;
#1176 = CARTESIAN_POINT ( 'NONE',  ( 2.905498000000000580, 0.2275680000000001035, 2.353333357999999542 ) ) ;
#1178 = ORIENTED_EDGE ( 'NONE', *, *, #658, .T. ) ;
#1179 = VERTEX_POINT ( 'NONE', #1429 ) ;
#1180 = DIRECTION ( 'NONE',  ( 0.000000000000000000, -1.000000000000000000, 0.000000000000000000 ) ) ;
#1181 = DIRECTION ( 'NONE',  ( -1.000000000000000000, -0.000000000000000000, -0.000000000000000000 ) ) ;
#1182 = LINE ( 'NONE', #1426, #226 ) ;
#1183 = DIRECTION ( 'NONE',  ( 0.8958676361826802825, -0.4443210308329519909, 0.000000000000000000 ) ) ;
#1184 =( NAMED_UNIT ( * ) SI_UNIT ( $, .STERADIAN. ) SOLID_ANGLE_UNIT ( ) );
#1185 = DIRECTION ( 'NONE',  ( 0.2762437428917223770, 0.9610876102172850599, 0.000000000000000000 ) ) ;
#1186 = DIRECTION ( 'NONE',  ( -0.4443210308329519354, -0.8958676361826802825, 0.000000000000000000 ) ) ;
#1187 = VECTOR ( 'NONE', #397, 999.9999999999998863 ) ;
#1188 = CARTESIAN_POINT ( 'NONE',  ( 1.822540590363160407, 3.668841943181834431, 2.604999999999999538 ) ) ;
#1189 = PRESENTATION_LAYER_ASSIGNMENT (  '', '', ( #785 ) ) ;
#1190 = ADVANCED_FACE ( 'NONE', ( #2142 ), #667, .F. ) ;
#1192 = ORIENTED_EDGE ( 'NONE', *, *, #2099, .F. ) ;
#1191 = PLANE ( 'NONE',  #700 ) ;
#1193 = STYLED_ITEM ( 'NONE', ( #575 ), #1038 ) ;
#1194 = VECTOR ( 'NONE', #1669, 999.9999999999998863 ) ;
#1195 = VERTEX_POINT ( 'NONE', #2848 ) ;
#1196 = COLOUR_RGB ( '',0.4980392156862745168, 0.4980392156862745168, 0.4980392156862745168 ) ;
#1197 = DIRECTION ( 'NONE',  ( -1.000000000000000000, -1.364631143138098188E-16, 0.000000000000000000 ) ) ;
#1198 = CARTESIAN_POINT ( 'NONE',  ( 0.2466666419999996029, 0.000000000000000000, 2.353333357999999098 ) ) ;
#1199 = MECHANICAL_DESIGN_GEOMETRIC_PRESENTATION_REPRESENTATION (  '', ( #958 ), #1891 ) ;
#1200 = DIRECTION ( 'NONE',  ( 0.9610348236706636182, -0.2764273280489764617, 0.000000000000000000 ) ) ;
#1201 = CARTESIAN_POINT ( 'NONE',  ( 0.5000000000000000000, 6.099999999999999645, 2.600000000000000089 ) ) ;
#1202 = CARTESIAN_POINT ( 'NONE',  ( 2.905498000000000580, 0.2275680000000001035, 2.600000000000000089 ) ) ;
#1203 =( NAMED_UNIT ( * ) SI_UNIT ( $, .STERADIAN. ) SOLID_ANGLE_UNIT ( ) );
#1204 = FACE_OUTER_BOUND ( 'NONE', #2045, .T. ) ;
#1206 = ORIENTED_EDGE ( 'NONE', *, *, #1265, .T. ) ;
#1205 = DIRECTION ( 'NONE',  ( 1.000000000000000000, 0.000000000000000000, 0.000000000000000000 ) ) ;
#1207 = EDGE_CURVE ( 'NONE', #509, #2979, #23, .T. ) ;
#1208 = ORIENTED_EDGE ( 'NONE', *, *, #1113, .T. ) ;
#1209 = CARTESIAN_POINT ( 'NONE',  ( 4.587256484269100376, 3.203675997410458276, 2.604999999999999538 ) ) ;
#1210 = EDGE_CURVE ( 'NONE', #1272, #511, #1412, .T. ) ;
#1211 = DIRECTION ( 'NONE',  ( -0.000000000000000000, -0.000000000000000000, -1.000000000000000000 ) ) ;
#1212 = DIRECTION ( 'NONE',  ( 0.05375259206908576670, 0.9985542843760946141, 0.000000000000000000 ) ) ;
#1213 = CARTESIAN_POINT ( 'NONE',  ( 2.857882143254554919, 3.356904137849748615, 2.600000000000000089 ) ) ;
#1214 = PRESENTATION_STYLE_ASSIGNMENT (( #266 ) ) ;
#1215 = SURFACE_STYLE_USAGE ( .BOTH. , #1953 ) ;
#1216 = VERTEX_POINT ( 'NONE', #2800 ) ;
#1217 = LINE ( 'NONE', #2880, #2565 ) ;
#1218 = DIRECTION ( 'NONE',  ( -0.000000000000000000, 1.000000000000000000, -0.000000000000000000 ) ) ;
#1220 = VERTEX_POINT ( 'NONE', #2547 ) ;
#1219 = FILL_AREA_STYLE ('',( #507 ) ) ;
#1221 = EDGE_LOOP ( 'NONE', ( #523, #2663, #731, #407, #2855, #1992, #1753, #577 ) ) ;
#1222 = MECHANICAL_DESIGN_GEOMETRIC_PRESENTATION_REPRESENTATION (  '', ( #2540 ), #1862 ) ;
#1223 = VECTOR ( 'NONE', #2257, 1000.000000000000000 ) ;
#1224 = VERTEX_POINT ( 'NONE', #464 ) ;
#1225 = EDGE_CURVE ( 'NONE', #41, #2608, #2312, .T. ) ;
#1226 = DIRECTION ( 'NONE',  ( -0.000000000000000000, -0.000000000000000000, -1.000000000000000000 ) ) ;
#1227 = DIRECTION ( 'NONE',  ( -0.000000000000000000, -0.000000000000000000, -1.000000000000000000 ) ) ;
#1228 = EDGE_CURVE ( 'NONE', #1055, #166, #729, .T. ) ;
#1229 = DIRECTION ( 'NONE',  ( -0.9611638845408967402, 0.2759782365590697784, 0.000000000000000000 ) ) ;
#1230 = CARTESIAN_POINT ( 'NONE',  ( 2.129672295196315179, 2.839979999999973970, 2.604999999999999538 ) ) ;
#1231 = FACE_OUTER_BOUND ( 'NONE', #1785, .T. ) ;
#1232 = DIRECTION ( 'NONE',  ( 0.2746459304916892830, 0.9615454294334481178, 0.000000000000000000 ) ) ;
#1233 = EDGE_LOOP ( 'NONE', ( #350, #947, #860, #604 ) ) ;
#1234 = FACE_OUTER_BOUND ( 'NONE', #2595, .T. ) ;
#1235 = STYLED_ITEM ( 'NONE', ( #1135 ), #2418 ) ;
#1236 =( LENGTH_UNIT ( ) NAMED_UNIT ( * ) SI_UNIT ( .MILLI., .METRE. ) );
#1237 = ORIENTED_EDGE ( 'NONE', *, *, #2256, .T. ) ;
#1238 = VECTOR ( 'NONE', #2780, 1000.000000000000000 ) ;
#1239 = ORIENTED_EDGE ( 'NONE', *, *, #613, .F. ) ;
#1240 = EDGE_CURVE ( 'NONE', #912, #2623, #1879, .T. ) ;
#1241 = SURFACE_STYLE_USAGE ( .BOTH. , #2631 ) ;
#1242 = VECTOR ( 'NONE', #1499, 1000.000000000000000 ) ;
#1243 = DIRECTION ( 'NONE',  ( 0.2755265765475025663, 0.9612934544747576693, 0.000000000000000000 ) ) ;
#1244 = AXIS2_PLACEMENT_3D ( 'NONE', #1158, #2550, #1869 ) ;
#1245 = EDGE_CURVE ( 'NONE', #357, #1816, #704, .T. ) ;
#1246 = VECTOR ( 'NONE', #530, 1000.000000000000000 ) ;
#1247 = CARTESIAN_POINT ( 'NONE',  ( 2.755469624710078946, 2.997671487479804053, 2.604999999999999538 ) ) ;
#1248 = ORIENTED_EDGE ( 'NONE', *, *, #1945, .F. ) ;
#1249 = VECTOR ( 'NONE', #222, 1000.000000000000000 ) ;
#1250 = EDGE_CURVE ( 'NONE', #896, #2059, #923, .T. ) ;
#1251 = DIRECTION ( 'NONE',  ( 0.000000000000000000, -1.000000000000000000, 0.000000000000000000 ) ) ;
#1252 = CYLINDRICAL_SURFACE ( 'NONE', #749, 0.2750000000000000777 ) ;
#1253 = EDGE_LOOP ( 'NONE', ( #2909, #2867, #1581, #317 ) ) ;
#1254 = EDGE_LOOP ( 'NONE', ( #2690, #1842, #1990, #1501, #1686, #2362, #2704, #2999, #197, #1963, #2462 ) ) ;
#1255 = CARTESIAN_POINT ( 'NONE',  ( 1.200000000000000178, 0.7500000000000000000, 1.024999999999999911 ) ) ;
#1256 = VERTEX_POINT ( 'NONE', #2341 ) ;
#1257 = LINE ( 'NONE', #497, #383 ) ;
#1258 = CARTESIAN_POINT ( 'NONE',  ( 2.195319536139833438, 3.290029539475469722, 2.604999999999999538 ) ) ;
#1259 = CARTESIAN_POINT ( 'NONE',  ( 6.200000000000001066, -19.00000000000000000, 1.574999999999999956 ) ) ;
#1260 = ADVANCED_FACE ( 'NONE', ( #1866 ), #1155, .T. ) ;
#1261 = ORIENTED_EDGE ( 'NONE', *, *, #2918, .T. ) ;
#1262 = CARTESIAN_POINT ( 'NONE',  ( 4.386191646950289069, 3.668841943181834431, 2.600000000000000089 ) ) ;
#1263 = CARTESIAN_POINT ( 'NONE',  ( 2.755469624710078946, 2.997671487479804053, 2.604999999999999538 ) ) ;
#1264 = FILL_AREA_STYLE_COLOUR ( '', #600 ) ;
#1265 = EDGE_CURVE ( 'NONE', #2055, #1266, #2325, .T. ) ;
#1266 = VERTEX_POINT ( 'NONE', #3036 ) ;
#1267 = FILL_AREA_STYLE ('',( #1502 ) ) ;
#1268 = MECHANICAL_DESIGN_GEOMETRIC_PRESENTATION_REPRESENTATION (  '', ( #2942 ), #978 ) ;
#1269 = VERTEX_POINT ( 'NONE', #2604 ) ;
#1270 =( GEOMETRIC_REPRESENTATION_CONTEXT ( 3 ) GLOBAL_UNCERTAINTY_ASSIGNED_CONTEXT ( ( #2475 ) ) GLOBAL_UNIT_ASSIGNED_CONTEXT ( ( #1573, #399, #1338 ) ) REPRESENTATION_CONTEXT ( 'NONE', 'WORKASPACE' ) );
#1271 = PLANE ( 'NONE',  #1439 ) ;
#1272 = VERTEX_POINT ( 'NONE', #2115 ) ;
#1273 = CARTESIAN_POINT ( 'NONE',  ( 3.325190293987488221, 3.668841943181834431, 2.600000000000000089 ) ) ;
#1274 = LINE ( 'NONE', #1258, #1074 ) ;
#1275 = ORIENTED_EDGE ( 'NONE', *, *, #747, .F. ) ;
#1276 =( NAMED_UNIT ( * ) PLANE_ANGLE_UNIT ( ) SI_UNIT ( $, .RADIAN. ) );
#1277 = SURFACE_STYLE_USAGE ( .BOTH. , #2869 ) ;
#1278 = ADVANCED_FACE ( 'NONE', ( #3052 ), #499, .F. ) ;
#1279 = VECTOR ( 'NONE', #1695, 1000.000000000000000 ) ;
#1280 =( NAMED_UNIT ( * ) PLANE_ANGLE_UNIT ( ) SI_UNIT ( $, .RADIAN. ) );
#1281 = ORIENTED_EDGE ( 'NONE', *, *, #925, .T. ) ;
#1282 = DIRECTION ( 'NONE',  ( -0.000000000000000000, -0.000000000000000000, -1.000000000000000000 ) ) ;
#1283 = STYLED_ITEM ( 'NONE', ( #473 ), #176 ) ;
#1284 = EDGE_CURVE ( 'NONE', #1533, #2571, #1923, .T. ) ;
#1285 = ORIENTED_EDGE ( 'NONE', *, *, #615, .F. ) ;
#1286 = VECTOR ( 'NONE', #2815, 1000.000000000000000 ) ;
#1287 = LINE ( 'NONE', #117, #2337 ) ;
#1288 = ORIENTED_EDGE ( 'NONE', *, *, #2117, .F. ) ;
#1289 = DIRECTION ( 'NONE',  ( -0.2793947940814923148, -0.9601763114346033579, 0.000000000000000000 ) ) ;
#1290 =( GEOMETRIC_REPRESENTATION_CONTEXT ( 3 ) GLOBAL_UNCERTAINTY_ASSIGNED_CONTEXT ( ( #2518 ) ) GLOBAL_UNIT_ASSIGNED_CONTEXT ( ( #2329, #2871, #1418 ) ) REPRESENTATION_CONTEXT ( 'NONE', 'WORKASPACE' ) );
#1291 = CARTESIAN_POINT ( 'NONE',  ( 5.816635148431031688, 3.668841943181834431, 2.600000000000000089 ) ) ;
#1292 = VECTOR ( 'NONE', #2818, 1000.000000000000000 ) ;
#1293 = EDGE_LOOP ( 'NONE', ( #601, #1841, #1542, #1334 ) ) ;
#1294 =( NAMED_UNIT ( * ) SI_UNIT ( $, .STERADIAN. ) SOLID_ANGLE_UNIT ( ) );
#1295 = LINE ( 'NONE', #823, #2683 ) ;
#1296 = VECTOR ( 'NONE', #2854, 1000.000000000000000 ) ;
#1297 = DIRECTION ( 'NONE',  ( -0.6702013163843469901, -0.7421793553560274148, 0.000000000000000000 ) ) ;
#1298 = CARTESIAN_POINT ( 'NONE',  ( 2.582257197913574664, 3.668841943181834431, 2.604999999999999538 ) ) ;
#1299 =( GEOMETRIC_REPRESENTATION_CONTEXT ( 3 ) GLOBAL_UNCERTAINTY_ASSIGNED_CONTEXT ( ( #216 ) ) GLOBAL_UNIT_ASSIGNED_CONTEXT ( ( #2894, #1276, #2434 ) ) REPRESENTATION_CONTEXT ( 'NONE', 'WORKASPACE' ) );
#1300 = DIRECTION ( 'NONE',  ( 0.2755265765475025663, 0.9612934544747576693, 0.000000000000000000 ) ) ;
#1301 = ORIENTED_EDGE ( 'NONE', *, *, #1768, .F. ) ;
#1302 = VERTEX_POINT ( 'NONE', #2621 ) ;
#1303 = EDGE_CURVE ( 'NONE', #2608, #2924, #2387, .T. ) ;
#1304 = PRESENTATION_STYLE_ASSIGNMENT (( #349 ) ) ;
#1305 = ORIENTED_EDGE ( 'NONE', *, *, #2828, .T. ) ;
#1306 = EDGE_CURVE ( 'NONE', #1556, #509, #1460, .T. ) ;
#1307 = FACE_OUTER_BOUND ( 'NONE', #2251, .T. ) ;
#1308 = VERTEX_POINT ( 'NONE', #2995 ) ;
#1309 = SURFACE_STYLE_FILL_AREA ( #170 ) ;
#1310 = DIRECTION ( 'NONE',  ( -0.000000000000000000, -0.000000000000000000, -1.000000000000000000 ) ) ;
#1311 = ORIENTED_EDGE ( 'NONE', *, *, #869, .F. ) ;
#1312 = LINE ( 'NONE', #2993, #145 ) ;
#1313 = CARTESIAN_POINT ( 'NONE',  ( 3.367280840427302024, 2.839979999999973970, 2.600000000000000089 ) ) ;
#1314 = UNCERTAINTY_MEASURE_WITH_UNIT (LENGTH_MEASURE( 1.000000000000000082E-05 ), #2386, 'distance_accuracy_value', 'NONE');
#1315 = ORIENTED_EDGE ( 'NONE', *, *, #2133, .F. ) ;
#1316 = VERTEX_POINT ( 'NONE', #3011 ) ;
#1317 = VERTEX_POINT ( 'NONE', #374 ) ;
#1318 = FILL_AREA_STYLE ('',( #1761 ) ) ;
#1319 = EDGE_CURVE ( 'NONE', #1496, #227, #2279, .T. ) ;
#1320 = ORIENTED_EDGE ( 'NONE', *, *, #427, .T. ) ;
#1321 = UNCERTAINTY_MEASURE_WITH_UNIT (LENGTH_MEASURE( 1.000000000000000082E-05 ), #934, 'distance_accuracy_value', 'NONE');
#1322 = FILL_AREA_STYLE_COLOUR ( '', #1534 ) ;
#1323 = PRESENTATION_LAYER_ASSIGNMENT (  '', '', ( #1810 ) ) ;
#1324 = DIRECTION ( 'NONE',  ( 1.000000000000000000, 5.694109626320596952E-16, 0.000000000000000000 ) ) ;
#1325 = EDGE_CURVE ( 'NONE', #1195, #2139, #409, .T. ) ;
#1326 = MECHANICAL_DESIGN_GEOMETRIC_PRESENTATION_REPRESENTATION (  '', ( #527 ), #2493 ) ;
#1327 = VERTEX_POINT ( 'NONE', #2002 ) ;
#1328 = SURFACE_SIDE_STYLE ('',( #1309 ) ) ;
#1329 = CARTESIAN_POINT ( 'NONE',  ( 2.195319536139833438, 3.290029539475469722, 2.604999999999999538 ) ) ;
#1330 =( LENGTH_UNIT ( ) NAMED_UNIT ( * ) SI_UNIT ( .MILLI., .METRE. ) );
#1331 = PRESENTATION_STYLE_ASSIGNMENT (( #2001 ) ) ;
#1332 = LINE ( 'NONE', #2070, #2358 ) ;
#1333 = ORIENTED_EDGE ( 'NONE', *, *, #560, .F. ) ;
#1334 = ORIENTED_EDGE ( 'NONE', *, *, #783, .T. ) ;
#1335 = ORIENTED_EDGE ( 'NONE', *, *, #1591, .F. ) ;
#1336 = AXIS2_PLACEMENT_3D ( 'NONE', #836, #1764, #2693 ) ;
#1337 = DIRECTION ( 'NONE',  ( 0.000000000000000000, 0.000000000000000000, -1.000000000000000000 ) ) ;
#1338 =( NAMED_UNIT ( * ) SI_UNIT ( $, .STERADIAN. ) SOLID_ANGLE_UNIT ( ) );
#1339 = AXIS2_PLACEMENT_3D ( 'NONE', #185, #2095, #1829 ) ;
#1340 = ORIENTED_EDGE ( 'NONE', *, *, #781, .T. ) ;
#1341 = PRESENTATION_LAYER_ASSIGNMENT (  '', '', ( #2407 ) ) ;
#1342 = EDGE_CURVE ( 'NONE', #1725, #1390, #877, .T. ) ;
#1343 = CARTESIAN_POINT ( 'NONE',  ( 7.400000000000000355, 6.099999999999999645, 0.000000000000000000 ) ) ;
#1344 = VECTOR ( 'NONE', #1551, 1000.000000000000000 ) ;
#1345 = LINE ( 'NONE', #2049, #2364 ) ;
#1346 = EDGE_CURVE ( 'NONE', #539, #455, #1332, .T. ) ;
#1347 = AXIS2_PLACEMENT_3D ( 'NONE', #1942, #1017, #2896 ) ;
#1348 = CARTESIAN_POINT ( 'NONE',  ( 4.150186186611035666, 3.581447541530523804, 2.604999999999999538 ) ) ;
#1349 = ORIENTED_EDGE ( 'NONE', *, *, #2354, .T. ) ;
#1350 = VECTOR ( 'NONE', #94, 1000.000000000000000 ) ;
#1351 = ORIENTED_EDGE ( 'NONE', *, *, #2521, .F. ) ;
#1352 = ORIENTED_EDGE ( 'NONE', *, *, #1960, .F. ) ;
#1353 = LINE ( 'NONE', #2954, #784 ) ;
#1354 = PLANE ( 'NONE',  #671 ) ;
#1355 = EDGE_CURVE ( 'NONE', #1816, #2162, #390, .T. ) ;
#1356 =( LENGTH_UNIT ( ) NAMED_UNIT ( * ) SI_UNIT ( .MILLI., .METRE. ) );
#1357 = VERTEX_POINT ( 'NONE', #2260 ) ;
#1358 = DIRECTION ( 'NONE',  ( 0.2793947940878294123, 0.9601763114327593884, 0.000000000000000000 ) ) ;
#1359 = DIRECTION ( 'NONE',  ( -0.000000000000000000, -0.000000000000000000, 1.000000000000000000 ) ) ;
#1360 = EDGE_LOOP ( 'NONE', ( #1662, #2199, #2903, #80 ) ) ;
#1361 = ADVANCED_FACE ( 'NONE', ( #2774 ), #2703, .F. ) ;
#1362 = ORIENTED_EDGE ( 'NONE', *, *, #2514, .T. ) ;
#1363 = ORIENTED_EDGE ( 'NONE', *, *, #1960, .T. ) ;
#1364 = LINE ( 'NONE', #647, #87 ) ;
#1365 = FILL_AREA_STYLE ('',( #1617 ) ) ;
#1366 =( BOUNDED_CURVE ( )  B_SPLINE_CURVE ( 3, ( #158, #141, #585, #1543 ),
 .UNSPECIFIED., .F., .F. ) 
 B_SPLINE_CURVE_WITH_KNOTS ( ( 4, 4 ),
 ( 3.141592653589793116, 4.712388980384689674 ),
 .UNSPECIFIED. ) 
 CURVE ( )  GEOMETRIC_REPRESENTATION_ITEM ( )  RATIONAL_B_SPLINE_CURVE ( ( 1.000000000000000000, 0.8047378541243649375, 0.8047378541243649375, 1.000000000000000000 ) ) 
 REPRESENTATION_ITEM ( '' )  );
#1367 = FACE_OUTER_BOUND ( 'NONE', #721, .T. ) ;
#1368 = VECTOR ( 'NONE', #121, 1000.000000000000000 ) ;
#1369 = LINE ( 'NONE', #1668, #175 ) ;
#1370 = DIRECTION ( 'NONE',  ( -0.9617234872620596953, 0.2740217765954067186, 0.000000000000000000 ) ) ;
#1371 = CARTESIAN_POINT ( 'NONE',  ( 0.000000000000000000, 0.000000000000000000, 2.600000000000000089 ) ) ;
#1372 = CARTESIAN_POINT ( 'NONE',  ( 1.820030429532615512, 2.839979999999973970, 2.604999999999999538 ) ) ;
#1373 = CARTESIAN_POINT ( 'NONE',  ( 2.058546050702503294, 3.668841943181834431, 2.600000000000000089 ) ) ;
#1374 = DIRECTION ( 'NONE',  ( 0.2745159998572631044, 0.9615825319869153454, 0.000000000000000000 ) ) ;
#1375 = VERTEX_POINT ( 'NONE', #2753 ) ;
#1376 = EDGE_CURVE ( 'NONE', #1603, #59, #1125, .T. ) ;
#1377 = EDGE_LOOP ( 'NONE', ( #42, #755, #352, #559 ) ) ;
#1378 = SURFACE_STYLE_USAGE ( .BOTH. , #1889 ) ;
#1379 = VECTOR ( 'NONE', #2047, 1000.000000000000000 ) ;
#1380 = LINE ( 'NONE', #1153, #2651 ) ;
#1381 = VECTOR ( 'NONE', #2587, 1000.000000000000000 ) ;
#1382 = DIRECTION ( 'NONE',  ( 1.000000000000000000, 0.000000000000000000, 0.000000000000000000 ) ) ;
#1383 = DIRECTION ( 'NONE',  ( -0.000000000000000000, -1.000000000000000000, -0.000000000000000000 ) ) ;
#1384 = AXIS2_PLACEMENT_3D ( 'NONE', #1971, #2916, #800 ) ;
#1385 = FACE_OUTER_BOUND ( 'NONE', #1547, .T. ) ;
#1386 = CARTESIAN_POINT ( 'NONE',  ( 2.582257197913574664, 3.668841943181834431, 2.600000000000000089 ) ) ;
#1387 =( GEOMETRIC_REPRESENTATION_CONTEXT ( 3 ) GLOBAL_UNCERTAINTY_ASSIGNED_CONTEXT ( ( #1818 ) ) GLOBAL_UNIT_ASSIGNED_CONTEXT ( ( #2610, #3040, #505 ) ) REPRESENTATION_CONTEXT ( 'NONE', 'WORKASPACE' ) );
#1388 = LINE ( 'NONE', #2201, #948 ) ;
#1389 = CARTESIAN_POINT ( 'NONE',  ( 4.528454218233457951, 2.997701730371300499, 2.604999999999999538 ) ) ;
#1390 = VERTEX_POINT ( 'NONE', #1081 ) ;
#1391 = EDGE_CURVE ( 'NONE', #776, #2933, #2947, .T. ) ;
#1392 = CARTESIAN_POINT ( 'NONE',  ( 5.770637865296988522, 3.508786095205675082, 2.600000000000000089 ) ) ;
#1393 = LINE ( 'NONE', #1163, #1778 ) ;
#1394 = VECTOR ( 'NONE', #1079, 1000.000000000000000 ) ;
#1395 = UNCERTAINTY_MEASURE_WITH_UNIT (LENGTH_MEASURE( 1.000000000000000082E-05 ), #1236, 'distance_accuracy_value', 'NONE');
#1396 = EDGE_CURVE ( 'NONE', #1449, #1797, #2300, .T. ) ;
#1397 = FILL_AREA_STYLE_COLOUR ( '', #1969 ) ;
#1398 = LINE ( 'NONE', #206, #1670 ) ;
#1399 = DIRECTION ( 'NONE',  ( -1.000000000000000000, 0.000000000000000000, 0.000000000000000000 ) ) ;
#1400 = CARTESIAN_POINT ( 'NONE',  ( 2.712854867454359997, 3.668841943181834431, 2.600000000000000089 ) ) ;
#1401 = DIRECTION ( 'NONE',  ( -1.000000000000000000, -1.364631143138098188E-16, 0.000000000000000000 ) ) ;
#1402 = CARTESIAN_POINT ( 'NONE',  ( 4.150186186611035666, 3.581447541530523804, 2.604999999999999538 ) ) ;
#1404 = VERTEX_POINT ( 'NONE', #2039 ) ;
#1403 = LINE ( 'NONE', #1419, #2411 ) ;
#1405 = VERTEX_POINT ( 'NONE', #1313 ) ;
#1406 = CARTESIAN_POINT ( 'NONE',  ( 4.386191646950289069, 3.668841943181834431, 2.604999999999999538 ) ) ;
#1407 = DIRECTION ( 'NONE',  ( -0.000000000000000000, -0.000000000000000000, -1.000000000000000000 ) ) ;
#1408 = CARTESIAN_POINT ( 'NONE',  ( 1.200000000000000178, 0.7500000000000000000, 1.300000000000000044 ) ) ;
#1409 =( NAMED_UNIT ( * ) PLANE_ANGLE_UNIT ( ) SI_UNIT ( $, .RADIAN. ) );
#1410 = EDGE_CURVE ( 'NONE', #2476, #2379, #2841, .T. ) ;
#1411 = DIRECTION ( 'NONE',  ( -0.2746918797667269874, -0.9615323037684287977, 0.000000000000000000 ) ) ;
#1412 = LINE ( 'NONE', #971, #1292 ) ;
#1413 = VECTOR ( 'NONE', #909, 1000.000000000000000 ) ;
#1414 =( NAMED_UNIT ( * ) SI_UNIT ( $, .STERADIAN. ) SOLID_ANGLE_UNIT ( ) );
#1415 = CARTESIAN_POINT ( 'NONE',  ( 1.822540590363160407, 3.668841943181834431, 2.604999999999999538 ) ) ;
#1416 = VECTOR ( 'NONE', #1164, 1000.000000000000114 ) ;
#1417 = LINE ( 'NONE', #975, #745 ) ;
#1418 =( NAMED_UNIT ( * ) SI_UNIT ( $, .STERADIAN. ) SOLID_ANGLE_UNIT ( ) );
#1420 = EDGE_LOOP ( 'NONE', ( #367, #1739, #579, #15 ) ) ;
#1419 = CARTESIAN_POINT ( 'NONE',  ( 4.918622828469700003, 2.997701730371300499, 2.600000000000000089 ) ) ;
#1421 = ORIENTED_EDGE ( 'NONE', *, *, #714, .F. ) ;
#1422 = MECHANICAL_DESIGN_GEOMETRIC_PRESENTATION_REPRESENTATION (  '', ( #2397 ), #1782 ) ;
#1423 = PLANE ( 'NONE',  #682 ) ;
#1424 = CARTESIAN_POINT ( 'NONE',  ( 0.000000000000000000, 6.599999999999999645, 2.600000000000000089 ) ) ;
#1425 = VECTOR ( 'NONE', #1845, 1000.000000000000000 ) ;
#1426 = CARTESIAN_POINT ( 'NONE',  ( 4.247638870609963924, 2.839979999999973970, 2.604999999999999538 ) ) ;
#1427 = CARTESIAN_POINT ( 'NONE',  ( 4.022658435990103420, 3.668841943181834431, 2.604999999999999538 ) ) ;
#1428 = PRESENTATION_STYLE_ASSIGNMENT (( #2783 ) ) ;
#1429 = CARTESIAN_POINT ( 'NONE',  ( 1.949023931268476728, 3.290029539475463949, 2.600000000000000089 ) ) ;
#1430 = LINE ( 'NONE', #2326, #1937 ) ;
#1431 = ADVANCED_FACE ( 'NONE', ( #1597 ), #2288, .F. ) ;
#1432 = VECTOR ( 'NONE', #2417, 1000.000000000000000 ) ;
#1433 =( LENGTH_UNIT ( ) NAMED_UNIT ( * ) SI_UNIT ( .MILLI., .METRE. ) );
#1434 = CARTESIAN_POINT ( 'NONE',  ( 2.712854867454359997, 3.668841943181834431, 2.604999999999999538 ) ) ;
#1435 = VECTOR ( 'NONE', #1282, 1000.000000000000000 ) ;
#1437 = ORIENTED_EDGE ( 'NONE', *, *, #480, .F. ) ;
#1436 = CARTESIAN_POINT ( 'NONE',  ( 4.494501999999998887, 0.2275680000000001035, 0.000000000000000000 ) ) ;
#1438 = ADVANCED_FACE ( 'NONE', ( #623 ), #1579, .F. ) ;
#1439 = AXIS2_PLACEMENT_3D ( 'NONE', #1159, #2567, #469 ) ;
#1440 = VECTOR ( 'NONE', #1168, 1000.000000000000000 ) ;
#1441 = ORIENTED_EDGE ( 'NONE', *, *, #1245, .F. ) ;
#1442 = FACE_OUTER_BOUND ( 'NONE', #2996, .T. ) ;
#1443 = AXIS2_PLACEMENT_3D ( 'NONE', #2361, #224, #1205 ) ;
#1444 = CARTESIAN_POINT ( 'NONE',  ( 7.153333358000001141, 0.7500000000000000000, 2.353333357999999986 ) ) ;
#1445 = CIRCLE ( 'NONE', #1548, 0.2750000000000000777 ) ;
#1446 = LINE ( 'NONE', #1938, #143 ) ;
#1447 = FILL_AREA_STYLE_COLOUR ( '', #498 ) ;
#1448 = CARTESIAN_POINT ( 'NONE',  ( 4.486048641652518931, 3.668841943181834431, 2.600000000000000089 ) ) ;
#1449 = VERTEX_POINT ( 'NONE', #1564 ) ;
#1450 = PLANE ( 'NONE',  #1244 ) ;
#1451 = LINE ( 'NONE', #943, #2266 ) ;
#1452 = EDGE_CURVE ( 'NONE', #1224, #1357, #2053, .T. ) ;
#1454 = ORIENTED_EDGE ( 'NONE', *, *, #1979, .T. ) ;
#1453 = SURFACE_STYLE_FILL_AREA ( #1219 ) ;
#1455 = EDGE_CURVE ( 'NONE', #2987, #1988, #1611, .T. ) ;
#1456 = ORIENTED_EDGE ( 'NONE', *, *, #2724, .T. ) ;
#1457 = DIRECTION ( 'NONE',  ( 0.2762033010290175228, 0.9610992334304890861, 0.000000000000000000 ) ) ;
#1458 = LINE ( 'NONE', #2843, #2113 ) ;
#1459 = DIRECTION ( 'NONE',  ( -0.000000000000000000, 1.000000000000000000, -0.000000000000000000 ) ) ;
#1460 = LINE ( 'NONE', #283, #1344 ) ;
#1461 = SURFACE_STYLE_USAGE ( .BOTH. , #2156 ) ;
#1462 = LINE ( 'NONE', #2198, #2973 ) ;
#1463 = DIRECTION ( 'NONE',  ( 0.2755520632520602198, 0.9612861490927312458, 0.000000000000000000 ) ) ;
#1464 = FACE_OUTER_BOUND ( 'NONE', #2706, .T. ) ;
#1465 = SURFACE_STYLE_USAGE ( .BOTH. , #1020 ) ;
#1466 = EDGE_LOOP ( 'NONE', ( #1641, #2433, #1192, #1552 ) ) ;
#1467 = VECTOR ( 'NONE', #2864, 1000.000000000000000 ) ;
#1468 = VECTOR ( 'NONE', #1324, 1000.000000000000000 ) ;
#1469 = ORIENTED_EDGE ( 'NONE', *, *, #71, .T. ) ;
#1470 = ORIENTED_EDGE ( 'NONE', *, *, #2151, .F. ) ;
#1471 = DIRECTION ( 'NONE',  ( -0.9620200793798827643, 0.2729786930694848013, 0.000000000000000000 ) ) ;
#1472 = EDGE_CURVE ( 'NONE', #147, #2075, #195, .T. ) ;
#1473 = CARTESIAN_POINT ( 'NONE',  ( 6.200000000000001066, 0.7500000000000006661, 1.024999999999999911 ) ) ;
#1474 = CARTESIAN_POINT ( 'NONE',  ( 4.942907871994606239, 3.203675997410458276, 2.604999999999999538 ) ) ;
#1475 =( NAMED_UNIT ( * ) SI_UNIT ( $, .STERADIAN. ) SOLID_ANGLE_UNIT ( ) );
#1476 = VECTOR ( 'NONE', #902, 1000.000000000000000 ) ;
#1477 = LINE ( 'NONE', #2866, #799 ) ;
#1478 = VERTEX_POINT ( 'NONE', #2566 ) ;
#1479 = LINE ( 'NONE', #1498, #500 ) ;
#1480 = CARTESIAN_POINT ( 'NONE',  ( 1.820030429532615512, 2.839979999999973970, 2.604999999999999538 ) ) ;
#1481 = PRESENTATION_LAYER_ASSIGNMENT (  '', '', ( #1235 ) ) ;
#1482 = CARTESIAN_POINT ( 'NONE',  ( 7.400000000000000355, 6.099999999999999645, 0.000000000000000000 ) ) ;
#1483 = VERTEX_POINT ( 'NONE', #1689 ) ;
#1484 =( GEOMETRIC_REPRESENTATION_CONTEXT ( 3 ) GLOBAL_UNCERTAINTY_ASSIGNED_CONTEXT ( ( #627 ) ) GLOBAL_UNIT_ASSIGNED_CONTEXT ( ( #2657, #2205, #1530 ) ) REPRESENTATION_CONTEXT ( 'NONE', 'WORKASPACE' ) );
#1485 = ORIENTED_EDGE ( 'NONE', *, *, #2306, .T. ) ;
#1486 = CARTESIAN_POINT ( 'NONE',  ( 5.770637865296988522, 3.508786095205675082, 2.600000000000000089 ) ) ;
#1487 = AXIS2_PLACEMENT_3D ( 'NONE', #1085, #1041, #2537 ) ;
#1488 = LINE ( 'NONE', #47, #1910 ) ;
#1489 =( GEOMETRIC_REPRESENTATION_CONTEXT ( 3 ) GLOBAL_UNCERTAINTY_ASSIGNED_CONTEXT ( ( #386 ) ) GLOBAL_UNIT_ASSIGNED_CONTEXT ( ( #2977, #2276, #1546 ) ) REPRESENTATION_CONTEXT ( 'NONE', 'WORKASPACE' ) );
#1490 = EDGE_CURVE ( 'NONE', #2735, #912, #2834, .T. ) ;
#1491 = ORIENTED_EDGE ( 'NONE', *, *, #1455, .F. ) ;
#1492 = DIRECTION ( 'NONE',  ( 0.2746459304916892830, 0.9615454294334481178, 0.000000000000000000 ) ) ;
#1493 = STYLED_ITEM ( 'NONE', ( #2161 ), #1836 ) ;
#1494 = ADVANCED_FACE ( 'NONE', ( #2852 ), #1450, .T. ) ;
#1495 = PRESENTATION_LAYER_ASSIGNMENT (  '', '', ( #2517 ) ) ;
#1496 = VERTEX_POINT ( 'NONE', #1672 ) ;
#1497 = VECTOR ( 'NONE', #110, 1000.000000000000000 ) ;
#1498 = CARTESIAN_POINT ( 'NONE',  ( 0.2466666420000000193, 0.000000000000000000, 0.2466666420000000193 ) ) ;
#1499 = DIRECTION ( 'NONE',  ( -0.000000000000000000, -0.000000000000000000, -1.000000000000000000 ) ) ;
#1500 = DIRECTION ( 'NONE',  ( 1.000000000000000000, 0.000000000000000000, 0.000000000000000000 ) ) ;
#1501 = ORIENTED_EDGE ( 'NONE', *, *, #2984, .F. ) ;
#1502 = FILL_AREA_STYLE_COLOUR ( '', #2557 ) ;
#1503 = APPLICATION_PROTOCOL_DEFINITION ( 'draft international standard', 'automotive_design', 1998, #312 ) ;
#1504 = ORIENTED_EDGE ( 'NONE', *, *, #2572, .T. ) ;
#1505 =( BOUNDED_CURVE ( )  B_SPLINE_CURVE ( 3, ( #370, #2731, #1123, #2990 ),
 .UNSPECIFIED., .F., .F. ) 
 B_SPLINE_CURVE_WITH_KNOTS ( ( 4, 4 ),
 ( 1.570796326794896780, 3.141592653589793116 ),
 .UNSPECIFIED. ) 
 CURVE ( )  GEOMETRIC_REPRESENTATION_ITEM ( )  RATIONAL_B_SPLINE_CURVE ( ( 1.000000000000000000, 0.8047378541243650485, 0.8047378541243650485, 1.000000000000000000 ) ) 
 REPRESENTATION_ITEM ( '' )  );
#1506 = CARTESIAN_POINT ( 'NONE',  ( 3.758762496292179733, 2.839979999999973970, 2.604999999999999538 ) ) ;
#1507 = VERTEX_POINT ( 'NONE', #211 ) ;
#1508 = LINE ( 'NONE', #1013, #2217 ) ;
#1509 = EDGE_CURVE ( 'NONE', #2059, #62, #2592, .T. ) ;
#1510 = VERTEX_POINT ( 'NONE', #735 ) ;
#1511 = LINE ( 'NONE', #2636, #2660 ) ;
#1512 = EDGE_LOOP ( 'NONE', ( #2555, #2280, #2598, #324 ) ) ;
#1513 = EDGE_CURVE ( 'NONE', #596, #646, #468, .T. ) ;
#1514 = ORIENTED_EDGE ( 'NONE', *, *, #1626, .T. ) ;
#1515 = CARTESIAN_POINT ( 'NONE',  ( 6.200000000000001066, -19.00000000000000000, 1.024999999999999911 ) ) ;
#1516 = VECTOR ( 'NONE', #633, 1000.000000000000000 ) ;
#1517 = ORIENTED_EDGE ( 'NONE', *, *, #2076, .T. ) ;
#1518 = VECTOR ( 'NONE', #1892, 1000.000000000000227 ) ;
#1519 = CARTESIAN_POINT ( 'NONE',  ( -0.08996538428017367139, 0.1572233423686904275, 2.600000000000000089 ) ) ;
#1520 = ORIENTED_EDGE ( 'NONE', *, *, #573, .T. ) ;
#1521 = SURFACE_STYLE_USAGE ( .BOTH. , #2228 ) ;
#1522 = CARTESIAN_POINT ( 'NONE',  ( 5.101360472959699521, 3.668841943181834431, 2.600000000000000089 ) ) ;
#1523 = FACE_OUTER_BOUND ( 'NONE', #67, .T. ) ;
#1524 = ORIENTED_EDGE ( 'NONE', *, *, #783, .F. ) ;
#1525 = DIRECTION ( 'NONE',  ( -0.000000000000000000, -0.000000000000000000, -1.000000000000000000 ) ) ;
#1526 = LINE ( 'NONE', #2656, #1242 ) ;
#1527 = VECTOR ( 'NONE', #2107, 1000.000000000000000 ) ;
#1528 = ADVANCED_FACE ( 'NONE', ( #2131 ), #2609, .T. ) ;
#1529 = ORIENTED_EDGE ( 'NONE', *, *, #364, .T. ) ;
#1530 =( NAMED_UNIT ( * ) SI_UNIT ( $, .STERADIAN. ) SOLID_ANGLE_UNIT ( ) );
#1531 = AXIS2_PLACEMENT_3D ( 'NONE', #1009, #2468, #2515 ) ;
#1532 = EDGE_CURVE ( 'NONE', #1179, #1327, #26, .T. ) ;
#1533 = VERTEX_POINT ( 'NONE', #1386 ) ;
#1534 = COLOUR_RGB ( '',0.4980392156862745168, 0.4980392156862745168, 0.4980392156862745168 ) ;
#1535 = SURFACE_SIDE_STYLE ('',( #581 ) ) ;
#1536 =( GEOMETRIC_REPRESENTATION_CONTEXT ( 3 ) GLOBAL_UNCERTAINTY_ASSIGNED_CONTEXT ( ( #1812 ) ) GLOBAL_UNIT_ASSIGNED_CONTEXT ( ( #1117, #2946, #2840 ) ) REPRESENTATION_CONTEXT ( 'NONE', 'WORKASPACE' ) );
#1537 = VERTEX_POINT ( 'NONE', #3026 ) ;
#1538 = DIRECTION ( 'NONE',  ( -0.9601763114346034689, 0.2793947940814923703, 0.000000000000000000 ) ) ;
#1539 = VECTOR ( 'NONE', #1870, 1000.000000000000000 ) ;
#1540 = DIRECTION ( 'NONE',  ( -0.9985542843760946141, 0.05375259206908577364, 0.000000000000000000 ) ) ;
#1541 = AXIS2_PLACEMENT_3D ( 'NONE', #893, #359, #2737 ) ;
#1542 = ORIENTED_EDGE ( 'NONE', *, *, #122, .F. ) ;
#1543 = CARTESIAN_POINT ( 'NONE',  ( 6.899999999999999467, 6.599999999999999645, 2.100000000000000089 ) ) ;
#1544 = DIRECTION ( 'NONE',  ( -0.6702013163843469901, -0.7421793553560274148, -8.416606772621386464E-17 ) ) ;
#1545 = VECTOR ( 'NONE', #1032, 1000.000000000000227 ) ;
#1546 =( NAMED_UNIT ( * ) SI_UNIT ( $, .STERADIAN. ) SOLID_ANGLE_UNIT ( ) );
#1547 = EDGE_LOOP ( 'NONE', ( #1514, #963, #157, #2346 ) ) ;
#1548 = AXIS2_PLACEMENT_3D ( 'NONE', #1139, #3053, #2606 ) ;
#1549 = DIRECTION ( 'NONE',  ( -5.694109626320597938E-16, 1.000000000000000000, 0.000000000000000000 ) ) ;
#1550 = EDGE_CURVE ( 'NONE', #1988, #1797, #2328, .T. ) ;
#1551 = DIRECTION ( 'NONE',  ( 0.000000000000000000, 0.000000000000000000, 1.000000000000000000 ) ) ;
#1552 = ORIENTED_EDGE ( 'NONE', *, *, #241, .T. ) ;
#1553 = ORIENTED_EDGE ( 'NONE', *, *, #981, .F. ) ;
#1554 = EDGE_CURVE ( 'NONE', #625, #2793, #1417, .T. ) ;
#1555 =( NAMED_UNIT ( * ) PLANE_ANGLE_UNIT ( ) SI_UNIT ( $, .RADIAN. ) );
#1556 = VERTEX_POINT ( 'NONE', #237 ) ;
#1557 = LINE ( 'NONE', #628, #2700 ) ;
#1558 = DIRECTION ( 'NONE',  ( 0.002813301676021314271, 0.9999960426590095430, -0.000000000000000000 ) ) ;
#1559 = ORIENTED_EDGE ( 'NONE', *, *, #1207, .F. ) ;
#1560 = DIRECTION ( 'NONE',  ( 0.2763173343569615970, 0.9610664548999008350, 0.000000000000000000 ) ) ;
#1561 = CARTESIAN_POINT ( 'NONE',  ( 3.407864284002566357, 3.668841943181834431, 2.604999999999999538 ) ) ;
#1562 = VERTEX_POINT ( 'NONE', #913 ) ;
#1563 = DIRECTION ( 'NONE',  ( 7.938847109813994231E-05, 0.9999999968487353064, -0.000000000000000000 ) ) ;
#1564 = CARTESIAN_POINT ( 'NONE',  ( 4.147887726700903777, 2.839979999999973970, 2.604999999999999538 ) ) ;
#1565 = ORIENTED_EDGE ( 'NONE', *, *, #380, .T. ) ;
#1566 = VERTEX_POINT ( 'NONE', #1642 ) ;
#1567 = EDGE_CURVE ( 'NONE', #2075, #452, #1173, .T. ) ;
#1568 = ORIENTED_EDGE ( 'NONE', *, *, #1768, .T. ) ;
#1569 =( GEOMETRIC_REPRESENTATION_CONTEXT ( 3 ) GLOBAL_UNCERTAINTY_ASSIGNED_CONTEXT ( ( #2261 ) ) GLOBAL_UNIT_ASSIGNED_CONTEXT ( ( #2633, #2419, #1475 ) ) REPRESENTATION_CONTEXT ( 'NONE', 'WORKASPACE' ) );
#1570 = VERTEX_POINT ( 'NONE', #1853 ) ;
#1571 = EDGE_CURVE ( 'NONE', #1483, #596, #2788, .T. ) ;
#1572 = VECTOR ( 'NONE', #2782, 1000.000000000000000 ) ;
#1573 =( LENGTH_UNIT ( ) NAMED_UNIT ( * ) SI_UNIT ( .MILLI., .METRE. ) );
#1574 = ORIENTED_EDGE ( 'NONE', *, *, #2440, .F. ) ;
#1575 = PLANE ( 'NONE',  #651 ) ;
#1576 = UNCERTAINTY_MEASURE_WITH_UNIT (LENGTH_MEASURE( 1.000000000000000082E-05 ), #1433, 'distance_accuracy_value', 'NONE');
#1577 = PRESENTATION_STYLE_ASSIGNMENT (( #2750 ) ) ;
#1578 = ORIENTED_EDGE ( 'NONE', *, *, #1040, .T. ) ;
#1579 = PLANE ( 'NONE',  #202 ) ;
#1580 = ORIENTED_EDGE ( 'NONE', *, *, #19, .T. ) ;
#1581 = ORIENTED_EDGE ( 'NONE', *, *, #1040, .F. ) ;
#1582 = COLOUR_RGB ( '',0.8980392156862745390, 0.9215686274509803377, 0.9294117647058823817 ) ;
#1583 = ORIENTED_EDGE ( 'NONE', *, *, #2575, .F. ) ;
#1584 = DIRECTION ( 'NONE',  ( 0.7145695586382624365, 0.6995643972269591782, 0.000000000000000000 ) ) ;
#1585 = STYLED_ITEM ( 'NONE', ( #1995 ), #2719 ) ;
#1586 = LINE ( 'NONE', #2445, #2860 ) ;
#1587 = EDGE_CURVE ( 'NONE', #396, #1856, #1624, .T. ) ;
#1588 = VECTOR ( 'NONE', #1300, 1000.000000000000114 ) ;
#1589 = CARTESIAN_POINT ( 'NONE',  ( 0.5000000000000000000, 6.599999999999999645, 2.100000000000000089 ) ) ;
#1590 = PRESENTATION_LAYER_ASSIGNMENT (  '', '', ( #2605 ) ) ;
#1591 = EDGE_CURVE ( 'NONE', #396, #2756, #81, .T. ) ;
#1592 = SURFACE_STYLE_FILL_AREA ( #654 ) ;
#1593 = FILL_AREA_STYLE_COLOUR ( '', #2313 ) ;
#1594 = PLANE ( 'NONE',  #398 ) ;
#1595 = ORIENTED_EDGE ( 'NONE', *, *, #219, .F. ) ;
#1596 = LINE ( 'NONE', #194, #3 ) ;
#1597 = FACE_OUTER_BOUND ( 'NONE', #1899, .T. ) ;
#1598 = ORIENTED_EDGE ( 'NONE', *, *, #668, .F. ) ;
#1599 = PRESENTATION_LAYER_ASSIGNMENT (  '', '', ( #103 ) ) ;
#1600 = ORIENTED_EDGE ( 'NONE', *, *, #2133, .T. ) ;
#1601 = ORIENTED_EDGE ( 'NONE', *, *, #1813, .F. ) ;
#1602 = COLOUR_RGB ( '',0.4980392156862745168, 0.4980392156862745168, 0.4980392156862745168 ) ;
#1603 = VERTEX_POINT ( 'NONE', #1703 ) ;
#1604 = FACE_OUTER_BOUND ( 'NONE', #643, .T. ) ;
#1605 = DIRECTION ( 'NONE',  ( -1.000000000000000000, 0.000000000000000000, -1.255832623252358938E-16 ) ) ;
#1606 = CARTESIAN_POINT ( 'NONE',  ( 2.857882143254554919, 3.356904137849748615, 2.600000000000000089 ) ) ;
#1607 = LINE ( 'NONE', #232, #2293 ) ;
#1608 = LINE ( 'NONE', #128, #1394 ) ;
#1609 = ADVANCED_FACE ( 'NONE', ( #299 ), #269, .F. ) ;
#1610 = LINE ( 'NONE', #2718, #2602 ) ;
#1611 = LINE ( 'NONE', #2536, #1882 ) ;
#1612 = ORIENTED_EDGE ( 'NONE', *, *, #653, .F. ) ;
#1613 = EDGE_LOOP ( 'NONE', ( #3028, #2751, #1949, #816 ) ) ;
#1614 = ORIENTED_EDGE ( 'NONE', *, *, #2190, .T. ) ;
#1615 = LINE ( 'NONE', #2556, #1425 ) ;
#1616 = CARTESIAN_POINT ( 'NONE',  ( 1.822540590363160407, 3.668841943181834431, 2.600000000000000089 ) ) ;
#1617 = FILL_AREA_STYLE_COLOUR ( '', #2893 ) ;
#1618 = CARTESIAN_POINT ( 'NONE',  ( 2.700000000000000622, 1.653273178848926620E-16, 0.000000000000000000 ) ) ;
#1619 = PRESENTATION_LAYER_ASSIGNMENT (  '', '', ( #130 ) ) ;
#1620 = CARTESIAN_POINT ( 'NONE',  ( 4.942907871994606239, 3.203675997410458276, 2.600000000000000089 ) ) ;
#1621 = DIRECTION ( 'NONE',  ( -0.2763173343569615414, -0.9610664548999008350, 0.000000000000000000 ) ) ;
#1622 = CARTESIAN_POINT ( 'NONE',  ( 0.000000000000000000, 0.000000000000000000, 0.000000000000000000 ) ) ;
#1623 = VERTEX_POINT ( 'NONE', #1262 ) ;
#1624 = LINE ( 'NONE', #2438, #252 ) ;
#1625 = DIRECTION ( 'NONE',  ( 0.000000000000000000, -1.000000000000000000, 0.000000000000000000 ) ) ;
#1626 = EDGE_CURVE ( 'NONE', #2671, #1496, #2405, .T. ) ;
#1628 = ORIENTED_EDGE ( 'NONE', *, *, #2483, .F. ) ;
#1627 = CARTESIAN_POINT ( 'NONE',  ( 3.325190293987488221, 3.668841943181834431, 2.604999999999999538 ) ) ;
#1629 = EDGE_CURVE ( 'NONE', #662, #147, #2191, .T. ) ;
#1630 = PRESENTATION_LAYER_ASSIGNMENT (  '', '', ( #1678 ) ) ;
#1631 = VERTEX_POINT ( 'NONE', #2926 ) ;
#1632 = FACE_OUTER_BOUND ( 'NONE', #2135, .T. ) ;
#1633 = CARTESIAN_POINT ( 'NONE',  ( 4.699999999999999289, 1.653273178848926620E-16, 0.000000000000000000 ) ) ;
#1634 = AXIS2_PLACEMENT_3D ( 'NONE', #1978, #2677, #1337 ) ;
#1635 = AXIS2_PLACEMENT_3D ( 'NONE', #2760, #459, #2334 ) ;
#1636 = CARTESIAN_POINT ( 'NONE',  ( 3.169872873649988154, 3.203675997412120058, 2.604999999999999538 ) ) ;
#1637 = LINE ( 'NONE', #9, #695 ) ;
#1638 = FILL_AREA_STYLE_COLOUR ( '', #1826 ) ;
#1639 = VECTOR ( 'NONE', #2625, 1000.000000000000114 ) ;
#1640 = LINE ( 'NONE', #2564, #1052 ) ;
#1641 = ORIENTED_EDGE ( 'NONE', *, *, #1228, .T. ) ;
#1642 = CARTESIAN_POINT ( 'NONE',  ( 4.918622828469700003, 2.997701730371300499, 2.604999999999999538 ) ) ;
#1643 = CIRCLE ( 'NONE', #1092, 0.2750000000000000777 ) ;
#1644 =( GEOMETRIC_REPRESENTATION_CONTEXT ( 3 ) GLOBAL_UNCERTAINTY_ASSIGNED_CONTEXT ( ( #2025 ) ) GLOBAL_UNIT_ASSIGNED_CONTEXT ( ( #830, #303, #1068 ) ) REPRESENTATION_CONTEXT ( 'NONE', 'WORKASPACE' ) );
#1646 = ORIENTED_EDGE ( 'NONE', *, *, #1490, .F. ) ;
#1645 = PLANE ( 'NONE',  #2917 ) ;
#1647 = VECTOR ( 'NONE', #2376, 1000.000000000000000 ) ;
#1648 = EDGE_CURVE ( 'NONE', #599, #1272, #287, .T. ) ;
#1649 = ORIENTED_EDGE ( 'NONE', *, *, #2220, .T. ) ;
#1650 = DIRECTION ( 'NONE',  ( -0.9601763114327594995, 0.2793947940878295233, 0.000000000000000000 ) ) ;
#1651 = EDGE_CURVE ( 'NONE', #2055, #1507, #2624, .T. ) ;
#1652 = UNCERTAINTY_MEASURE_WITH_UNIT (LENGTH_MEASURE( 1.000000000000000082E-05 ), #572, 'distance_accuracy_value', 'NONE');
#1653 =( LENGTH_UNIT ( ) NAMED_UNIT ( * ) SI_UNIT ( .MILLI., .METRE. ) );
#1654 = DIRECTION ( 'NONE',  ( -0.2762033010252004650, -0.9610992334315860974, -0.000000000000000000 ) ) ;
#1655 = CARTESIAN_POINT ( 'NONE',  ( 7.153333358000001141, 0.2275680000000006864, 2.353333357999999986 ) ) ;
#1656 = FILL_AREA_STYLE ('',( #2652 ) ) ;
#1657 = CARTESIAN_POINT ( 'NONE',  ( 4.587256484269100376, 3.203675997410458276, 2.604999999999999538 ) ) ;
#1658 = ORIENTED_EDGE ( 'NONE', *, *, #424, .T. ) ;
#1659 = CARTESIAN_POINT ( 'NONE',  ( 6.899999999999999467, 6.099999999999999645, 2.600000000000000089 ) ) ;
#1660 = DIRECTION ( 'NONE',  ( 0.9999960426590095430, -0.002813301676021314705, 0.000000000000000000 ) ) ;
#1662 = ORIENTED_EDGE ( 'NONE', *, *, #2984, .T. ) ;
#1661 = CARTESIAN_POINT ( 'NONE',  ( 4.528454218233457951, 2.997701730371300499, 2.604999999999999538 ) ) ;
#1663 = EDGE_LOOP ( 'NONE', ( #1565, #44, #1873, #2641, #1694, #133, #123, #2925 ) ) ;
#1664 = PLANE ( 'NONE',  #484 ) ;
#1665 = SURFACE_STYLE_USAGE ( .BOTH. , #1861 ) ;
#1666 = EDGE_CURVE ( 'NONE', #2793, #1537, #325, .T. ) ;
#1667 = LINE ( 'NONE', #2350, #1381 ) ;
#1668 = CARTESIAN_POINT ( 'NONE',  ( 3.937261094536540273, 2.839979999999973970, 2.604999999999999538 ) ) ;
#1669 = DIRECTION ( 'NONE',  ( -0.4443210308329519354, -0.8958676361826802825, 0.000000000000000000 ) ) ;
#1670 = VECTOR ( 'NONE', #1654, 1000.000000000000114 ) ;
#1671 = CARTESIAN_POINT ( 'NONE',  ( 3.537795314773091171, 2.839979999999973970, 2.604999999999999538 ) ) ;
#1672 = CARTESIAN_POINT ( 'NONE',  ( 3.214944866010176039, 2.997671487479804053, 2.600000000000000089 ) ) ;
#1673 = FACE_OUTER_BOUND ( 'NONE', #3045, .T. ) ;
#1675 = ORIENTED_EDGE ( 'NONE', *, *, #2076, .F. ) ;
#1674 = DIRECTION ( 'NONE',  ( -0.9612861490927312458, 0.2755520632520602198, 0.000000000000000000 ) ) ;
#1676 = ORIENTED_EDGE ( 'NONE', *, *, #1921, .T. ) ;
#1677 = CARTESIAN_POINT ( 'NONE',  ( 1.949023931268476728, 3.290029539475463949, 2.600000000000000089 ) ) ;
#1678 = STYLED_ITEM ( 'NONE', ( #710 ), #83 ) ;
#1679 = CARTESIAN_POINT ( 'NONE',  ( 3.213639381107466608, 3.356904137849748615, 2.600000000000000089 ) ) ;
#1680 = DIRECTION ( 'NONE',  ( 0.6702013163843469901, 0.7421793553560274148, 0.000000000000000000 ) ) ;
#1681 = STYLED_ITEM ( 'NONE', ( #450 ), #167 ) ;
#1682 = ADVANCED_FACE ( 'NONE', ( #1985 ), #55, .F. ) ;
#1683 = DIRECTION ( 'NONE',  ( -0.000000000000000000, 1.000000000000000000, -0.000000000000000000 ) ) ;
#1684 = CARTESIAN_POINT ( 'NONE',  ( 5.816635148431031688, 3.668841943181834431, 2.604999999999999538 ) ) ;
#1685 = CARTESIAN_POINT ( 'NONE',  ( 7.153333358000001141, 0.7500000000000000000, 0.2466666420000000193 ) ) ;
#1686 = ORIENTED_EDGE ( 'NONE', *, *, #1284, .F. ) ;
#1687 = VECTOR ( 'NONE', #970, 1000.000000000000000 ) ;
#1688 = EDGE_CURVE ( 'NONE', #1758, #140, #2684, .T. ) ;
#1689 = CARTESIAN_POINT ( 'NONE',  ( 4.247638870609963924, 2.839979999999973970, 2.604999999999999538 ) ) ;
#1691 = EDGE_LOOP ( 'NONE', ( #1349, #1808, #1011, #199 ) ) ;
#1690 = PLANE ( 'NONE',  #2136 ) ;
#1692 = ORIENTED_EDGE ( 'NONE', *, *, #1472, .T. ) ;
#1693 = VECTOR ( 'NONE', #515, 1000.000000000000000 ) ;
#1694 = ORIENTED_EDGE ( 'NONE', *, *, #19, .F. ) ;
#1695 = DIRECTION ( 'NONE',  ( -0.000000000000000000, -0.000000000000000000, -1.000000000000000000 ) ) ;
#1696 = COLOUR_RGB ( '',0.4980392156862745168, 0.4980392156862745168, 0.4980392156862745168 ) ;
#1697 = CARTESIAN_POINT ( 'NONE',  ( 0.2466666420000000193, 0.000000000000000000, 0.2466666420000000193 ) ) ;
#1698 =( GEOMETRIC_REPRESENTATION_CONTEXT ( 3 ) GLOBAL_UNCERTAINTY_ASSIGNED_CONTEXT ( ( #187 ) ) GLOBAL_UNIT_ASSIGNED_CONTEXT ( ( #1356, #608, #863 ) ) REPRESENTATION_CONTEXT ( 'NONE', 'WORKASPACE' ) );
#1699 = LINE ( 'NONE', #2153, #2906 ) ;
#1700 = CARTESIAN_POINT ( 'NONE',  ( 2.309486459975828687, 3.668841943181834431, 2.600000000000000089 ) ) ;
#1701 = EDGE_CURVE ( 'NONE', #2163, #808, #1217, .T. ) ;
#1702 = SURFACE_SIDE_STYLE ('',( #746 ) ) ;
#1703 = CARTESIAN_POINT ( 'NONE',  ( 1.957227316808721307, 3.315383165242611785, 2.600000000000000089 ) ) ;
#1704 = SURFACE_SIDE_STYLE ('',( #2927 ) ) ;
#1705 = EDGE_CURVE ( 'NONE', #802, #2321, #1716, .T. ) ;
#1706 = DIRECTION ( 'NONE',  ( -0.000000000000000000, -0.000000000000000000, -1.000000000000000000 ) ) ;
#1707 = ORIENTED_EDGE ( 'NONE', *, *, #1871, .F. ) ;
#1708 = EDGE_CURVE ( 'NONE', #1507, #867, #1479, .T. ) ;
#1709 = ORIENTED_EDGE ( 'NONE', *, *, #261, .F. ) ;
#1710 = LINE ( 'NONE', #2268, #580 ) ;
#1711 = CARTESIAN_POINT ( 'NONE',  ( 2.309486459975828687, 3.668841943181834431, 2.600000000000000089 ) ) ;
#1712 = SURFACE_STYLE_FILL_AREA ( #514 ) ;
#1713 =( LENGTH_UNIT ( ) NAMED_UNIT ( * ) SI_UNIT ( .MILLI., .METRE. ) );
#1714 = PRESENTATION_STYLE_ASSIGNMENT (( #285 ) ) ;
#1715 = ORIENTED_EDGE ( 'NONE', *, *, #1284, .T. ) ;
#1716 = LINE ( 'NONE', #2638, #1246 ) ;
#1717 = PLANE ( 'NONE',  #693 ) ;
#1718 = DIRECTION ( 'NONE',  ( 0.000000000000000000, 1.000000000000000000, 0.000000000000000000 ) ) ;
#1719 = VERTEX_POINT ( 'NONE', #313 ) ;
#1720 = ADVANCED_FACE ( 'NONE', ( #3058 ), #1645, .F. ) ;
#1721 = AXIS2_PLACEMENT_3D ( 'NONE', #1026, #2889, #2646 ) ;
#1722 = ORIENTED_EDGE ( 'NONE', *, *, #364, .F. ) ;
#1723 = EDGE_CURVE ( 'NONE', #1795, #2072, #2344, .T. ) ;
#1724 = CARTESIAN_POINT ( 'NONE',  ( 5.055663460132759468, 3.509976023336028650, 2.604999999999999538 ) ) ;
#1725 = VERTEX_POINT ( 'NONE', #239 ) ;
#1726 = CARTESIAN_POINT ( 'NONE',  ( 4.147887726700903777, 2.839979999999973970, 2.604999999999999538 ) ) ;
#1727 = DIRECTION ( 'NONE',  ( -1.000000000000000000, -1.364631143138098188E-16, 0.000000000000000000 ) ) ;
#1728 = DIRECTION ( 'NONE',  ( -1.000000000000000000, -0.000000000000000000, -0.000000000000000000 ) ) ;
#1729 = CARTESIAN_POINT ( 'NONE',  ( 3.579157512192174373, 3.577894001539488666, 2.604999999999999538 ) ) ;
#1730 =( LENGTH_UNIT ( ) NAMED_UNIT ( * ) SI_UNIT ( .MILLI., .METRE. ) );
#1731 = VECTOR ( 'NONE', #787, 1000.000000000000000 ) ;
#1732 = CARTESIAN_POINT ( 'NONE',  ( 7.399999999999999467, 6.392893218813450851, 1.084202172485504434E-16 ) ) ;
#1733 = ORIENTED_EDGE ( 'NONE', *, *, #3057, .T. ) ;
#1734 = PLANE ( 'NONE',  #1384 ) ;
#1735 = PRESENTATION_LAYER_ASSIGNMENT (  '', '', ( #2265 ) ) ;
#1736 = ORIENTED_EDGE ( 'NONE', *, *, #2052, .T. ) ;
#1737 = LINE ( 'NONE', #2661, #772 ) ;
#1738 = VECTOR ( 'NONE', #1806, 1000.000000000000000 ) ;
#1739 = ORIENTED_EDGE ( 'NONE', *, *, #1022, .F. ) ;
#1740 = ADVANCED_FACE ( 'NONE', ( #1855 ), #470, .F. ) ;
#1741 = DIRECTION ( 'NONE',  ( -0.9619530280415483636, 0.2732148821746286926, 0.000000000000000000 ) ) ;
#1742 = MECHANICAL_DESIGN_GEOMETRIC_PRESENTATION_REPRESENTATION (  '', ( #1493 ), #2032 ) ;
#1743 = SURFACE_SIDE_STYLE ('',( #265 ) ) ;
#1744 = VECTOR ( 'NONE', #2402, 1000.000000000000114 ) ;
#1745 = ORIENTED_EDGE ( 'NONE', *, *, #2289, .T. ) ;
#1746 = ORIENTED_EDGE ( 'NONE', *, *, #925, .F. ) ;
#1747 = FILL_AREA_STYLE_COLOUR ( '', #597 ) ;
#1748 = DIRECTION ( 'NONE',  ( 0.000000000000000000, 0.000000000000000000, -1.000000000000000000 ) ) ;
#1749 = DIRECTION ( 'NONE',  ( 0.000000000000000000, -1.000000000000000000, 0.000000000000000000 ) ) ;
#1750 = ORIENTED_EDGE ( 'NONE', *, *, #219, .T. ) ;
#1751 = EDGE_CURVE ( 'NONE', #878, #2183, #2569, .T. ) ;
#1752 = DIRECTION ( 'NONE',  ( 0.000000000000000000, -1.000000000000000000, 0.000000000000000000 ) ) ;
#1753 = ORIENTED_EDGE ( 'NONE', *, *, #1207, .T. ) ;
#1754 = EDGE_CURVE ( 'NONE', #2806, #2162, #1883, .T. ) ;
#1755 = FACE_OUTER_BOUND ( 'NONE', #748, .T. ) ;
#1756 =( NAMED_UNIT ( * ) SI_UNIT ( $, .STERADIAN. ) SOLID_ANGLE_UNIT ( ) );
#1757 = CARTESIAN_POINT ( 'NONE',  ( 0.000000000000000000, 0.000000000000000000, 2.600000000000000089 ) ) ;
#1758 = VERTEX_POINT ( 'NONE', #1627 ) ;
#1759 = COLOUR_RGB ( '',0.8980392156862745390, 0.9215686274509803377, 0.9294117647058823817 ) ;
#1760 = VERTEX_POINT ( 'NONE', #454 ) ;
#1761 = FILL_AREA_STYLE_COLOUR ( '', #1025 ) ;
#1762 = ORIENTED_EDGE ( 'NONE', *, *, #881, .F. ) ;
#1763 = CARTESIAN_POINT ( 'NONE',  ( 3.728971601317690343, 3.076692321403373676, 2.600000000000000089 ) ) ;
#1764 = DIRECTION ( 'NONE',  ( -0.9610876102172850599, 0.2762437428917223214, 0.000000000000000000 ) ) ;
#1765 = CARTESIAN_POINT ( 'NONE',  ( 5.351464161512362594, 2.839979999999973970, 2.604999999999999538 ) ) ;
#1766 = ORIENTED_EDGE ( 'NONE', *, *, #2499, .F. ) ;
#1767 = LINE ( 'NONE', #1999, #2368 ) ;
#1768 = EDGE_CURVE ( 'NONE', #289, #2964, #1403, .T. ) ;
#1769 = DIRECTION ( 'NONE',  ( -0.000000000000000000, -0.000000000000000000, -1.000000000000000000 ) ) ;
#1770 = LINE ( 'NONE', #113, #2275 ) ;
#1771 = ADVANCED_FACE ( 'NONE', ( #2121 ), #1191, .F. ) ;
#1772 = EDGE_LOOP ( 'NONE', ( #2005, #1994, #2647, #1114 ) ) ;
#1773 = CARTESIAN_POINT ( 'NONE',  ( 3.758762496292179733, 2.839979999999973970, 2.600000000000000089 ) ) ;
#1774 = CARTESIAN_POINT ( 'NONE',  ( 7.400000000000000355, 6.099999999999999645, 2.600000000000000089 ) ) ;
#1775 = UNCERTAINTY_MEASURE_WITH_UNIT (LENGTH_MEASURE( 1.000000000000000082E-05 ), #465, 'distance_accuracy_value', 'NONE');
#1776 = VERTEX_POINT ( 'NONE', #2594 ) ;
#1777 = ORIENTED_EDGE ( 'NONE', *, *, #182, .T. ) ;
#1778 = VECTOR ( 'NONE', #1605, 1000.000000000000000 ) ;
#1779 = SURFACE_STYLE_FILL_AREA ( #1318 ) ;
#1780 = EDGE_LOOP ( 'NONE', ( #2264, #2442, #1127, #834, #753, #2222, #814, #1162, #1941, #2319, #707, #2676, #661, #3013, #2525, #1600, #1777 ) ) ;
#1781 = PLANE ( 'NONE',  #2170 ) ;
#1782 =( GEOMETRIC_REPRESENTATION_CONTEXT ( 3 ) GLOBAL_UNCERTAINTY_ASSIGNED_CONTEXT ( ( #862 ) ) GLOBAL_UNIT_ASSIGNED_CONTEXT ( ( #2253, #1555, #2952 ) ) REPRESENTATION_CONTEXT ( 'NONE', 'WORKASPACE' ) );
#1783 = PLANE ( 'NONE',  #2586 ) ;
#1784 = VECTOR ( 'NONE', #659, 1000.000000000000114 ) ;
#1785 = EDGE_LOOP ( 'NONE', ( #3016, #2630, #1082, #2365 ) ) ;
#1786 = DIRECTION ( 'NONE',  ( 0.000000000000000000, 1.000000000000000000, 0.000000000000000000 ) ) ;
#1787 = DIRECTION ( 'NONE',  ( 1.000000000000000000, -0.000000000000000000, -0.000000000000000000 ) ) ;
#1788 = VECTOR ( 'NONE', #1463, 1000.000000000000000 ) ;
#1789 = DIRECTION ( 'NONE',  ( 0.000000000000000000, 0.000000000000000000, 1.000000000000000000 ) ) ;
#1790 = EDGE_CURVE ( 'NONE', #1776, #344, #930, .T. ) ;
#1791 = CARTESIAN_POINT ( 'NONE',  ( 2.474341766525602893, 2.839979999999973970, 2.604999999999999538 ) ) ;
#1792 = VECTOR ( 'NONE', #2342, 1000.000000000000000 ) ;
#1793 = FACE_OUTER_BOUND ( 'NONE', #260, .T. ) ;
#1794 = EDGE_CURVE ( 'NONE', #625, #2539, #436, .T. ) ;
#1795 = VERTEX_POINT ( 'NONE', #1389 ) ;
#1796 = VERTEX_POINT ( 'NONE', #2836 ) ;
#1797 = VERTEX_POINT ( 'NONE', #489 ) ;
#1798 = DIRECTION ( 'NONE',  ( 0.7145695586382624365, 0.6995643972269591782, 0.000000000000000000 ) ) ;
#1799 = SURFACE_STYLE_USAGE ( .BOTH. , #2679 ) ;
#1800 = APPLICATION_CONTEXT ( 'automotive_design' ) ;
#1801 = ORIENTED_EDGE ( 'NONE', *, *, #2224, .F. ) ;
#1802 = DIRECTION ( 'NONE',  ( 0.3829140317376762415, -0.9237839814038766306, 0.000000000000000000 ) ) ;
#1803 = CARTESIAN_POINT ( 'NONE',  ( 3.937261094536540273, 2.839979999999973970, 2.604999999999999538 ) ) ;
#1804 = CARTESIAN_POINT ( 'NONE',  ( 2.902742435362265283, 3.511072328228547867, 2.604999999999999538 ) ) ;
#1805 = CARTESIAN_POINT ( 'NONE',  ( 2.857882143254554919, 3.356904137849748615, 2.604999999999999538 ) ) ;
#1806 = DIRECTION ( 'NONE',  ( -0.000000000000000000, -0.000000000000000000, -1.000000000000000000 ) ) ;
#1807 = VERTEX_POINT ( 'NONE', #1160 ) ;
#1808 = ORIENTED_EDGE ( 'NONE', *, *, #118, .F. ) ;
#1809 = ADVANCED_FACE ( 'NONE', ( #28 ), #259, .F. ) ;
#1810 = STYLED_ITEM ( 'NONE', ( #2197 ), #442 ) ;
#1811 = ORIENTED_EDGE ( 'NONE', *, *, #31, .F. ) ;
#1812 = UNCERTAINTY_MEASURE_WITH_UNIT (LENGTH_MEASURE( 1.000000000000000082E-05 ), #1117, 'distance_accuracy_value', 'NONE');
#1813 = EDGE_CURVE ( 'NONE', #1796, #896, #2147, .T. ) ;
#1814 = VECTOR ( 'NONE', #2154, 1000.000000000000000 ) ;
#1815 = CARTESIAN_POINT ( 'NONE',  ( 4.918622828469700003, 2.997701730371300499, 2.604999999999999538 ) ) ;
#1816 = VERTEX_POINT ( 'NONE', #1176 ) ;
#1817 = FILL_AREA_STYLE_COLOUR ( '', #2597 ) ;
#1818 = UNCERTAINTY_MEASURE_WITH_UNIT (LENGTH_MEASURE( 1.000000000000000082E-05 ), #2610, 'distance_accuracy_value', 'NONE');
#1819 = DIRECTION ( 'NONE',  ( 0.000000000000000000, 0.000000000000000000, 1.000000000000000000 ) ) ;
#1820 = ORIENTED_EDGE ( 'NONE', *, *, #869, .T. ) ;
#1821 = LINE ( 'NONE', #2473, #337 ) ;
#1822 = DIRECTION ( 'NONE',  ( 0.000000000000000000, -1.000000000000000000, 0.000000000000000000 ) ) ;
#1823 = ORIENTED_EDGE ( 'NONE', *, *, #2455, .F. ) ;
#1824 = VERTEX_POINT ( 'NONE', #2104 ) ;
#1825 = EDGE_LOOP ( 'NONE', ( #467, #361, #2523, #2668 ) ) ;
#1826 = COLOUR_RGB ( '',0.8980392156862745390, 0.9215686274509803377, 0.9294117647058823817 ) ;
#1827 = ORIENTED_EDGE ( 'NONE', *, *, #1629, .F. ) ;
#1828 = VECTOR ( 'NONE', #726, 1000.000000000000000 ) ;
#1829 = DIRECTION ( 'NONE',  ( -1.000000000000000000, 0.000000000000000000, 0.000000000000000000 ) ) ;
#1830 = DIRECTION ( 'NONE',  ( -1.000000000000000000, 0.000000000000000000, -0.000000000000000000 ) ) ;
#1831 = VECTOR ( 'NONE', #2051, 1000.000000000000000 ) ;
#1832 = ADVANCED_FACE ( 'NONE', ( #2318 ), #737, .F. ) ;
#1833 = LINE ( 'NONE', #231, #2505 ) ;
#1834 = STYLED_ITEM ( 'NONE', ( #1304 ), #939 ) ;
#1835 = DIRECTION ( 'NONE',  ( -0.9237839814038766306, -0.3829140317376762415, 0.000000000000000000 ) ) ;
#1836 = ADVANCED_FACE ( 'NONE', ( #1872 ), #1690, .F. ) ;
#1837 = DIRECTION ( 'NONE',  ( -0.8843386665637680277, 0.4668459304955079880, 0.000000000000000000 ) ) ;
#1838 = DIRECTION ( 'NONE',  ( -0.7059037656364501867, -0.7083077534943970077, -0.000000000000000000 ) ) ;
#1839 = DIRECTION ( 'NONE',  ( 0.2760118818968579912, 0.9611542233438683525, 0.000000000000000000 ) ) ;
#1840 = CARTESIAN_POINT ( 'NONE',  ( 6.200000000000001066, 0.7500000000000006661, 1.300000000000000044 ) ) ;
#1841 = ORIENTED_EDGE ( 'NONE', *, *, #2538, .F. ) ;
#1842 = ORIENTED_EDGE ( 'NONE', *, *, #2868, .F. ) ;
#1843 = ORIENTED_EDGE ( 'NONE', *, *, #1455, .T. ) ;
#1844 = EDGE_LOOP ( 'NONE', ( #2145, #1580, #1140, #275 ) ) ;
#1845 = DIRECTION ( 'NONE',  ( 0.2763139702539113007, 0.9610674221107073922, 0.000000000000000000 ) ) ;
#1846 = CARTESIAN_POINT ( 'NONE',  ( 2.700000000000000622, 1.653273178848926620E-16, 0.000000000000000000 ) ) ;
#1847 = LINE ( 'NONE', #1606, #1518 ) ;
#1848 = DIRECTION ( 'NONE',  ( -0.000000000000000000, -0.000000000000000000, -1.000000000000000000 ) ) ;
#1849 = ADVANCED_FACE ( 'NONE', ( #1929 ), #778, .F. ) ;
#1850 = DIRECTION ( 'NONE',  ( 0.2740217765954066076, 0.9617234872620595842, 0.000000000000000000 ) ) ;
#1851 = LINE ( 'NONE', #2287, #2404 ) ;
#1852 = EDGE_CURVE ( 'NONE', #1269, #1405, #563, .T. ) ;
#1853 = CARTESIAN_POINT ( 'NONE',  ( 4.022658435990103420, 3.668841943181834431, 2.604999999999999538 ) ) ;
#1854 = DIRECTION ( 'NONE',  ( 0.000000000000000000, 0.000000000000000000, -1.000000000000000000 ) ) ;
#1856 = VERTEX_POINT ( 'NONE', #2640 ) ;
#1855 = FACE_OUTER_BOUND ( 'NONE', #2430, .T. ) ;
#1857 = EDGE_LOOP ( 'NONE', ( #804, #129, #2643, #346 ) ) ;
#1858 = LINE ( 'NONE', #1406, #2013 ) ;
#1859 = PLANE ( 'NONE',  #1339 ) ;
#1860 = UNCERTAINTY_MEASURE_WITH_UNIT (LENGTH_MEASURE( 1.000000000000000082E-05 ), #2425, 'distance_accuracy_value', 'NONE');
#1861 = SURFACE_SIDE_STYLE ('',( #2544 ) ) ;
#1862 =( GEOMETRIC_REPRESENTATION_CONTEXT ( 3 ) GLOBAL_UNCERTAINTY_ASSIGNED_CONTEXT ( ( #2948 ) ) GLOBAL_UNIT_ASSIGNED_CONTEXT ( ( #1093, #2274, #126 ) ) REPRESENTATION_CONTEXT ( 'NONE', 'WORKASPACE' ) );
#1863 = LINE ( 'NONE', #446, #2754 ) ;
#1864 = AXIS2_PLACEMENT_3D ( 'NONE', #1408, #2763, #935 ) ;
#1865 = CARTESIAN_POINT ( 'NONE',  ( 2.309486459975828687, 3.668841943181834431, 2.604999999999999538 ) ) ;
#1866 = FACE_OUTER_BOUND ( 'NONE', #1254, .T. ) ;
#1867 = EDGE_CURVE ( 'NONE', #1977, #1725, #2734, .T. ) ;
#1868 = DIRECTION ( 'NONE',  ( 0.2762517575166416051, 0.9610853065513834670, 0.000000000000000000 ) ) ;
#1869 = DIRECTION ( 'NONE',  ( 1.000000000000000000, 0.000000000000000000, 0.000000000000000000 ) ) ;
#1870 = DIRECTION ( 'NONE',  ( -0.000000000000000000, -0.000000000000000000, -1.000000000000000000 ) ) ;
#1871 = EDGE_CURVE ( 'NONE', #1256, #1510, #152, .T. ) ;
#1873 = ORIENTED_EDGE ( 'NONE', *, *, #576, .T. ) ;
#1872 = FACE_OUTER_BOUND ( 'NONE', #2740, .T. ) ;
#1874 = ORIENTED_EDGE ( 'NONE', *, *, #2339, .T. ) ;
#1875 =( LENGTH_UNIT ( ) NAMED_UNIT ( * ) SI_UNIT ( .MILLI., .METRE. ) );
#1876 = COLOUR_RGB ( '',0.4980392156862745168, 0.4980392156862745168, 0.4980392156862745168 ) ;
#1877 = DIRECTION ( 'NONE',  ( 0.000000000000000000, 1.000000000000000000, 0.000000000000000000 ) ) ;
#1878 = LINE ( 'NONE', #2799, #278 ) ;
#1879 = LINE ( 'NONE', #1684, #2027 ) ;
#1880 = DIRECTION ( 'NONE',  ( -1.002616505299178997E-15, 1.000000000000000000, 0.000000000000000000 ) ) ;
#1881 = CARTESIAN_POINT ( 'NONE',  ( 5.770637865296988522, 3.508786095205675082, 2.604999999999999538 ) ) ;
#1882 = VECTOR ( 'NONE', #422, 1000.000000000000114 ) ;
#1884 = ORIENTED_EDGE ( 'NONE', *, *, #1225, .F. ) ;
#1883 = LINE ( 'NONE', #212, #10 ) ;
#1885 = AXIS2_PLACEMENT_3D ( 'NONE', #288, #2453, #2439 ) ;
#1886 = ADVANCED_FACE ( 'NONE', ( #532 ), #2408, .F. ) ;
#1887 = VECTOR ( 'NONE', #1310, 1000.000000000000000 ) ;
#1888 = ORIENTED_EDGE ( 'NONE', *, *, #1867, .T. ) ;
#1889 = SURFACE_SIDE_STYLE ('',( #679 ) ) ;
#1890 = SURFACE_SIDE_STYLE ('',( #953 ) ) ;
#1891 =( GEOMETRIC_REPRESENTATION_CONTEXT ( 3 ) GLOBAL_UNCERTAINTY_ASSIGNED_CONTEXT ( ( #1652 ) ) GLOBAL_UNIT_ASSIGNED_CONTEXT ( ( #572, #2467, #2697 ) ) REPRESENTATION_CONTEXT ( 'NONE', 'WORKASPACE' ) );
#1892 = DIRECTION ( 'NONE',  ( 0.2793947940878294123, 0.9601763114327593884, 0.000000000000000000 ) ) ;
#1893 = DIRECTION ( 'NONE',  ( 0.9999960426590095430, -0.002813301676021314705, 0.000000000000000000 ) ) ;
#1894 = CARTESIAN_POINT ( 'NONE',  ( 6.200000000000001066, -19.00000000000000000, 1.300000000000000044 ) ) ;
#1895 = CARTESIAN_POINT ( 'NONE',  ( 4.022658435990103420, 3.668841943181834431, 2.600000000000000089 ) ) ;
#1896 = CARTESIAN_POINT ( 'NONE',  ( 3.280380406702288365, 3.511072328228547867, 2.600000000000000089 ) ) ;
#1898 = VERTEX_POINT ( 'NONE', #811 ) ;
#1897 = CARTESIAN_POINT ( 'NONE',  ( 3.760847261520990248, 3.668841943181834431, 2.604999999999999538 ) ) ;
#1899 = EDGE_LOOP ( 'NONE', ( #375, #2614, #2953, #612, #1676, #3059, #1578, #2696, #2054, #2507, #1958, #813, #565, #116, #268, #2041, #2583, #2177, #2722, #546, #1504, #517, #931 ) ) ;
#1900 = EDGE_CURVE ( 'NONE', #1220, #492, #520, .T. ) ;
#1901 = LINE ( 'NONE', #2165, #1279 ) ;
#1902 = LINE ( 'NONE', #1677, #1588 ) ;
#1903 = CARTESIAN_POINT ( 'NONE',  ( 1.820030429532615512, 2.839979999999973970, 2.604999999999999538 ) ) ;
#1904 = EDGE_CURVE ( 'NONE', #1316, #333, #2914, .T. ) ;
#1905 = LINE ( 'NONE', #2431, #2174 ) ;
#1906 = DIRECTION ( 'NONE',  ( -0.000000000000000000, -0.000000000000000000, 1.000000000000000000 ) ) ;
#1907 = DIRECTION ( 'NONE',  ( -0.000000000000000000, -0.000000000000000000, -1.000000000000000000 ) ) ;
#1908 = VECTOR ( 'NONE', #1122, 1000.000000000000000 ) ;
#1909 = DIRECTION ( 'NONE',  ( -0.000000000000000000, -0.000000000000000000, -1.000000000000000000 ) ) ;
#1910 = VECTOR ( 'NONE', #2398, 1000.000000000000227 ) ;
#1911 = DIRECTION ( 'NONE',  ( -0.000000000000000000, -0.000000000000000000, -1.000000000000000000 ) ) ;
#1912 = MANIFOLD_SOLID_BREP ( 'Body-Move/Copy1[2]', #3055 ) ;
#1913 = SURFACE_STYLE_USAGE ( .BOTH. , #238 ) ;
#1915 = ORIENTED_EDGE ( 'NONE', *, *, #1852, .F. ) ;
#1914 = CARTESIAN_POINT ( 'NONE',  ( 5.115352851045582128, 2.839979999999973970, 2.600000000000000089 ) ) ;
#1916 = VERTEX_POINT ( 'NONE', #1298 ) ;
#1917 = ADVANCED_FACE ( 'NONE', ( #173 ), #1252, .T. ) ;
#1918 = VECTOR ( 'NONE', #1934, 1000.000000000000000 ) ;
#1919 = PLANE ( 'NONE',  #78 ) ;
#1920 = CARTESIAN_POINT ( 'NONE',  ( 0.000000000000000000, 6.099999999999999645, 2.600000000000000089 ) ) ;
#1921 = EDGE_CURVE ( 'NONE', #2183, #2887, #825, .T. ) ;
#1922 = PLANE ( 'NONE',  #616 ) ;
#1923 = LINE ( 'NONE', #1700, #2870 ) ;
#1924 = FILL_AREA_STYLE ('',( #1983 ) ) ;
#1925 = ORIENTED_EDGE ( 'NONE', *, *, #2112, .F. ) ;
#1926 = ADVANCED_FACE ( 'NONE', ( #418 ), #3009, .F. ) ;
#1927 = DIRECTION ( 'NONE',  ( -0.000000000000000000, -0.000000000000000000, 1.000000000000000000 ) ) ;
#1928 = AXIS2_PLACEMENT_3D ( 'NONE', #1424, #341, #1036 ) ;
#1929 = FACE_OUTER_BOUND ( 'NONE', #2494, .T. ) ;
#1930 = ORIENTED_EDGE ( 'NONE', *, *, #714, .T. ) ;
#1931 = COLOUR_RGB ( '',0.7921568627450980005, 0.8196078431372548767, 0.9333333333333333481 ) ;
#1932 = PRESENTATION_LAYER_ASSIGNMENT (  '', '', ( #899 ) ) ;
#1933 = ORIENTED_EDGE ( 'NONE', *, *, #1754, .T. ) ;
#1934 = DIRECTION ( 'NONE',  ( -0.000000000000000000, -0.000000000000000000, -1.000000000000000000 ) ) ;
#1935 = VECTOR ( 'NONE', #689, 1000.000000000000000 ) ;
#1936 = PLANE ( 'NONE',  #1175 ) ;
#1937 = VECTOR ( 'NONE', #2591, 1000.000000000000000 ) ;
#1938 = CARTESIAN_POINT ( 'NONE',  ( 6.200000000000001066, -19.00000000000000000, 1.574999999999999956 ) ) ;
#1939 = PRESENTATION_STYLE_ASSIGNMENT (( #1215 ) ) ;
#1940 = ADVANCED_FACE ( 'NONE', ( #2247 ), #1594, .F. ) ;
#1941 = ORIENTED_EDGE ( 'NONE', *, *, #1076, .T. ) ;
#1942 = CARTESIAN_POINT ( 'NONE',  ( 0.2466666419999996029, 0.7500000000000000000, 2.353333357999999098 ) ) ;
#1943 = CARTESIAN_POINT ( 'NONE',  ( 2.381867784552146539, 2.839979999999973970, 2.604999999999999538 ) ) ;
#1944 = CARTESIAN_POINT ( 'NONE',  ( 7.153333358000001141, 0.7500000000000000000, 0.2466666420000000193 ) ) ;
#1945 = EDGE_CURVE ( 'NONE', #867, #2979, #1770, .T. ) ;
#1946 = VERTEX_POINT ( 'NONE', #2701 ) ;
#1947 = ORIENTED_EDGE ( 'NONE', *, *, #2585, .T. ) ;
#1948 = DIRECTION ( 'NONE',  ( 0.000000000000000000, 0.000000000000000000, 1.000000000000000000 ) ) ;
#1949 = ORIENTED_EDGE ( 'NONE', *, *, #2762, .T. ) ;
#1950 = PRESENTATION_STYLE_ASSIGNMENT (( #1241 ) ) ;
#1951 = ORIENTED_EDGE ( 'NONE', *, *, #1708, .T. ) ;
#1952 = DIRECTION ( 'NONE',  ( 1.000000000000000000, 0.000000000000000000, 0.000000000000000000 ) ) ;
#1953 = SURFACE_SIDE_STYLE ('',( #1015 ) ) ;
#1954 = ORIENTED_EDGE ( 'NONE', *, *, #522, .F. ) ;
#1955 =( LENGTH_UNIT ( ) NAMED_UNIT ( * ) SI_UNIT ( .MILLI., .METRE. ) );
#1956 = LINE ( 'NONE', #1263, #2561 ) ;
#1957 = PRESENTATION_STYLE_ASSIGNMENT (( #1465 ) ) ;
#1958 = ORIENTED_EDGE ( 'NONE', *, *, #2998, .T. ) ;
#1959 = DIRECTION ( 'NONE',  ( -0.000000000000000000, 1.000000000000000000, -0.000000000000000000 ) ) ;
#1960 = EDGE_CURVE ( 'NONE', #2291, #1556, #1345, .T. ) ;
#1961 = ORIENTED_EDGE ( 'NONE', *, *, #2172, .F. ) ;
#1962 = CARTESIAN_POINT ( 'NONE',  ( 4.699999999999999289, 1.653273178848926620E-16, 2.600000000000000089 ) ) ;
#1963 = ORIENTED_EDGE ( 'NONE', *, *, #2918, .F. ) ;
#1964 = PLANE ( 'NONE',  #2401 ) ;
#1965 = LINE ( 'NONE', #728, #2204 ) ;
#1966 = DIRECTION ( 'NONE',  ( -0.7421793553560274148, -0.6702013163843469901, 0.000000000000000000 ) ) ;
#1967 = CARTESIAN_POINT ( 'NONE',  ( 3.407864284002566357, 3.668841943181834431, 2.600000000000000089 ) ) ;
#1968 = CARTESIAN_POINT ( 'NONE',  ( 2.700000000000000622, 1.653273178848926620E-16, 0.000000000000000000 ) ) ;
#1969 = COLOUR_RGB ( '',0.4980392156862745168, 0.4980392156862745168, 0.4980392156862745168 ) ;
#1970 = ORIENTED_EDGE ( 'NONE', *, *, #1974, .F. ) ;
#1971 = CARTESIAN_POINT ( 'NONE',  ( 2.902742435362265283, 3.511072328228547867, 2.604999999999999538 ) ) ;
#1972 = AXIS2_PLACEMENT_3D ( 'NONE', #848, #1563, #2038 ) ;
#1973 = AXIS2_PLACEMENT_3D ( 'NONE', #567, #1625, #1854 ) ;
#1974 = EDGE_CURVE ( 'NONE', #307, #1269, #388, .T. ) ;
#1975 = CARTESIAN_POINT ( 'NONE',  ( 7.153333358000001141, 0.000000000000000000, 0.2466666420000000193 ) ) ;
#1976 = VECTOR ( 'NONE', #2017, 1000.000000000000000 ) ;
#1977 = VERTEX_POINT ( 'NONE', #2717 ) ;
#1978 = CARTESIAN_POINT ( 'NONE',  ( 6.200000000000001066, 0.7500000000000006661, 1.300000000000000044 ) ) ;
#1979 = EDGE_CURVE ( 'NONE', #1216, #1327, #591, .T. ) ;
#1980 = VECTOR ( 'NONE', #2580, 1000.000000000000114 ) ;
#1981 = VECTOR ( 'NONE', #1157, 1000.000000000000227 ) ;
#1982 = ORIENTED_EDGE ( 'NONE', *, *, #1587, .F. ) ;
#1983 = FILL_AREA_STYLE_COLOUR ( '', #1196 ) ;
#1984 = PRESENTATION_LAYER_ASSIGNMENT (  '', '', ( #958 ) ) ;
#1985 = FACE_OUTER_BOUND ( 'NONE', #951, .T. ) ;
#1986 = DIRECTION ( 'NONE',  ( -0.9610992334304891971, 0.2762033010290175783, 0.000000000000000000 ) ) ;
#1987 =( NAMED_UNIT ( * ) PLANE_ANGLE_UNIT ( ) SI_UNIT ( $, .RADIAN. ) );
#1988 = VERTEX_POINT ( 'NONE', #2014 ) ;
#1989 = CARTESIAN_POINT ( 'NONE',  ( 3.214944866010176039, 2.997671487479804053, 2.604999999999999538 ) ) ;
#1990 = ORIENTED_EDGE ( 'NONE', *, *, #1376, .F. ) ;
#1992 = ORIENTED_EDGE ( 'NONE', *, *, #752, .F. ) ;
#1991 = SHAPE_DEFINITION_REPRESENTATION ( #2459, #732 ) ;
#1993 = EDGE_CURVE ( 'NONE', #2887, #2915, #2489, .T. ) ;
#1994 = ORIENTED_EDGE ( 'NONE', *, *, #2982, .F. ) ;
#1995 = PRESENTATION_STYLE_ASSIGNMENT (( #1521 ) ) ;
#1996 = CARTESIAN_POINT ( 'NONE',  ( 4.247638870609963924, 2.839979999999973970, 2.600000000000000089 ) ) ;
#1997 = ADVANCED_FACE ( 'NONE', ( #1110 ), #2235, .F. ) ;
#1998 = ORIENTED_EDGE ( 'NONE', *, *, #295, .F. ) ;
#1999 = CARTESIAN_POINT ( 'NONE',  ( 4.528454218233457951, 2.997701730371300499, 2.604999999999999538 ) ) ;
#2000 = LINE ( 'NONE', #2944, #1639 ) ;
#2001 = SURFACE_STYLE_USAGE ( .BOTH. , #114 ) ;
#2002 = CARTESIAN_POINT ( 'NONE',  ( 2.129672295196315179, 2.839979999999973970, 2.600000000000000089 ) ) ;
#2003 = AXIS2_PLACEMENT_3D ( 'NONE', #1894, #2546, #683 ) ;
#2005 = ORIENTED_EDGE ( 'NONE', *, *, #2705, .T. ) ;
#2004 = PRESENTATION_STYLE_ASSIGNMENT (( #2886 ) ) ;
#2006 = STYLED_ITEM ( 'NONE', ( #1950 ), #766 ) ;
#2007 = VERTEX_POINT ( 'NONE', #356 ) ;
#2008 = PLANE ( 'NONE',  #474 ) ;
#2009 = ORIENTED_EDGE ( 'NONE', *, *, #347, .T. ) ;
#2010 = SURFACE_STYLE_USAGE ( .BOTH. , #1328 ) ;
#2011 = EDGE_CURVE ( 'NONE', #761, #1898, #1608, .T. ) ;
#2012 = FILL_AREA_STYLE ('',( #2246 ) ) ;
#2013 = VECTOR ( 'NONE', #2794, 1000.000000000000000 ) ;
#2014 = CARTESIAN_POINT ( 'NONE',  ( 3.937261094536540273, 2.839979999999973970, 2.600000000000000089 ) ) ;
#2015 = ORIENTED_EDGE ( 'NONE', *, *, #1554, .F. ) ;
#2016 = DIRECTION ( 'NONE',  ( 0.9984327301130240251, -0.05596501978069370192, 0.000000000000000000 ) ) ;
#2017 = DIRECTION ( 'NONE',  ( 1.000000000000000000, 0.000000000000000000, 0.000000000000000000 ) ) ;
#2018 = AXIS2_PLACEMENT_3D ( 'NONE', #569, #1650, #3047 ) ;
#2019 = EDGE_LOOP ( 'NONE', ( #1733, #1574, #2428, #1454 ) ) ;
#2020 = ORIENTED_EDGE ( 'NONE', *, *, #2202, .F. ) ;
#2021 = ORIENTED_EDGE ( 'NONE', *, *, #1509, .F. ) ;
#2022 = LINE ( 'NONE', #423, #2913 ) ;
#2023 = VECTOR ( 'NONE', #673, 1000.000000000000227 ) ;
#2024 = ORIENTED_EDGE ( 'NONE', *, *, #138, .T. ) ;
#2025 = UNCERTAINTY_MEASURE_WITH_UNIT (LENGTH_MEASURE( 1.000000000000000082E-05 ), #830, 'distance_accuracy_value', 'NONE');
#2026 = FACE_OUTER_BOUND ( 'NONE', #2857, .T. ) ;
#2027 = VECTOR ( 'NONE', #208, 1000.000000000000000 ) ;
#2028 = DIRECTION ( 'NONE',  ( -0.000000000000000000, -0.000000000000000000, -1.000000000000000000 ) ) ;
#2029 = ORIENTED_EDGE ( 'NONE', *, *, #1571, .F. ) ;
#2030 = CARTESIAN_POINT ( 'NONE',  ( 3.169872873649988154, 3.203675997412120058, 2.600000000000000089 ) ) ;
#2031 = FACE_OUTER_BOUND ( 'NONE', #475, .T. ) ;
#2032 =( GEOMETRIC_REPRESENTATION_CONTEXT ( 3 ) GLOBAL_UNCERTAINTY_ASSIGNED_CONTEXT ( ( #1395 ) ) GLOBAL_UNIT_ASSIGNED_CONTEXT ( ( #1236, #1987, #1756 ) ) REPRESENTATION_CONTEXT ( 'NONE', 'WORKASPACE' ) );
#2033 = PLANE ( 'NONE',  #644 ) ;
#2034 = EDGE_CURVE ( 'NONE', #1946, #1807, #2534, .T. ) ;
#2035 = CARTESIAN_POINT ( 'NONE',  ( 2.129672295196315179, 2.839979999999973970, 2.604999999999999538 ) ) ;
#2036 = ORIENTED_EDGE ( 'NONE', *, *, #653, .T. ) ;
#2037 = AXIS2_PLACEMENT_3D ( 'NONE', #516, #545, #79 ) ;
#2038 = DIRECTION ( 'NONE',  ( -0.9999999968487351953, 7.938847109813992875E-05, 0.000000000000000000 ) ) ;
#2039 = CARTESIAN_POINT ( 'NONE',  ( 5.543703114394860521, 3.508804111208644994, 2.604999999999999538 ) ) ;
#2040 = EDGE_CURVE ( 'NONE', #1106, #2272, #1445, .T. ) ;
#2041 = ORIENTED_EDGE ( 'NONE', *, *, #1974, .T. ) ;
#2042 = ORIENTED_EDGE ( 'NONE', *, *, #2682, .T. ) ;
#2043 = PLANE ( 'NONE',  #2018 ) ;
#2044 = CARTESIAN_POINT ( 'NONE',  ( 7.153333358000001141, 0.7500000000000000000, 2.353333357999999986 ) ) ;
#2045 = EDGE_LOOP ( 'NONE', ( #30, #786, #2755, #1820 ) ) ;
#2046 = ORIENTED_EDGE ( 'NONE', *, *, #1001, .F. ) ;
#2047 = DIRECTION ( 'NONE',  ( -1.000000000000000000, 0.000000000000000000, 0.000000000000000000 ) ) ;
#2048 = DIRECTION ( 'NONE',  ( 1.000000000000000000, 0.000000000000000000, 1.255832623252358938E-16 ) ) ;
#2049 = CARTESIAN_POINT ( 'NONE',  ( 0.2466666420000000193, 0.7500000000000000000, 0.2466666420000000193 ) ) ;
#2050 = VERTEX_POINT ( 'NONE', #940 ) ;
#2051 = DIRECTION ( 'NONE',  ( 1.000000000000000000, -1.104435275910379499E-13, 0.000000000000000000 ) ) ;
#2052 = EDGE_CURVE ( 'NONE', #808, #455, #193, .T. ) ;
#2053 = LINE ( 'NONE', #2491, #1784 ) ;
#2054 = ORIENTED_EDGE ( 'NONE', *, *, #2626, .T. ) ;
#2055 = VERTEX_POINT ( 'NONE', #2801 ) ;
#2056 = ORIENTED_EDGE ( 'NONE', *, *, #2034, .F. ) ;
#2057 = ADVANCED_FACE ( 'NONE', ( #2116 ), #705, .F. ) ;
#2058 = CIRCLE ( 'NONE', #2388, 0.2750000000000000777 ) ;
#2059 = VERTEX_POINT ( 'NONE', #730 ) ;
#2060 = CARTESIAN_POINT ( 'NONE',  ( 6.200000000000001066, -19.00000000000000000, 1.300000000000000044 ) ) ;
#2061 = VECTOR ( 'NONE', #2080, 1000.000000000000114 ) ;
#2062 = CARTESIAN_POINT ( 'NONE',  ( 5.428906079030574539, -0.8071888709030244913, 2.353333357999999986 ) ) ;
#2063 = DIRECTION ( 'NONE',  ( -0.000000000000000000, -0.000000000000000000, -1.000000000000000000 ) ) ;
#2064 = DIRECTION ( 'NONE',  ( 0.000000000000000000, -1.000000000000000000, 0.000000000000000000 ) ) ;
#2065 = DIRECTION ( 'NONE',  ( -1.255832623252358938E-16, 0.000000000000000000, 1.000000000000000000 ) ) ;
#2066 = UNCERTAINTY_MEASURE_WITH_UNIT (LENGTH_MEASURE( 1.000000000000000082E-05 ), #1330, 'distance_accuracy_value', 'NONE');
#2067 = DIRECTION ( 'NONE',  ( 0.000000000000000000, 0.000000000000000000, 1.000000000000000000 ) ) ;
#2068 = ORIENTED_EDGE ( 'NONE', *, *, #2844, .F. ) ;
#2069 = CARTESIAN_POINT ( 'NONE',  ( 1.584340000000000082, 2.839980000000000171, 2.604999999999999538 ) ) ;
#2070 = CARTESIAN_POINT ( 'NONE',  ( 2.857882143254554919, 3.356904137849748615, 2.604999999999999538 ) ) ;
#2071 = ORIENTED_EDGE ( 'NONE', *, *, #461, .F. ) ;
#2072 = VERTEX_POINT ( 'NONE', #2578 ) ;
#2073 = ORIENTED_EDGE ( 'NONE', *, *, #2354, .F. ) ;
#2074 =( GEOMETRIC_REPRESENTATION_CONTEXT ( 3 ) GLOBAL_UNCERTAINTY_ASSIGNED_CONTEXT ( ( #1775 ) ) GLOBAL_UNIT_ASSIGNED_CONTEXT ( ( #465, #483, #1414 ) ) REPRESENTATION_CONTEXT ( 'NONE', 'WORKASPACE' ) );
#2075 = VERTEX_POINT ( 'NONE', #1415 ) ;
#2076 = EDGE_CURVE ( 'NONE', #1308, #2241, #466, .T. ) ;
#2077 = MECHANICAL_DESIGN_GEOMETRIC_PRESENTATION_REPRESENTATION (  '', ( #1235 ), #632 ) ;
#2078 = LINE ( 'NONE', #3031, #2081 ) ;
#2079 = UNCERTAINTY_MEASURE_WITH_UNIT (LENGTH_MEASURE( 1.000000000000000082E-05 ), #701, 'distance_accuracy_value', 'NONE');
#2080 = DIRECTION ( 'NONE',  ( 0.6702013163843469901, -0.7421793553560274148, -0.000000000000000000 ) ) ;
#2081 = VECTOR ( 'NONE', #1407, 1000.000000000000000 ) ;
#2082 = EDGE_CURVE ( 'NONE', #1556, #867, #669, .T. ) ;
#2083 = AXIS2_PLACEMENT_3D ( 'NONE', #1065, #97, #82 ) ;
#2084 = CARTESIAN_POINT ( 'NONE',  ( 3.579157512192174373, 3.577894001539488666, 2.604999999999999538 ) ) ;
#2085 = LINE ( 'NONE', #824, #296 ) ;
#2086 = AXIS2_PLACEMENT_3D ( 'NONE', #910, #449, #1399 ) ;
#2087 = PLANE ( 'NONE',  #255 ) ;
#2088 = ORIENTED_EDGE ( 'NONE', *, *, #1005, .T. ) ;
#2089 = DIRECTION ( 'NONE',  ( 1.000000000000000000, 0.000000000000000000, 0.000000000000000000 ) ) ;
#2090 = VECTOR ( 'NONE', #927, 1000.000000000000114 ) ;
#2091 = CARTESIAN_POINT ( 'NONE',  ( 2.129672295196315179, 2.839979999999973970, 2.600000000000000089 ) ) ;
#2092 = FACE_OUTER_BOUND ( 'NONE', #534, .T. ) ;
#2093 = ORIENTED_EDGE ( 'NONE', *, *, #2479, .F. ) ;
#2094 = CARTESIAN_POINT ( 'NONE',  ( 5.101360472959699521, 3.668841943181834431, 2.604999999999999538 ) ) ;
#2095 = DIRECTION ( 'NONE',  ( 0.000000000000000000, 0.000000000000000000, -1.000000000000000000 ) ) ;
#2096 = ADVANCED_FACE ( 'NONE', ( #485 ), #2087, .F. ) ;
#2097 = LINE ( 'NONE', #665, #425 ) ;
#2098 = CARTESIAN_POINT ( 'NONE',  ( 0.000000000000000000, 6.099999999999999645, 2.600000000000000089 ) ) ;
#2099 = EDGE_CURVE ( 'NONE', #1570, #1631, #11, .T. ) ;
#2100 = FACE_OUTER_BOUND ( 'NONE', #1027, .T. ) ;
#2101 = CARTESIAN_POINT ( 'NONE',  ( 3.579157512192174373, 3.577894001539488666, 2.600000000000000089 ) ) ;
#2102 = DIRECTION ( 'NONE',  ( -1.000000000000000000, 0.000000000000000000, 0.000000000000000000 ) ) ;
#2103 = SURFACE_SIDE_STYLE ('',( #487 ) ) ;
#2105 = VERTEX_POINT ( 'NONE', #911 ) ;
#2104 = CARTESIAN_POINT ( 'NONE',  ( 0.2466666420000000193, 0.000000000000000000, 0.2466666420000000193 ) ) ;
#2106 = ORIENTED_EDGE ( 'NONE', *, *, #658, .F. ) ;
#2107 = DIRECTION ( 'NONE',  ( -0.000000000000000000, -0.000000000000000000, -1.000000000000000000 ) ) ;
#2108 = CARTESIAN_POINT ( 'NONE',  ( 2.905498000000000580, 0.2275680000000001035, 0.000000000000000000 ) ) ;
#2109 = AXIS2_PLACEMENT_3D ( 'NONE', #481, #2817, #1411 ) ;
#2110 = DIRECTION ( 'NONE',  ( 0.000000000000000000, 0.000000000000000000, -1.000000000000000000 ) ) ;
#2111 = CARTESIAN_POINT ( 'NONE',  ( 3.537795314773091171, 2.839979999999973970, 2.600000000000000089 ) ) ;
#2112 = EDGE_CURVE ( 'NONE', #1266, #1725, #1430, .T. ) ;
#2113 = VECTOR ( 'NONE', #969, 1000.000000000000000 ) ;
#2114 = CARTESIAN_POINT ( 'NONE',  ( 1.200000000000000178, -19.00000000000000000, 1.574999999999999956 ) ) ;
#2115 = CARTESIAN_POINT ( 'NONE',  ( 5.115352851045582128, 2.839979999999973970, 2.604999999999999538 ) ) ;
#2116 = FACE_OUTER_BOUND ( 'NONE', #2966, .T. ) ;
#2117 = EDGE_CURVE ( 'NONE', #1272, #1796, #3024, .T. ) ;
#2118 = ORIENTED_EDGE ( 'NONE', *, *, #1626, .F. ) ;
#2119 = DIRECTION ( 'NONE',  ( -1.000000000000000000, 0.000000000000000000, 0.000000000000000000 ) ) ;
#2120 = FILL_AREA_STYLE ('',( #719 ) ) ;
#2122 = ORIENTED_EDGE ( 'NONE', *, *, #2040, .F. ) ;
#2121 = FACE_OUTER_BOUND ( 'NONE', #2304, .T. ) ;
#2123 = ORIENTED_EDGE ( 'NONE', *, *, #2667, .T. ) ;
#2124 = PLANE ( 'NONE',  #2559 ) ;
#2125 = PLANE ( 'NONE',  #874 ) ;
#2126 = PRESENTATION_LAYER_ASSIGNMENT (  '', '', ( #1585 ) ) ;
#2127 = PLANE ( 'NONE',  #2305 ) ;
#2128 = COLOUR_RGB ( '',0.4980392156862745168, 0.4980392156862745168, 0.4980392156862745168 ) ;
#2129 = CARTESIAN_POINT ( 'NONE',  ( 0.000000000000000000, 0.000000000000000000, 0.000000000000000000 ) ) ;
#2130 = CARTESIAN_POINT ( 'NONE',  ( 5.115352851045582128, 2.839979999999973970, 2.604999999999999538 ) ) ;
#2131 = FACE_OUTER_BOUND ( 'NONE', #826, .T. ) ;
#2132 = MECHANICAL_DESIGN_GEOMETRIC_PRESENTATION_REPRESENTATION (  '', ( #899 ), #2410 ) ;
#2133 = EDGE_CURVE ( 'NONE', #1302, #223, #1171, .T. ) ;
#2135 = EDGE_LOOP ( 'NONE', ( #2983, #2421, #1275, #1071 ) ) ;
#2134 = DIRECTION ( 'NONE',  ( -0.000000000000000000, -1.000000000000000000, -0.000000000000000000 ) ) ;
#2136 = AXIS2_PLACEMENT_3D ( 'NONE', #1944, #2192, #328 ) ;
#2137 = EDGE_CURVE ( 'NONE', #2581, #168, #2356, .T. ) ;
#2138 = VECTOR ( 'NONE', #2548, 1000.000000000000000 ) ;
#2139 = VERTEX_POINT ( 'NONE', #1896 ) ;
#2140 = CARTESIAN_POINT ( 'NONE',  ( 3.325190293987488221, 3.668841943181834431, 2.604999999999999538 ) ) ;
#2141 = DIRECTION ( 'NONE',  ( -0.000000000000000000, -0.000000000000000000, -1.000000000000000000 ) ) ;
#2142 = FACE_OUTER_BOUND ( 'NONE', #2492, .T. ) ;
#2143 = DIRECTION ( 'NONE',  ( 0.000000000000000000, 0.000000000000000000, -1.000000000000000000 ) ) ;
#2144 = LINE ( 'NONE', #24, #2568 ) ;
#2145 = ORIENTED_EDGE ( 'NONE', *, *, #1355, .T. ) ;
#2146 = FILL_AREA_STYLE ('',( #256 ) ) ;
#2148 = ORIENTED_EDGE ( 'NONE', *, *, #2292, .F. ) ;
#2147 = LINE ( 'NONE', #1914, #1296 ) ;
#2149 = ORIENTED_EDGE ( 'NONE', *, *, #2538, .T. ) ;
#2150 = CARTESIAN_POINT ( 'NONE',  ( 4.699999999999999289, 1.653273178848926620E-16, 2.353333357999999986 ) ) ;
#2151 = EDGE_CURVE ( 'NONE', #227, #2449, #686, .T. ) ;
#2152 = LINE ( 'NONE', #1697, #372 ) ;
#2153 = CARTESIAN_POINT ( 'NONE',  ( 3.728971601317690343, 3.076692321403373676, 2.604999999999999538 ) ) ;
#2154 = DIRECTION ( 'NONE',  ( 1.000000000000000000, 1.002616505299178603E-15, 0.000000000000000000 ) ) ;
#2155 = VECTOR ( 'NONE', #2432, 1000.000000000000000 ) ;
#2156 = SURFACE_SIDE_STYLE ('',( #2373 ) ) ;
#2157 = LINE ( 'NONE', #1247, #1350 ) ;
#2158 = ORIENTED_EDGE ( 'NONE', *, *, #1509, .T. ) ;
#2159 = VECTOR ( 'NONE', #2369, 1000.000000000000000 ) ;
#2160 = SURFACE_STYLE_USAGE ( .BOTH. , #2359 ) ;
#2161 = PRESENTATION_STYLE_ASSIGNMENT (( #271 ) ) ;
#2162 = VERTEX_POINT ( 'NONE', #1202 ) ;
#2163 = VERTEX_POINT ( 'NONE', #2785 ) ;
#2164 = ORIENTED_EDGE ( 'NONE', *, *, #1250, .T. ) ;
#2165 = CARTESIAN_POINT ( 'NONE',  ( 4.486048641652518931, 3.668841943181834431, 2.604999999999999538 ) ) ;
#2166 = FACE_OUTER_BOUND ( 'NONE', #1161, .T. ) ;
#2167 = EDGE_CURVE ( 'NONE', #662, #1603, #2144, .T. ) ;
#2168 = FACE_OUTER_BOUND ( 'NONE', #2907, .T. ) ;
#2169 = DIRECTION ( 'NONE',  ( 0.000000000000000000, -0.000000000000000000, -1.000000000000000000 ) ) ;
#2170 = AXIS2_PLACEMENT_3D ( 'NONE', #2970, #1538, #1289 ) ;
#2171 = DIRECTION ( 'NONE',  ( -1.000000000000000000, -0.000000000000000000, -0.000000000000000000 ) ) ;
#2172 = EDGE_CURVE ( 'NONE', #2884, #2241, #2850, .T. ) ;
#2173 = ORIENTED_EDGE ( 'NONE', *, *, #1651, .T. ) ;
#2174 = VECTOR ( 'NONE', #2891, 1000.000000000000000 ) ;
#2175 =( NAMED_UNIT ( * ) SI_UNIT ( $, .STERADIAN. ) SOLID_ANGLE_UNIT ( ) );
#2176 = PLANE ( 'NONE',  #2178 ) ;
#2177 = ORIENTED_EDGE ( 'NONE', *, *, #1591, .T. ) ;
#2178 = AXIS2_PLACEMENT_3D ( 'NONE', #160, #1078, #1789 ) ;
#2179 = SURFACE_SIDE_STYLE ('',( #1010 ) ) ;
#2180 = ORIENTED_EDGE ( 'NONE', *, *, #102, .T. ) ;
#2181 = VECTOR ( 'NONE', #1525, 1000.000000000000000 ) ;
#2182 =( NAMED_UNIT ( * ) SI_UNIT ( $, .STERADIAN. ) SOLID_ANGLE_UNIT ( ) );
#2183 = VERTEX_POINT ( 'NONE', #434 ) ;
#2184 = VECTOR ( 'NONE', #973, 1000.000000000000000 ) ;
#2185 = CARTESIAN_POINT ( 'NONE',  ( 2.195319536139833438, 3.290029539475469722, 2.604999999999999538 ) ) ;
#2186 = ADVANCED_FACE ( 'NONE', ( #1385 ), #2314, .F. ) ;
#2187 = FILL_AREA_STYLE_COLOUR ( '', #767 ) ;
#2188 = FILL_AREA_STYLE_COLOUR ( '', #1100 ) ;
#2189 = ORIENTED_EDGE ( 'NONE', *, *, #2998, .F. ) ;
#2190 = EDGE_CURVE ( 'NONE', #2331, #808, #1640, .T. ) ;
#2191 = LINE ( 'NONE', #1049, #1788 ) ;
#2192 = DIRECTION ( 'NONE',  ( 1.000000000000000000, 0.000000000000000000, 0.000000000000000000 ) ) ;
#2193 = CARTESIAN_POINT ( 'NONE',  ( 4.386191646950289069, 3.668841943181834431, 2.604999999999999538 ) ) ;
#2194 = ORIENTED_EDGE ( 'NONE', *, *, #1146, .F. ) ;
#2195 = ORIENTED_EDGE ( 'NONE', *, *, #1156, .F. ) ;
#2196 = FACE_OUTER_BOUND ( 'NONE', #2208, .T. ) ;
#2197 = PRESENTATION_STYLE_ASSIGNMENT (( #557 ) ) ;
#2198 = CARTESIAN_POINT ( 'NONE',  ( 2.309486459975828687, 3.668841943181834431, 2.604999999999999538 ) ) ;
#2199 = ORIENTED_EDGE ( 'NONE', *, *, #2167, .F. ) ;
#2200 = DIRECTION ( 'NONE',  ( -0.2762517575166416051, -0.9610853065513833560, 0.000000000000000000 ) ) ;
#2201 = CARTESIAN_POINT ( 'NONE',  ( 3.367280840427302024, 2.839979999999973970, 2.604999999999999538 ) ) ;
#2202 = EDGE_CURVE ( 'NONE', #2183, #2671, #1477, .T. ) ;
#2203 = VERTEX_POINT ( 'NONE', #1448 ) ;
#2204 = VECTOR ( 'NONE', #1683, 1000.000000000000000 ) ;
#2205 =( NAMED_UNIT ( * ) PLANE_ANGLE_UNIT ( ) SI_UNIT ( $, .RADIAN. ) );
#2206 = ORIENTED_EDGE ( 'NONE', *, *, #2585, .F. ) ;
#2207 = FILL_AREA_STYLE_COLOUR ( '', #2355 ) ;
#2208 = EDGE_LOOP ( 'NONE', ( #1043, #829, #630, #213 ) ) ;
#2209 = LINE ( 'NONE', #2185, #491 ) ;
#2210 = AXIS2_PLACEMENT_3D ( 'NONE', #966, #1471, #2366 ) ;
#2211 = LINE ( 'NONE', #1230, #369 ) ;
#2212 = MECHANICAL_DESIGN_GEOMETRIC_PRESENTATION_REPRESENTATION (  '', ( #1681 ), #2074 ) ;
#2213 = ORIENTED_EDGE ( 'NONE', *, *, #1342, .T. ) ;
#2214 = FILL_AREA_STYLE ('',( #2188 ) ) ;
#2215 = CARTESIAN_POINT ( 'NONE',  ( 1.822540590363160407, 3.668841943181834431, 2.604999999999999538 ) ) ;
#2216 = DIRECTION ( 'NONE',  ( -0.2762033010290175228, -0.9610992334304890861, 0.000000000000000000 ) ) ;
#2217 = VECTOR ( 'NONE', #2846, 1000.000000000000000 ) ;
#2218 = ORIENTED_EDGE ( 'NONE', *, *, #3015, .F. ) ;
#2219 = DIRECTION ( 'NONE',  ( -1.000000000000000000, 0.000000000000000000, -0.000000000000000000 ) ) ;
#2220 = EDGE_CURVE ( 'NONE', #1916, #376, #1462, .T. ) ;
#2221 = AXIS2_PLACEMENT_3D ( 'NONE', #2069, #1124, #373 ) ;
#2222 = ORIENTED_EDGE ( 'NONE', *, *, #34, .T. ) ;
#2223 = PRESENTATION_LAYER_ASSIGNMENT (  '', '', ( #1193 ) ) ;
#2224 = EDGE_CURVE ( 'NONE', #2806, #802, #501, .T. ) ;
#2225 = LINE ( 'NONE', #104, #2023 ) ;
#2226 = VECTOR ( 'NONE', #1185, 1000.000000000000114 ) ;
#2227 = ORIENTED_EDGE ( 'NONE', *, *, #2844, .T. ) ;
#2228 = SURFACE_SIDE_STYLE ('',( #2934 ) ) ;
#2229 = PRESENTATION_LAYER_ASSIGNMENT (  '', '', ( #1050 ) ) ;
#2230 = FILL_AREA_STYLE_COLOUR ( '', #35 ) ;
#2231 = STYLED_ITEM ( 'NONE', ( #1577 ), #1917 ) ;
#2232 = PLANE ( 'NONE',  #801 ) ;
#2233 = PLANE ( 'NONE',  #2792 ) ;
#2234 = DIRECTION ( 'NONE',  ( 0.000000000000000000, 0.000000000000000000, 1.000000000000000000 ) ) ;
#2235 = PLANE ( 'NONE',  #2713 ) ;
#2236 = ORIENTED_EDGE ( 'NONE', *, *, #2460, .T. ) ;
#2237 = LINE ( 'NONE', #1515, #95 ) ;
#2238 = ORIENTED_EDGE ( 'NONE', *, *, #406, .T. ) ;
#2239 = ORIENTED_EDGE ( 'NONE', *, *, #292, .F. ) ;
#2240 = ORIENTED_EDGE ( 'NONE', *, *, #2435, .F. ) ;
#2241 = VERTEX_POINT ( 'NONE', #2374 ) ;
#2242 = ADVANCED_FACE ( 'NONE', ( #38 ), #2653, .F. ) ;
#2243 = DIRECTION ( 'NONE',  ( -0.2762033010252004650, -0.9610992334315860974, -0.000000000000000000 ) ) ;
#2244 = DIRECTION ( 'NONE',  ( -0.000000000000000000, -0.000000000000000000, -1.000000000000000000 ) ) ;
#2245 = ORIENTED_EDGE ( 'NONE', *, *, #2962, .F. ) ;
#2246 = FILL_AREA_STYLE_COLOUR ( '', #1759 ) ;
#2247 = FACE_OUTER_BOUND ( 'NONE', #1090, .T. ) ;
#2248 =( LENGTH_UNIT ( ) NAMED_UNIT ( * ) SI_UNIT ( .MILLI., .METRE. ) );
#2249 = CARTESIAN_POINT ( 'NONE',  ( 2.902742435362265283, 3.511072328228547867, 2.600000000000000089 ) ) ;
#2250 = ORIENTED_EDGE ( 'NONE', *, *, #3002, .T. ) ;
#2251 = EDGE_LOOP ( 'NONE', ( #1745, #17, #502, #2738 ) ) ;
#2252 = VECTOR ( 'NONE', #291, 1000.000000000000000 ) ;
#2253 =( LENGTH_UNIT ( ) NAMED_UNIT ( * ) SI_UNIT ( .MILLI., .METRE. ) );
#2254 = ORIENTED_EDGE ( 'NONE', *, *, #1794, .T. ) ;
#2255 = DIRECTION ( 'NONE',  ( -1.000000000000000000, 0.000000000000000000, 0.000000000000000000 ) ) ;
#2256 = EDGE_CURVE ( 'NONE', #1507, #2539, #65, .T. ) ;
#2257 = DIRECTION ( 'NONE',  ( -1.000000000000000000, 0.000000000000000000, 0.000000000000000000 ) ) ;
#2258 = ORIENTED_EDGE ( 'NONE', *, *, #1513, .T. ) ;
#2259 = ADVANCED_FACE ( 'NONE', ( #2622 ), #323, .F. ) ;
#2260 = CARTESIAN_POINT ( 'NONE',  ( 5.307647249233334641, 3.508804111210706900, 2.600000000000000089 ) ) ;
#2261 = UNCERTAINTY_MEASURE_WITH_UNIT (LENGTH_MEASURE( 1.000000000000000082E-05 ), #2633, 'distance_accuracy_value', 'NONE');
#2262 = PRESENTATION_LAYER_ASSIGNMENT (  '', '', ( #536 ) ) ;
#2263 = ORIENTED_EDGE ( 'NONE', *, *, #1166, .T. ) ;
#2264 = ORIENTED_EDGE ( 'NONE', *, *, #2479, .T. ) ;
#2265 = STYLED_ITEM ( 'NONE', ( #711 ), #2882 ) ;
#2266 = VECTOR ( 'NONE', #1660, 1000.000000000000114 ) ;
#2267 = UNCERTAINTY_MEASURE_WITH_UNIT (LENGTH_MEASURE( 1.000000000000000082E-05 ), #638, 'distance_accuracy_value', 'NONE');
#2268 = CARTESIAN_POINT ( 'NONE',  ( 2.582257197913574664, 3.668841943181834431, 2.604999999999999538 ) ) ;
#2269 = FACE_OUTER_BOUND ( 'NONE', #437, .T. ) ;
#2270 = VECTOR ( 'NONE', #1907, 1000.000000000000000 ) ;
#2271 =( GEOMETRIC_REPRESENTATION_CONTEXT ( 3 ) GLOBAL_UNCERTAINTY_ASSIGNED_CONTEXT ( ( #2528 ) ) GLOBAL_UNIT_ASSIGNED_CONTEXT ( ( #1955, #518, #2175 ) ) REPRESENTATION_CONTEXT ( 'NONE', 'WORKASPACE' ) );
#2272 = VERTEX_POINT ( 'NONE', #1259 ) ;
#2273 = FACE_OUTER_BOUND ( 'NONE', #457, .T. ) ;
#2274 =( NAMED_UNIT ( * ) PLANE_ANGLE_UNIT ( ) SI_UNIT ( $, .RADIAN. ) );
#2275 = VECTOR ( 'NONE', #2067, 1000.000000000000000 ) ;
#2276 =( NAMED_UNIT ( * ) PLANE_ANGLE_UNIT ( ) SI_UNIT ( $, .RADIAN. ) );
#2277 = DIRECTION ( 'NONE',  ( -0.000000000000000000, 1.000000000000000000, -0.000000000000000000 ) ) ;
#2278 = ADVANCED_FACE ( 'NONE', ( #760 ), #775, .T. ) ;
#2279 = LINE ( 'NONE', #131, #394 ) ;
#2280 = ORIENTED_EDGE ( 'NONE', *, *, #968, .F. ) ;
#2281 = ORIENTED_EDGE ( 'NONE', *, *, #1871, .T. ) ;
#2282 = ORIENTED_EDGE ( 'NONE', *, *, #2360, .T. ) ;
#2283 = FACE_OUTER_BOUND ( 'NONE', #1466, .T. ) ;
#2284 = CARTESIAN_POINT ( 'NONE',  ( 0.2466666420000000193, 0.7500000000000000000, 0.2466666420000000193 ) ) ;
#2285 = SURFACE_STYLE_FILL_AREA ( #2488 ) ;
#2286 = CARTESIAN_POINT ( 'NONE',  ( 2.129672295196315179, 2.839979999999973970, 2.604999999999999538 ) ) ;
#2287 = CARTESIAN_POINT ( 'NONE',  ( 2.902742435362265283, 3.511072328228547867, 2.604999999999999538 ) ) ;
#2288 = PLANE ( 'NONE',  #1541 ) ;
#2289 = EDGE_CURVE ( 'NONE', #166, #1719, #1511, .T. ) ;
#2290 = ORIENTED_EDGE ( 'NONE', *, *, #1346, .F. ) ;
#2291 = VERTEX_POINT ( 'NONE', #2908 ) ;
#2292 = EDGE_CURVE ( 'NONE', #2915, #227, #2157, .T. ) ;
#2293 = VECTOR ( 'NONE', #2562, 1000.000000000000000 ) ;
#2294 = EDGE_LOOP ( 'NONE', ( #1456, #771, #1315, #315 ) ) ;
#2295 = AXIS2_PLACEMENT_3D ( 'NONE', #1151, #2336, #2110 ) ;
#2296 = DIRECTION ( 'NONE',  ( -1.364631143138098188E-16, 1.000000000000000000, 0.000000000000000000 ) ) ;
#2297 = DIRECTION ( 'NONE',  ( -0.2740217765954067186, -0.9617234872620596953, 0.000000000000000000 ) ) ;
#2298 = DIRECTION ( 'NONE',  ( -0.000000000000000000, -1.000000000000000000, -0.000000000000000000 ) ) ;
#2299 = FACE_OUTER_BOUND ( 'NONE', #336, .T. ) ;
#2300 = LINE ( 'NONE', #177, #2461 ) ;
#2301 = PLANE ( 'NONE',  #640 ) ;
#2302 = EDGE_LOOP ( 'NONE', ( #2164, #2194, #181, #2612 ) ) ;
#2303 = ADVANCED_FACE ( 'NONE', ( #1048 ), #987, .F. ) ;
#2304 = EDGE_LOOP ( 'NONE', ( #564, #2239, #1827, #180 ) ) ;
#2305 = AXIS2_PLACEMENT_3D ( 'NONE', #21, #2296, #1197 ) ;
#2306 = EDGE_CURVE ( 'NONE', #2735, #62, #353, .T. ) ;
#2307 = FACE_OUTER_BOUND ( 'NONE', #440, .T. ) ;
#2308 = STYLED_ITEM ( 'NONE', ( #1331 ), #2939 ) ;
#2309 = DIRECTION ( 'NONE',  ( 1.000000000000000000, 0.000000000000000000, 0.000000000000000000 ) ) ;
#2310 = AXIS2_PLACEMENT_3D ( 'NONE', #1840, #1749, #135 ) ;
#2311 = CARTESIAN_POINT ( 'NONE',  ( 4.918622828469700003, 2.997701730371300499, 2.600000000000000089 ) ) ;
#2312 = LINE ( 'NONE', #433, #2270 ) ;
#2313 = COLOUR_RGB ( '',0.4980392156862745168, 0.4980392156862745168, 0.4980392156862745168 ) ;
#2314 = PLANE ( 'NONE',  #503 ) ;
#2315 = VECTOR ( 'NONE', #3056, 1000.000000000000000 ) ;
#2316 = DIRECTION ( 'NONE',  ( 0.000000000000000000, 0.000000000000000000, -1.000000000000000000 ) ) ;
#2317 = AXIS2_PLACEMENT_3D ( 'NONE', #1657, #1880, #451 ) ;
#2319 = ORIENTED_EDGE ( 'NONE', *, *, #1571, .T. ) ;
#2318 = FACE_OUTER_BOUND ( 'NONE', #1857, .T. ) ;
#2320 = ADVANCED_FACE ( 'NONE', ( #2273 ), #2232, .T. ) ;
#2321 = VERTEX_POINT ( 'NONE', #605 ) ;
#2322 = DIRECTION ( 'NONE',  ( -1.000000000000000000, 0.000000000000000000, 0.000000000000000000 ) ) ;
#2323 = ADVANCED_FACE ( 'NONE', ( #401 ), #1575, .F. ) ;
#2324 = CARTESIAN_POINT ( 'NONE',  ( 2.700000000000000622, 1.653273178848926620E-16, 2.600000000000000089 ) ) ;
#2325 = LINE ( 'NONE', #2129, #2658 ) ;
#2326 = CARTESIAN_POINT ( 'NONE',  ( 7.400000000000000355, 0.000000000000000000, 0.000000000000000000 ) ) ;
#2327 = ORIENTED_EDGE ( 'NONE', *, *, #2399, .T. ) ;
#2328 = LINE ( 'NONE', #2803, #1935 ) ;
#2329 =( LENGTH_UNIT ( ) NAMED_UNIT ( * ) SI_UNIT ( .MILLI., .METRE. ) );
#2331 = VERTEX_POINT ( 'NONE', #2030 ) ;
#2330 = DIRECTION ( 'NONE',  ( -1.000000000000000000, 0.000000000000000000, 0.000000000000000000 ) ) ;
#2332 = ORIENTED_EDGE ( 'NONE', *, *, #1452, .F. ) ;
#2333 = DIRECTION ( 'NONE',  ( -0.6702013163843469901, -0.7421793553560274148, -0.000000000000000000 ) ) ;
#2334 = DIRECTION ( 'NONE',  ( 0.2765379750249962743, 0.9610029908221277006, 0.000000000000000000 ) ) ;
#2335 = VECTOR ( 'NONE', #2831, 1000.000000000000000 ) ;
#2336 = DIRECTION ( 'NONE',  ( 0.000000000000000000, -1.000000000000000000, 0.000000000000000000 ) ) ;
#2337 = VECTOR ( 'NONE', #660, 1000.000000000000227 ) ;
#2338 = CARTESIAN_POINT ( 'NONE',  ( 2.381867784552146539, 2.839979999999973970, 2.604999999999999538 ) ) ;
#2339 = EDGE_CURVE ( 'NONE', #2321, #1266, #841, .T. ) ;
#2340 = CARTESIAN_POINT ( 'NONE',  ( 2.700000000000000622, 1.653273178848926620E-16, 0.2466666420000000193 ) ) ;
#2341 = CARTESIAN_POINT ( 'NONE',  ( 1.200000000000000178, -19.00000000000000000, 1.574999999999999956 ) ) ;
#2342 = DIRECTION ( 'NONE',  ( -0.000000000000000000, -0.000000000000000000, -1.000000000000000000 ) ) ;
#2343 = EDGE_CURVE ( 'NONE', #1795, #2964, #1767, .T. ) ;
#2345 = ORIENTED_EDGE ( 'NONE', *, *, #886, .F. ) ;
#2344 = LINE ( 'NONE', #1661, #1980 ) ;
#2346 = ORIENTED_EDGE ( 'NONE', *, *, #2202, .T. ) ;
#2347 = FILL_AREA_STYLE ('',( #184 ) ) ;
#2348 = CARTESIAN_POINT ( 'NONE',  ( 4.873868386490510574, 2.839979999999973970, 2.600000000000000089 ) ) ;
#2349 = AXIS2_PLACEMENT_3D ( 'NONE', #7, #1877, #431 ) ;
#2350 = CARTESIAN_POINT ( 'NONE',  ( 6.899999999999999467, 6.599999999999999645, 2.600000000000000089 ) ) ;
#2351 = PRESENTATION_LAYER_ASSIGNMENT (  '', '', ( #198 ) ) ;
#2352 = LINE ( 'NONE', #702, #2335 ) ;
#2353 = CARTESIAN_POINT ( 'NONE',  ( 2.309486459975828687, 3.668841943181834431, 2.604999999999999538 ) ) ;
#2354 = EDGE_CURVE ( 'NONE', #1390, #1478, #1366, .T. ) ;
#2355 = COLOUR_RGB ( '',0.7921568627450980005, 0.8196078431372548767, 0.9333333333333333481 ) ;
#2356 = LINE ( 'NONE', #1400, #1981 ) ;
#2357 =( NAMED_UNIT ( * ) PLANE_ANGLE_UNIT ( ) SI_UNIT ( $, .RADIAN. ) );
#2358 = VECTOR ( 'NONE', #2504, 1000.000000000000000 ) ;
#2359 = SURFACE_SIDE_STYLE ('',( #2823 ) ) ;
#2360 = EDGE_CURVE ( 'NONE', #568, #2949, #382, .T. ) ;
#2362 = ORIENTED_EDGE ( 'NONE', *, *, #2705, .F. ) ;
#2361 = CARTESIAN_POINT ( 'NONE',  ( -0.08996538428017367139, 0.1572233423686904275, 2.599999999999999201 ) ) ;
#2363 = COLOUR_RGB ( '',0.4980392156862745168, 0.4980392156862745168, 0.4980392156862745168 ) ;
#2364 = VECTOR ( 'NONE', #405, 1000.000000000000000 ) ;
#2365 = ORIENTED_EDGE ( 'NONE', *, *, #406, .F. ) ;
#2366 = DIRECTION ( 'NONE',  ( -0.2729786930694848013, -0.9620200793798827643, 0.000000000000000000 ) ) ;
#2367 = PRESENTATION_STYLE_ASSIGNMENT (( #245 ) ) ;
#2368 = VECTOR ( 'NONE', #2940, 1000.000000000000000 ) ;
#2369 = DIRECTION ( 'NONE',  ( -1.000000000000000000, 0.000000000000000000, 0.000000000000000000 ) ) ;
#2370 = CARTESIAN_POINT ( 'NONE',  ( 3.367280840427302024, 2.839979999999973970, 2.604999999999999538 ) ) ;
#2371 = DIRECTION ( 'NONE',  ( -1.364631143138098188E-16, 1.000000000000000000, 0.000000000000000000 ) ) ;
#2372 = SURFACE_SIDE_STYLE ('',( #2577 ) ) ;
#2373 = SURFACE_STYLE_FILL_AREA ( #1656 ) ;
#2374 = CARTESIAN_POINT ( 'NONE',  ( 0.000000000000000000, 0.000000000000000000, 0.000000000000000000 ) ) ;
#2375 = EDGE_LOOP ( 'NONE', ( #626, #782, #2478, #1529 ) ) ;
#2376 = DIRECTION ( 'NONE',  ( -0.000000000000000000, -0.000000000000000000, -1.000000000000000000 ) ) ;
#2378 = ORIENTED_EDGE ( 'NONE', *, *, #510, .T. ) ;
#2377 = SURFACE_SIDE_STYLE ('',( #1453 ) ) ;
#2379 = VERTEX_POINT ( 'NONE', #1589 ) ;
#2380 = ADVANCED_FACE ( 'NONE', ( #2283 ), #479, .F. ) ;
#2381 = EDGE_LOOP ( 'NONE', ( #75, #1524, #2093, #2443 ) ) ;
#2382 = LINE ( 'NONE', #45, #1918 ) ;
#2383 = EDGE_CURVE ( 'NONE', #511, #896, #2765, .T. ) ;
#2384 = DIRECTION ( 'NONE',  ( -1.000000000000000000, 0.000000000000000000, 0.000000000000000000 ) ) ;
#2385 = LINE ( 'NONE', #758, #3012 ) ;
#2386 =( LENGTH_UNIT ( ) NAMED_UNIT ( * ) SI_UNIT ( .MILLI., .METRE. ) );
#2387 = LINE ( 'NONE', #52, #1693 ) ;
#2388 = AXIS2_PLACEMENT_3D ( 'NONE', #587, #2064, #1064 ) ;
#2389 = CARTESIAN_POINT ( 'NONE',  ( 4.699999999999999289, 1.653273178848926620E-16, 2.600000000000000089 ) ) ;
#2390 = ORIENTED_EDGE ( 'NONE', *, *, #330, .T. ) ;
#2391 = SURFACE_STYLE_FILL_AREA ( #2655 ) ;
#2392 = FILL_AREA_STYLE ('',( #2406 ) ) ;
#2393 = DIRECTION ( 'NONE',  ( 0.000000000000000000, -1.000000000000000000, 0.000000000000000000 ) ) ;
#2394 = ORIENTED_EDGE ( 'NONE', *, *, #1152, .F. ) ;
#2395 = ORIENTED_EDGE ( 'NONE', *, *, #763, .T. ) ;
#2396 = EDGE_CURVE ( 'NONE', #310, #1898, #715, .T. ) ;
#2397 = STYLED_ITEM ( 'NONE', ( #914 ), #853 ) ;
#2398 = DIRECTION ( 'NONE',  ( -0.2765379750249962743, -0.9610029908221277006, 0.000000000000000000 ) ) ;
#2399 = EDGE_CURVE ( 'NONE', #223, #310, #1863, .T. ) ;
#2400 = DIRECTION ( 'NONE',  ( 0.000000000000000000, 0.000000000000000000, -1.000000000000000000 ) ) ;
#2401 = AXIS2_PLACEMENT_3D ( 'NONE', #2601, #1741, #555 ) ;
#2402 = DIRECTION ( 'NONE',  ( 0.6702013163843469901, -0.7421793553560274148, -0.000000000000000000 ) ) ;
#2403 = VERTEX_POINT ( 'NONE', #681 ) ;
#2404 = VECTOR ( 'NONE', #174, 1000.000000000000000 ) ;
#2405 = LINE ( 'NONE', #1967, #854 ) ;
#2406 = FILL_AREA_STYLE_COLOUR ( '', #789 ) ;
#2407 = STYLED_ITEM ( 'NONE', ( #928 ), #993 ) ;
#2408 = PLANE ( 'NONE',  #1885 ) ;
#2409 = ORIENTED_EDGE ( 'NONE', *, *, #1319, .T. ) ;
#2410 =( GEOMETRIC_REPRESENTATION_CONTEXT ( 3 ) GLOBAL_UNCERTAINTY_ASSIGNED_CONTEXT ( ( #2066 ) ) GLOBAL_UNIT_ASSIGNED_CONTEXT ( ( #1330, #875, #2532 ) ) REPRESENTATION_CONTEXT ( 'NONE', 'WORKASPACE' ) );
#2411 = VECTOR ( 'NONE', #2330, 1000.000000000000000 ) ;
#2412 = ORIENTED_EDGE ( 'NONE', *, *, #1701, .T. ) ;
#2413 = CARTESIAN_POINT ( 'NONE',  ( 3.325190293987488221, 3.668841943181834431, 2.600000000000000089 ) ) ;
#2414 = AXIS2_PLACEMENT_3D ( 'NONE', #764, #1718, #751 ) ;
#2415 = SURFACE_STYLE_FILL_AREA ( #757 ) ;
#2416 = ORIENTED_EDGE ( 'NONE', *, *, #949, .F. ) ;
#2417 = DIRECTION ( 'NONE',  ( 0.2763139702539113007, 0.9610674221107073922, 0.000000000000000000 ) ) ;
#2418 = ADVANCED_FACE ( 'NONE', ( #1367 ), #2127, .F. ) ;
#2419 =( NAMED_UNIT ( * ) PLANE_ANGLE_UNIT ( ) SI_UNIT ( $, .RADIAN. ) );
#2420 = CARTESIAN_POINT ( 'NONE',  ( 4.699999999999999289, 1.653273178848926620E-16, 0.000000000000000000 ) ) ;
#2421 = ORIENTED_EDGE ( 'NONE', *, *, #16, .F. ) ;
#2422 = ADVANCED_FACE ( 'NONE', ( #415 ), #1165, .F. ) ;
#2423 = DIRECTION ( 'NONE',  ( 1.000000000000000000, 0.000000000000000000, 0.000000000000000000 ) ) ;
#2424 =( NAMED_UNIT ( * ) SI_UNIT ( $, .STERADIAN. ) SOLID_ANGLE_UNIT ( ) );
#2425 =( LENGTH_UNIT ( ) NAMED_UNIT ( * ) SI_UNIT ( .MILLI., .METRE. ) );
#2426 = VERTEX_POINT ( 'NONE', #189 ) ;
#2427 = CARTESIAN_POINT ( 'NONE',  ( 2.700000000000000622, 1.653273178848926620E-16, 2.353333357999999098 ) ) ;
#2428 = ORIENTED_EDGE ( 'NONE', *, *, #1005, .F. ) ;
#2429 = LINE ( 'NONE', #1724, #619 ) ;
#2430 = EDGE_LOOP ( 'NONE', ( #2674, #74, #1351, #3025 ) ) ;
#2431 = CARTESIAN_POINT ( 'NONE',  ( 5.307647249233334641, 3.508804111210706900, 2.604999999999999538 ) ) ;
#2432 = DIRECTION ( 'NONE',  ( -0.000000000000000000, 1.000000000000000000, -0.000000000000000000 ) ) ;
#2433 = ORIENTED_EDGE ( 'NONE', *, *, #142, .F. ) ;
#2434 =( NAMED_UNIT ( * ) SI_UNIT ( $, .STERADIAN. ) SOLID_ANGLE_UNIT ( ) );
#2435 = EDGE_CURVE ( 'NONE', #1375, #2933, #2830, .T. ) ;
#2436 = ORIENTED_EDGE ( 'NONE', *, *, #1794, .F. ) ;
#2437 = AXIS2_PLACEMENT_3D ( 'NONE', #889, #338, #2501 ) ;
#2438 = CARTESIAN_POINT ( 'NONE',  ( 3.579157512192174373, 3.577894001539488666, 2.604999999999999538 ) ) ;
#2439 = DIRECTION ( 'NONE',  ( -0.7145695586382625475, -0.6995643972269591782, 0.000000000000000000 ) ) ;
#2440 = EDGE_CURVE ( 'NONE', #272, #568, #3050, .T. ) ;
#2441 = SURFACE_SIDE_STYLE ('',( #724 ) ) ;
#2442 = ORIENTED_EDGE ( 'NONE', *, *, #122, .T. ) ;
#2443 = ORIENTED_EDGE ( 'NONE', *, *, #2011, .T. ) ;
#2444 = ORIENTED_EDGE ( 'NONE', *, *, #2572, .F. ) ;
#2445 = CARTESIAN_POINT ( 'NONE',  ( 2.582257197913574664, 3.668841943181834431, 2.600000000000000089 ) ) ;
#2446 = CARTESIAN_POINT ( 'NONE',  ( 2.381867784552146539, 2.839979999999973970, 2.600000000000000089 ) ) ;
#2447 = CYLINDRICAL_SURFACE ( 'NONE', #884, 0.5000000000000000000 ) ;
#2448 = VECTOR ( 'NONE', #685, 1000.000000000000114 ) ;
#2449 = VERTEX_POINT ( 'NONE', #907 ) ;
#2450 = LINE ( 'NONE', #1343, #472 ) ;
#2451 = PRODUCT_DEFINITION ( 'UNKNOWN', '', #790, #377 ) ;
#2452 = VECTOR ( 'NONE', #2243, 1000.000000000000114 ) ;
#2453 = DIRECTION ( 'NONE',  ( -0.6995643972269591782, 0.7145695586382625475, 0.000000000000000000 ) ) ;
#2454 = SURFACE_STYLE_FILL_AREA ( #578 ) ;
#2455 = EDGE_CURVE ( 'NONE', #2793, #1069, #666, .T. ) ;
#2457 = ORIENTED_EDGE ( 'NONE', *, *, #2962, .T. ) ;
#2456 = FILL_AREA_STYLE_COLOUR ( '', #387 ) ;
#2458 = MECHANICAL_DESIGN_GEOMETRIC_PRESENTATION_REPRESENTATION (  '', ( #1834 ), #53 ) ;
#2459 = PRODUCT_DEFINITION_SHAPE ( 'NONE', 'NONE',  #2451 ) ;
#2460 = EDGE_CURVE ( 'NONE', #168, #1405, #1833, .T. ) ;
#2461 = VECTOR ( 'NONE', #850, 1000.000000000000000 ) ;
#2462 = ORIENTED_EDGE ( 'NONE', *, *, #1303, .F. ) ;
#2463 =( LENGTH_UNIT ( ) NAMED_UNIT ( * ) SI_UNIT ( .MILLI., .METRE. ) );
#2464 = LINE ( 'NONE', #2484, #2687 ) ;
#2465 = AXIS2_PLACEMENT_3D ( 'NONE', #1095, #2471, #1819 ) ;
#2466 = ORIENTED_EDGE ( 'NONE', *, *, #2339, .F. ) ;
#2467 =( NAMED_UNIT ( * ) PLANE_ANGLE_UNIT ( ) SI_UNIT ( $, .RADIAN. ) );
#2468 = DIRECTION ( 'NONE',  ( -0.000000000000000000, 1.000000000000000000, -0.000000000000000000 ) ) ;
#2469 = FACE_OUTER_BOUND ( 'NONE', #1613, .T. ) ;
#2470 = FILL_AREA_STYLE_COLOUR ( '', #294 ) ;
#2471 = DIRECTION ( 'NONE',  ( 0.000000000000000000, 1.000000000000000000, 0.000000000000000000 ) ) ;
#2472 = ORIENTED_EDGE ( 'NONE', *, *, #1319, .F. ) ;
#2473 = CARTESIAN_POINT ( 'NONE',  ( 2.582257197913574664, 3.668841943181834431, 2.604999999999999538 ) ) ;
#2474 = DIRECTION ( 'NONE',  ( -1.000000000000000000, -0.000000000000000000, -0.000000000000000000 ) ) ;
#2475 = UNCERTAINTY_MEASURE_WITH_UNIT (LENGTH_MEASURE( 1.000000000000000082E-05 ), #1573, 'distance_accuracy_value', 'NONE');
#2476 = VERTEX_POINT ( 'NONE', #2098 ) ;
#2477 = ORIENTED_EDGE ( 'NONE', *, *, #615, .T. ) ;
#2478 = ORIENTED_EDGE ( 'NONE', *, *, #424, .F. ) ;
#2479 = EDGE_CURVE ( 'NONE', #761, #1562, #1380, .T. ) ;
#2480 = DIRECTION ( 'NONE',  ( 0.2732148821746286371, 0.9619530280415482526, 0.000000000000000000 ) ) ;
#2481 = ORIENTED_EDGE ( 'NONE', *, *, #1346, .T. ) ;
#2482 = CARTESIAN_POINT ( 'NONE',  ( 0.000000000000000000, 6.099999999999999645, 2.600000000000000089 ) ) ;
#2483 = EDGE_CURVE ( 'NONE', #1478, #1977, #1667, .T. ) ;
#2484 = CARTESIAN_POINT ( 'NONE',  ( 3.937261094536540273, 2.839979999999973970, 2.604999999999999538 ) ) ;
#2485 = ORIENTED_EDGE ( 'NONE', *, *, #1629, .T. ) ;
#2486 = CARTESIAN_POINT ( 'NONE',  ( 1.949023931268476728, 3.290029539475463949, 2.604999999999999538 ) ) ;
#2487 = LINE ( 'NONE', #2943, #770 ) ;
#2488 = FILL_AREA_STYLE ('',( #1593 ) ) ;
#2489 = LINE ( 'NONE', #162, #2821 ) ;
#2490 =( NAMED_UNIT ( * ) PLANE_ANGLE_UNIT ( ) SI_UNIT ( $, .RADIAN. ) );
#2491 = CARTESIAN_POINT ( 'NONE',  ( 5.055663460132759468, 3.509976023336028650, 2.600000000000000089 ) ) ;
#2492 = EDGE_LOOP ( 'NONE', ( #2378, #2106, #533, #183 ) ) ;
#2493 =( GEOMETRIC_REPRESENTATION_CONTEXT ( 3 ) GLOBAL_UNCERTAINTY_ASSIGNED_CONTEXT ( ( #132 ) ) GLOBAL_UNIT_ASSIGNED_CONTEXT ( ( #1653, #2797, #444 ) ) REPRESENTATION_CONTEXT ( 'NONE', 'WORKASPACE' ) );
#2494 = EDGE_LOOP ( 'NONE', ( #240, #2898, #918, #792 ) ) ;
#2495 = VECTOR ( 'NONE', #1227, 1000.000000000000000 ) ;
#2496 = ORIENTED_EDGE ( 'NONE', *, *, #107, .F. ) ;
#2497 = DIRECTION ( 'NONE',  ( 0.2732148821746286371, 0.9619530280415482526, 0.000000000000000000 ) ) ;
#2498 = FACE_BOUND ( 'NONE', #2992, .T. ) ;
#2499 = EDGE_CURVE ( 'NONE', #329, #1537, #248, .T. ) ;
#2500 = EDGE_LOOP ( 'NONE', ( #1843, #2974, #2444, #2227 ) ) ;
#2501 = DIRECTION ( 'NONE',  ( 0.000000000000000000, 0.000000000000000000, -1.000000000000000000 ) ) ;
#2502 = DIRECTION ( 'NONE',  ( -0.2762517575166416051, -0.9610853065513833560, 0.000000000000000000 ) ) ;
#2503 = DIRECTION ( 'NONE',  ( -1.000000000000000000, 0.000000000000000000, 0.000000000000000000 ) ) ;
#2504 = DIRECTION ( 'NONE',  ( -0.000000000000000000, -0.000000000000000000, -1.000000000000000000 ) ) ;
#2505 = VECTOR ( 'NONE', #957, 1000.000000000000000 ) ;
#2506 = ORIENTED_EDGE ( 'NONE', *, *, #2629, .F. ) ;
#2507 = ORIENTED_EDGE ( 'NONE', *, *, #803, .T. ) ;
#2508 = MECHANICAL_DESIGN_GEOMETRIC_PRESENTATION_REPRESENTATION (  '', ( #198 ), #1484 ) ;
#2509 = ORIENTED_EDGE ( 'NONE', *, *, #1325, .F. ) ;
#2510 = CARTESIAN_POINT ( 'NONE',  ( 3.407864284002566357, 3.668841943181834431, 2.600000000000000089 ) ) ;
#2511 = VECTOR ( 'NONE', #866, 1000.000000000000000 ) ;
#2512 = CARTESIAN_POINT ( 'NONE',  ( 3.169872873649988154, 3.203675997412120058, 2.604999999999999538 ) ) ;
#2513 = AXIS2_PLACEMENT_3D ( 'NONE', #1659, #2316, #2119 ) ;
#2514 = EDGE_CURVE ( 'NONE', #272, #2007, #2209, .T. ) ;
#2515 = DIRECTION ( 'NONE',  ( 0.000000000000000000, 0.000000000000000000, 1.000000000000000000 ) ) ;
#2516 = DIRECTION ( 'NONE',  ( 1.000000000000000000, 1.364631143138098188E-16, 0.000000000000000000 ) ) ;
#2517 = STYLED_ITEM ( 'NONE', ( #1939 ), #2278 ) ;
#2518 = UNCERTAINTY_MEASURE_WITH_UNIT (LENGTH_MEASURE( 1.000000000000000082E-05 ), #2329, 'distance_accuracy_value', 'NONE');
#2519 = DIRECTION ( 'NONE',  ( -0.4668459304955079880, -0.8843386665637680277, 0.000000000000000000 ) ) ;
#2520 = ORIENTED_EDGE ( 'NONE', *, *, #1172, .F. ) ;
#2521 = EDGE_CURVE ( 'NONE', #1449, #109, #264, .T. ) ;
#2522 = CARTESIAN_POINT ( 'NONE',  ( 0.000000000000000000, 6.099999999999999645, 2.600000000000000089 ) ) ;
#2523 = ORIENTED_EDGE ( 'NONE', *, *, #1472, .F. ) ;
#2524 = ORIENTED_EDGE ( 'NONE', *, *, #2483, .T. ) ;
#2525 = ORIENTED_EDGE ( 'NONE', *, *, #560, .T. ) ;
#2526 =( NAMED_UNIT ( * ) PLANE_ANGLE_UNIT ( ) SI_UNIT ( $, .RADIAN. ) );
#2527 = PRESENTATION_STYLE_ASSIGNMENT (( #201 ) ) ;
#2528 = UNCERTAINTY_MEASURE_WITH_UNIT (LENGTH_MEASURE( 1.000000000000000082E-05 ), #1955, 'distance_accuracy_value', 'NONE');
#2529 = CARTESIAN_POINT ( 'NONE',  ( 3.537795314773091171, 2.839979999999973970, 2.604999999999999538 ) ) ;
#2530 = SURFACE_SIDE_STYLE ('',( #3022 ) ) ;
#2531 = CARTESIAN_POINT ( 'NONE',  ( 1.957227316808721307, 3.315383165242611785, 2.604999999999999538 ) ) ;
#2532 =( NAMED_UNIT ( * ) SI_UNIT ( $, .STERADIAN. ) SOLID_ANGLE_UNIT ( ) );
#2533 = EDGE_CURVE ( 'NONE', #1631, #878, #1699, .T. ) ;
#2534 = LINE ( 'NONE', #1804, #1249 ) ;
#2535 = DIRECTION ( 'NONE',  ( -1.000000000000000000, 0.000000000000000000, -1.255832623252358938E-16 ) ) ;
#2536 = CARTESIAN_POINT ( 'NONE',  ( 4.150186186611035666, 3.581447541530523804, 2.600000000000000089 ) ) ;
#2537 = DIRECTION ( 'NONE',  ( 0.000000000000000000, -0.000000000000000000, 1.000000000000000000 ) ) ;
#2538 = EDGE_CURVE ( 'NONE', #599, #1357, #1905, .T. ) ;
#2539 = VERTEX_POINT ( 'NONE', #76 ) ;
#2540 = STYLED_ITEM ( 'NONE', ( #403 ), #203 ) ;
#2541 = DIRECTION ( 'NONE',  ( 0.000000000000000000, 0.000000000000000000, -1.000000000000000000 ) ) ;
#2542 = FACE_OUTER_BOUND ( 'NONE', #1663, .T. ) ;
#2543 = VECTOR ( 'NONE', #553, 1000.000000000000000 ) ;
#2544 = SURFACE_STYLE_FILL_AREA ( #1365 ) ;
#2545 = FILL_AREA_STYLE ('',( #1397 ) ) ;
#2546 = DIRECTION ( 'NONE',  ( -0.000000000000000000, 1.000000000000000000, -0.000000000000000000 ) ) ;
#2547 = CARTESIAN_POINT ( 'NONE',  ( 2.814166040619630937, 3.203675997412120058, 2.604999999999999538 ) ) ;
#2548 = DIRECTION ( 'NONE',  ( -0.000000000000000000, -1.000000000000000000, -0.000000000000000000 ) ) ;
#2549 = EDGE_CURVE ( 'NONE', #2403, #333, #2619, .T. ) ;
#2550 = DIRECTION ( 'NONE',  ( 0.000000000000000000, 0.000000000000000000, 1.000000000000000000 ) ) ;
#2552 = ORIENTED_EDGE ( 'NONE', *, *, #2289, .F. ) ;
#2551 = DIRECTION ( 'NONE',  ( -1.000000000000000000, 0.000000000000000000, 0.000000000000000000 ) ) ;
#2553 = EDGE_CURVE ( 'NONE', #1977, #1317, #2904, .T. ) ;
#2554 = MECHANICAL_DESIGN_GEOMETRIC_PRESENTATION_REPRESENTATION (  '', ( #1585 ), #994 ) ;
#2555 = ORIENTED_EDGE ( 'NONE', *, *, #2642, .T. ) ;
#2556 = CARTESIAN_POINT ( 'NONE',  ( 4.147887726700903777, 2.839979999999973970, 2.600000000000000089 ) ) ;
#2557 = COLOUR_RGB ( '',0.4980392156862745168, 0.4980392156862745168, 0.4980392156862745168 ) ;
#2558 = CARTESIAN_POINT ( 'NONE',  ( 4.150186186611035666, 3.581447541530523804, 2.604999999999999538 ) ) ;
#2559 = AXIS2_PLACEMENT_3D ( 'NONE', #1757, #494, #2219 ) ;
#2560 = DIRECTION ( 'NONE',  ( 0.4443210308329519909, 0.8958676361826802825, 0.000000000000000000 ) ) ;
#2561 = VECTOR ( 'NONE', #777, 1000.000000000000227 ) ;
#2562 = DIRECTION ( 'NONE',  ( 0.000000000000000000, 1.000000000000000000, 0.000000000000000000 ) ) ;
#2563 = DIRECTION ( 'NONE',  ( -1.000000000000000000, -1.364631143138098188E-16, -1.255832623252358938E-16 ) ) ;
#2564 = CARTESIAN_POINT ( 'NONE',  ( 3.169872873649988154, 3.203675997412120058, 2.600000000000000089 ) ) ;
#2565 = VECTOR ( 'NONE', #762, 1000.000000000000000 ) ;
#2566 = CARTESIAN_POINT ( 'NONE',  ( 6.899999999999999467, 6.599999999999999645, 2.100000000000000089 ) ) ;
#2567 = DIRECTION ( 'NONE',  ( 0.000000000000000000, -1.000000000000000000, 0.000000000000000000 ) ) ;
#2568 = VECTOR ( 'NONE', #1909, 1000.000000000000000 ) ;
#2570 = ORIENTED_EDGE ( 'NONE', *, *, #16, .T. ) ;
#2569 = LINE ( 'NONE', #1897, #1097 ) ;
#2571 = VERTEX_POINT ( 'NONE', #1711 ) ;
#2572 = EDGE_CURVE ( 'NONE', #991, #2105, #513, .T. ) ;
#2573 = CARTESIAN_POINT ( 'NONE',  ( 0.000000000000000000, 6.099999999999999645, 2.100000000000000089 ) ) ;
#2574 = FACE_OUTER_BOUND ( 'NONE', #2294, .T. ) ;
#2575 = EDGE_CURVE ( 'NONE', #776, #991, #1028, .T. ) ;
#2576 = CARTESIAN_POINT ( 'NONE',  ( 4.494501999999998887, 0.2275680000000001035, 2.353333357999999986 ) ) ;
#2577 = SURFACE_STYLE_FILL_AREA ( #938 ) ;
#2578 = CARTESIAN_POINT ( 'NONE',  ( 4.587256484269100376, 3.203675997410458276, 2.604999999999999538 ) ) ;
#2579 = ORIENTED_EDGE ( 'NONE', *, *, #241, .F. ) ;
#2581 = VERTEX_POINT ( 'NONE', #2648 ) ;
#2580 = DIRECTION ( 'NONE',  ( 0.2745159998572631044, 0.9615825319869153454, 0.000000000000000000 ) ) ;
#2582 = SURFACE_STYLE_USAGE ( .BOTH. , #3043 ) ;
#2583 = ORIENTED_EDGE ( 'NONE', *, *, #1001, .T. ) ;
#2584 = CIRCLE ( 'NONE', #2437, 0.2750000000000000777 ) ;
#2585 = EDGE_CURVE ( 'NONE', #2476, #2884, #308, .T. ) ;
#2586 = AXIS2_PLACEMENT_3D ( 'NONE', #2712, #1558, #570 ) ;
#2587 = DIRECTION ( 'NONE',  ( 0.000000000000000000, 0.000000000000000000, -1.000000000000000000 ) ) ;
#2588 = EDGE_CURVE ( 'NONE', #2272, #2809, #1446, .T. ) ;
#2589 = PLANE ( 'NONE',  #2109 ) ;
#2590 = CARTESIAN_POINT ( 'NONE',  ( 5.351464161512362594, 2.839979999999973970, 2.600000000000000089 ) ) ;
#2591 = DIRECTION ( 'NONE',  ( 0.000000000000000000, 1.000000000000000000, 0.000000000000000000 ) ) ;
#2592 = LINE ( 'NONE', #961, #2969 ) ;
#2593 =( NAMED_UNIT ( * ) PLANE_ANGLE_UNIT ( ) SI_UNIT ( $, .RADIAN. ) );
#2595 = EDGE_LOOP ( 'NONE', ( #2637, #2213, #870, #1874 ) ) ;
#2594 = CARTESIAN_POINT ( 'NONE',  ( 0.2466666419999996029, 0.7500000000000000000, 2.353333357999999098 ) ) ;
#2596 = VECTOR ( 'NONE', #1226, 1000.000000000000000 ) ;
#2597 = COLOUR_RGB ( '',0.4980392156862745168, 0.4980392156862745168, 0.4980392156862745168 ) ;
#2598 = ORIENTED_EDGE ( 'NONE', *, *, #733, .F. ) ;
#2599 = CARTESIAN_POINT ( 'NONE',  ( 0.000000000000000000, 6.099999999999999645, 0.000000000000000000 ) ) ;
#2600 = CARTESIAN_POINT ( 'NONE',  ( 3.760847261520990248, 3.668841943181834431, 2.600000000000000089 ) ) ;
#2601 = CARTESIAN_POINT ( 'NONE',  ( 3.280380406702288365, 3.511072328228547867, 2.604999999999999538 ) ) ;
#2602 = VECTOR ( 'NONE', #2535, 1000.000000000000000 ) ;
#2603 = FACE_OUTER_BOUND ( 'NONE', #2778, .T. ) ;
#2604 = CARTESIAN_POINT ( 'NONE',  ( 3.367280840427302024, 2.839979999999973970, 2.604999999999999538 ) ) ;
#2605 = STYLED_ITEM ( 'NONE', ( #736 ), #985 ) ;
#2606 = DIRECTION ( 'NONE',  ( 0.000000000000000000, 0.000000000000000000, -1.000000000000000000 ) ) ;
#2607 = EDGE_CURVE ( 'NONE', #2756, #776, #541, .T. ) ;
#2608 = VERTEX_POINT ( 'NONE', #528 ) ;
#2609 = CYLINDRICAL_SURFACE ( 'NONE', #2513, 0.5000000000000004441 ) ;
#2610 =( LENGTH_UNIT ( ) NAMED_UNIT ( * ) SI_UNIT ( .MILLI., .METRE. ) );
#2612 = ORIENTED_EDGE ( 'NONE', *, *, #2383, .T. ) ;
#2611 = DIRECTION ( 'NONE',  ( -0.2745159998572631044, -0.9615825319869153454, 0.000000000000000000 ) ) ;
#2613 = EDGE_CURVE ( 'NONE', #646, #289, #2385, .T. ) ;
#2614 = ORIENTED_EDGE ( 'NONE', *, *, #2099, .T. ) ;
#2615 = VECTOR ( 'NONE', #2134, 1000.000000000000000 ) ;
#2616 = ORIENTED_EDGE ( 'NONE', *, *, #427, .F. ) ;
#2617 = LINE ( 'NONE', #1486, #3005 ) ;
#2618 = PLANE ( 'NONE',  #1721 ) ;
#2619 = LINE ( 'NONE', #1474, #835 ) ;
#2620 = CARTESIAN_POINT ( 'NONE',  ( 1.200000000000000178, -19.00000000000000000, 1.300000000000000044 ) ) ;
#2621 = CARTESIAN_POINT ( 'NONE',  ( 4.986674379451121908, 3.356876415196010655, 2.604999999999999538 ) ) ;
#2622 = FACE_OUTER_BOUND ( 'NONE', #1143, .T. ) ;
#2623 = VERTEX_POINT ( 'NONE', #281 ) ;
#2624 = LINE ( 'NONE', #39, #954 ) ;
#2625 = DIRECTION ( 'NONE',  ( -0.2764273280489764617, -0.9610348236706636182, 0.000000000000000000 ) ) ;
#2626 = EDGE_CURVE ( 'NONE', #492, #2163, #999, .T. ) ;
#2627 = CARTESIAN_POINT ( 'NONE',  ( 1.200000000000000178, -19.00000000000000000, 1.300000000000000044 ) ) ;
#2628 = LINE ( 'NONE', #521, #1527 ) ;
#2629 = EDGE_CURVE ( 'NONE', #25, #2050, #1257, .T. ) ;
#2630 = ORIENTED_EDGE ( 'NONE', *, *, #480, .T. ) ;
#2631 = SURFACE_SIDE_STYLE ('',( #2415 ) ) ;
#2632 = DIRECTION ( 'NONE',  ( -0.2760118818968580467, -0.9611542233438683525, 0.000000000000000000 ) ) ;
#2633 =( LENGTH_UNIT ( ) NAMED_UNIT ( * ) SI_UNIT ( .MILLI., .METRE. ) );
#2634 =( NAMED_UNIT ( * ) SI_UNIT ( $, .STERADIAN. ) SOLID_ANGLE_UNIT ( ) );
#2635 = COLOUR_RGB ( '',0.4980392156862745168, 0.4980392156862745168, 0.4980392156862745168 ) ;
#2636 = CARTESIAN_POINT ( 'NONE',  ( 3.728971601317690343, 3.076692321403373676, 2.600000000000000089 ) ) ;
#2637 = ORIENTED_EDGE ( 'NONE', *, *, #2112, .T. ) ;
#2638 = CARTESIAN_POINT ( 'NONE',  ( 0.000000000000000000, 0.000000000000000000, 2.600000000000000089 ) ) ;
#2639 = CARTESIAN_POINT ( 'NONE',  ( 5.770637865296988522, 3.508786095205675082, 2.604999999999999538 ) ) ;
#2640 = CARTESIAN_POINT ( 'NONE',  ( 3.579157512192174373, 3.577894001539488666, 2.600000000000000089 ) ) ;
#2641 = ORIENTED_EDGE ( 'NONE', *, *, #1152, .T. ) ;
#2642 = EDGE_CURVE ( 'NONE', #140, #2581, #2861, .T. ) ;
#2643 = ORIENTED_EDGE ( 'NONE', *, *, #1723, .F. ) ;
#2644 = PRESENTATION_LAYER_ASSIGNMENT (  '', '', ( #2397 ) ) ;
#2645 = ADVANCED_FACE ( 'NONE', ( #2196 ), #1964, .F. ) ;
#2646 = DIRECTION ( 'NONE',  ( 0.6702013163843469901, -0.7421793553560274148, 0.000000000000000000 ) ) ;
#2647 = ORIENTED_EDGE ( 'NONE', *, *, #161, .F. ) ;
#2648 = CARTESIAN_POINT ( 'NONE',  ( 2.712854867454359997, 3.668841943181834431, 2.600000000000000089 ) ) ;
#2649 = EDGE_CURVE ( 'NONE', #1776, #2291, #1508, .T. ) ;
#2650 = LINE ( 'NONE', #91, #1467 ) ;
#2651 = VECTOR ( 'NONE', #1893, 1000.000000000000114 ) ;
#2652 = FILL_AREA_STYLE_COLOUR ( '', #1133 ) ;
#2653 = PLANE ( 'NONE',  #302 ) ;
#2654 = VECTOR ( 'NONE', #2503, 1000.000000000000000 ) ;
#2655 = FILL_AREA_STYLE ('',( #1747 ) ) ;
#2656 = CARTESIAN_POINT ( 'NONE',  ( 3.760847261520990248, 3.668841943181834431, 2.604999999999999538 ) ) ;
#2657 =( LENGTH_UNIT ( ) NAMED_UNIT ( * ) SI_UNIT ( .MILLI., .METRE. ) );
#2658 = VECTOR ( 'NONE', #220, 1000.000000000000000 ) ;
#2659 = EDGE_LOOP ( 'NONE', ( #2776, #2709, #490, #1930 ) ) ;
#2660 = VECTOR ( 'NONE', #2878, 1000.000000000000114 ) ;
#2661 = CARTESIAN_POINT ( 'NONE',  ( 3.213639381107466608, 3.356904137849748615, 2.604999999999999538 ) ) ;
#2662 = ADVANCED_FACE ( 'NONE', ( #2168 ), #320, .F. ) ;
#2663 = ORIENTED_EDGE ( 'NONE', *, *, #1245, .T. ) ;
#2664 = AXIS2_PLACEMENT_3D ( 'NONE', #618, #1786, #124 ) ;
#2665 = CARTESIAN_POINT ( 'NONE',  ( 1.971093920969425817, -0.8071888709030240472, 0.2466666420000000193 ) ) ;
#2666 = FILL_AREA_STYLE_COLOUR ( '', #2635 ) ;
#2667 = EDGE_CURVE ( 'NONE', #2075, #41, #858, .T. ) ;
#2668 = ORIENTED_EDGE ( 'NONE', *, *, #292, .T. ) ;
#2669 = ORIENTED_EDGE ( 'NONE', *, *, #2553, .T. ) ;
#2670 = CARTESIAN_POINT ( 'NONE',  ( 5.307647249233334641, 3.508804111210706900, 2.604999999999999538 ) ) ;
#2671 = VERTEX_POINT ( 'NONE', #2510 ) ;
#2672 = PLANE ( 'NONE',  #1972 ) ;
#2673 = ORIENTED_EDGE ( 'NONE', *, *, #1867, .F. ) ;
#2674 = ORIENTED_EDGE ( 'NONE', *, *, #31, .T. ) ;
#2675 = CARTESIAN_POINT ( 'NONE',  ( 3.760847261520990248, 3.668841943181834431, 2.604999999999999538 ) ) ;
#2676 = ORIENTED_EDGE ( 'NONE', *, *, #200, .T. ) ;
#2677 = DIRECTION ( 'NONE',  ( 0.000000000000000000, -1.000000000000000000, 0.000000000000000000 ) ) ;
#2678 = ADVANCED_FACE ( 'NONE', ( #137 ), #106, .F. ) ;
#2679 = SURFACE_SIDE_STYLE ('',( #2955 ) ) ;
#2680 = ORIENTED_EDGE ( 'NONE', *, *, #2613, .F. ) ;
#2681 = CARTESIAN_POINT ( 'NONE',  ( 2.195319536139833438, 3.290029539475469722, 2.600000000000000089 ) ) ;
#2682 = EDGE_CURVE ( 'NONE', #2887, #1496, #2726, .T. ) ;
#2683 = VECTOR ( 'NONE', #1544, 1000.000000000000114 ) ;
#2684 = LINE ( 'NONE', #574, #2181 ) ;
#2685 = DIRECTION ( 'NONE',  ( 0.000000000000000000, -1.000000000000000000, 0.000000000000000000 ) ) ;
#2686 = CARTESIAN_POINT ( 'NONE',  ( 7.192893218813452449, 6.599999999999998757, 0.2071067811865477115 ) ) ;
#2687 = VECTOR ( 'NONE', #2028, 1000.000000000000000 ) ;
#2688 = CARTESIAN_POINT ( 'NONE',  ( 2.755469624710078946, 2.997671487479804053, 2.604999999999999538 ) ) ;
#2689 = EDGE_CURVE ( 'NONE', #596, #1566, #1059, .T. ) ;
#2690 = ORIENTED_EDGE ( 'NONE', *, *, #343, .F. ) ;
#2691 = ORIENTED_EDGE ( 'NONE', *, *, #2982, .T. ) ;
#2692 = EDGE_LOOP ( 'NONE', ( #2938, #2879, #1801, #1024 ) ) ;
#2693 = DIRECTION ( 'NONE',  ( -0.2762437428917223214, -0.9610876102172850599, 0.000000000000000000 ) ) ;
#2694 = CARTESIAN_POINT ( 'NONE',  ( 3.728971601317690343, 3.076692321403373676, 2.604999999999999538 ) ) ;
#2695 = PRESENTATION_LAYER_ASSIGNMENT (  '', '', ( #1681 ) ) ;
#2696 = ORIENTED_EDGE ( 'NONE', *, *, #1900, .T. ) ;
#2697 =( NAMED_UNIT ( * ) SI_UNIT ( $, .STERADIAN. ) SOLID_ANGLE_UNIT ( ) );
#2698 = CARTESIAN_POINT ( 'NONE',  ( 4.630972586903014943, 3.356876415196010655, 2.604999999999999538 ) ) ;
#2699 = ADVANCED_FACE ( 'NONE', ( #2026 ), #1781, .F. ) ;
#2700 = VECTOR ( 'NONE', #2497, 1000.000000000000227 ) ;
#2701 = CARTESIAN_POINT ( 'NONE',  ( 2.902742435362265283, 3.511072328228547867, 2.604999999999999538 ) ) ;
#2702 = ORIENTED_EDGE ( 'NONE', *, *, #803, .F. ) ;
#2703 = PLANE ( 'NONE',  #8 ) ;
#2704 = ORIENTED_EDGE ( 'NONE', *, *, #2360, .F. ) ;
#2705 = EDGE_CURVE ( 'NONE', #2949, #1533, #1586, .T. ) ;
#2706 = EDGE_LOOP ( 'NONE', ( #2745, #1823, #84, #1766 ) ) ;
#2707 = AXIS2_PLACEMENT_3D ( 'NONE', #270, #1218, #2835 ) ;
#2708 = SURFACE_SIDE_STYLE ('',( #1779 ) ) ;
#2709 = ORIENTED_EDGE ( 'NONE', *, *, #1391, .F. ) ;
#2710 = DIRECTION ( 'NONE',  ( 0.000000000000000000, 0.000000000000000000, -1.000000000000000000 ) ) ;
#2711 = MECHANICAL_DESIGN_GEOMETRIC_PRESENTATION_REPRESENTATION (  '', ( #58 ), #2271 ) ;
#2712 = CARTESIAN_POINT ( 'NONE',  ( 4.675832879009750087, 3.511044605575249555, 2.604999999999999538 ) ) ;
#2713 = AXIS2_PLACEMENT_3D ( 'NONE', #2286, #2978, #656 ) ;
#2714 = EDGE_LOOP ( 'NONE', ( #1736, #2290, #2702, #2412 ) ) ;
#2715 = CARTESIAN_POINT ( 'NONE',  ( 5.307647249233334641, 3.508804111210706900, 2.604999999999999538 ) ) ;
#2716 = FILL_AREA_STYLE ('',( #2470 ) ) ;
#2717 = CARTESIAN_POINT ( 'NONE',  ( 6.899999999999999467, 6.599999999999999645, 0.5000000000000000000 ) ) ;
#2718 = CARTESIAN_POINT ( 'NONE',  ( 7.153333358000001141, 0.000000000000000000, 2.353333357999999986 ) ) ;
#2719 = ADVANCED_FACE ( 'NONE', ( #2269 ), #871, .T. ) ;
#2720 = CARTESIAN_POINT ( 'NONE',  ( 1.084202172485504434E-16, 6.392893218813450851, 2.599999999999999201 ) ) ;
#2721 = UNCERTAINTY_MEASURE_WITH_UNIT (LENGTH_MEASURE( 1.000000000000000082E-05 ), #3035, 'distance_accuracy_value', 'NONE');
#2722 = ORIENTED_EDGE ( 'NONE', *, *, #2607, .T. ) ;
#2723 = ORIENTED_EDGE ( 'NONE', *, *, #1228, .F. ) ;
#2724 = EDGE_CURVE ( 'NONE', #2426, #310, #1353, .T. ) ;
#2725 = ORIENTED_EDGE ( 'NONE', *, *, #2455, .T. ) ;
#2726 = LINE ( 'NONE', #365, #335 ) ;
#2727 = PRESENTATION_STYLE_ASSIGNMENT (( #1799 ) ) ;
#2728 = EDGE_LOOP ( 'NONE', ( #360, #1421, #1335, #2825 ) ) ;
#2729 = CARTESIAN_POINT ( 'NONE',  ( 7.400000000000000355, 0.000000000000000000, 2.600000000000000089 ) ) ;
#2730 = LINE ( 'NONE', #606, #1379 ) ;
#2731 = CARTESIAN_POINT ( 'NONE',  ( 0.2071067811865475172, 6.599999999999998757, 0.2071067811865475172 ) ) ;
#2732 = UNCERTAINTY_MEASURE_WITH_UNIT (LENGTH_MEASURE( 1.000000000000000082E-05 ), #1713, 'distance_accuracy_value', 'NONE');
#2733 = FILL_AREA_STYLE ('',( #146 ) ) ;
#2734 =( BOUNDED_CURVE ( )  B_SPLINE_CURVE ( 3, ( #2883, #2686, #1732, #1482 ),
 .UNSPECIFIED., .F., .F. ) 
 B_SPLINE_CURVE_WITH_KNOTS ( ( 4, 4 ),
 ( 4.712388980384689674, 6.283185307179586232 ),
 .UNSPECIFIED. ) 
 CURVE ( )  GEOMETRIC_REPRESENTATION_ITEM ( )  RATIONAL_B_SPLINE_CURVE ( ( 1.000000000000000000, 0.8047378541243649375, 0.8047378541243649375, 1.000000000000000000 ) ) 
 REPRESENTATION_ITEM ( '' )  );
#2735 = VERTEX_POINT ( 'NONE', #602 ) ;
#2736 = DIRECTION ( 'NONE',  ( 0.05596501978069370192, 0.9984327301130240251, 0.000000000000000000 ) ) ;
#2737 = DIRECTION ( 'NONE',  ( -1.000000000000000000, 0.000000000000000000, 0.000000000000000000 ) ) ;
#2738 = ORIENTED_EDGE ( 'NONE', *, *, #142, .T. ) ;
#2739 = AXIS2_PLACEMENT_3D ( 'NONE', #2694, #1540, #1088 ) ;
#2740 = EDGE_LOOP ( 'NONE', ( #1047, #1559, #2838, #304 ) ) ;
#2741 = EDGE_CURVE ( 'NONE', #1807, #1758, #1557, .T. ) ;
#2742 = EDGE_CURVE ( 'NONE', #1390, #2476, #378, .T. ) ;
#2743 = DIRECTION ( 'NONE',  ( 1.000000000000000000, 0.000000000000000000, 0.000000000000000000 ) ) ;
#2744 = FACE_BOUND ( 'NONE', #696, .T. ) ;
#2745 = ORIENTED_EDGE ( 'NONE', *, *, #71, .F. ) ;
#2746 = DIRECTION ( 'NONE',  ( 0.000000000000000000, 0.000000000000000000, -1.000000000000000000 ) ) ;
#2747 = CARTESIAN_POINT ( 'NONE',  ( 4.630972586903014943, 3.356876415196010655, 2.604999999999999538 ) ) ;
#2748 = SURFACE_SIDE_STYLE ('',( #1592 ) ) ;
#2749 = SURFACE_SIDE_STYLE ('',( #1138 ) ) ;
#2750 = SURFACE_STYLE_USAGE ( .BOTH. , #636 ) ;
#2751 = ORIENTED_EDGE ( 'NONE', *, *, #2923, .T. ) ;
#2752 = FACE_OUTER_BOUND ( 'NONE', #393, .T. ) ;
#2753 = CARTESIAN_POINT ( 'NONE',  ( 3.537795314773091171, 2.839979999999973970, 2.600000000000000089 ) ) ;
#2754 = VECTOR ( 'NONE', #936, 1000.000000000000000 ) ;
#2755 = ORIENTED_EDGE ( 'NONE', *, *, #2588, .T. ) ;
#2756 = VERTEX_POINT ( 'NONE', #90 ) ;
#2757 = ORIENTED_EDGE ( 'NONE', *, *, #2343, .F. ) ;
#2758 = MECHANICAL_DESIGN_GEOMETRIC_PRESENTATION_REPRESENTATION (  '', ( #2265 ), #1536 ) ;
#2759 = MECHANICAL_DESIGN_GEOMETRIC_PRESENTATION_REPRESENTATION (  '', ( #2605 ), #1387 ) ;
#2760 = CARTESIAN_POINT ( 'NONE',  ( 2.712854867454359997, 3.668841943181834431, 2.604999999999999538 ) ) ;
#2761 = PRESENTATION_LAYER_ASSIGNMENT (  '', '', ( #2814 ) ) ;
#2762 = EDGE_CURVE ( 'NONE', #740, #2809, #48, .T. ) ;
#2763 = DIRECTION ( 'NONE',  ( 0.000000000000000000, -1.000000000000000000, 0.000000000000000000 ) ) ;
#2764 = VECTOR ( 'NONE', #14, 1000.000000000000000 ) ;
#2765 = LINE ( 'NONE', #3033, #2772 ) ;
#2766 = ADVANCED_FACE ( 'NONE', ( #1104 ), #2043, .F. ) ;
#2767 = LINE ( 'NONE', #2747, #2448 ) ;
#2768 = DIRECTION ( 'NONE',  ( 0.9610664548999008350, -0.2763173343569615970, 0.000000000000000000 ) ) ;
#2769 = PRESENTATION_LAYER_ASSIGNMENT (  '', '', ( #2231 ) ) ;
#2770 = PLANE ( 'NONE',  #950 ) ;
#2771 = DIRECTION ( 'NONE',  ( 1.000000000000000000, 4.783739767952858963E-16, 0.000000000000000000 ) ) ;
#2772 = VECTOR ( 'NONE', #1848, 1000.000000000000000 ) ;
#2773 = PLANE ( 'NONE',  #2221 ) ;
#2774 = FACE_OUTER_BOUND ( 'NONE', #1115, .T. ) ;
#2775 = DIRECTION ( 'NONE',  ( 0.000000000000000000, -1.000000000000000000, 0.000000000000000000 ) ) ;
#2776 = ORIENTED_EDGE ( 'NONE', *, *, #2435, .T. ) ;
#2777 = ORIENTED_EDGE ( 'NONE', *, *, #1790, .T. ) ;
#2778 = EDGE_LOOP ( 'NONE', ( #2281, #426 ) ) ;
#2779 = CARTESIAN_POINT ( 'NONE',  ( 2.058546050702503294, 3.668841943181834431, 2.600000000000000089 ) ) ;
#2780 = DIRECTION ( 'NONE',  ( -0.000000000000000000, -0.000000000000000000, 1.000000000000000000 ) ) ;
#2781 = UNCERTAINTY_MEASURE_WITH_UNIT (LENGTH_MEASURE( 1.000000000000000082E-05 ), #2463, 'distance_accuracy_value', 'NONE');
#2782 = DIRECTION ( 'NONE',  ( 2.058611671701191689E-16, 0.000000000000000000, -1.000000000000000000 ) ) ;
#2783 = SURFACE_STYLE_USAGE ( .BOTH. , #842 ) ;
#2784 = LINE ( 'NONE', #2101, #1000 ) ;
#2785 = CARTESIAN_POINT ( 'NONE',  ( 3.213639381107466608, 3.356904137849748615, 2.604999999999999538 ) ) ;
#2786 = EDGE_CURVE ( 'NONE', #2895, #344, #1393, .T. ) ;
#2787 =( NAMED_UNIT ( * ) PLANE_ANGLE_UNIT ( ) SI_UNIT ( $, .RADIAN. ) );
#2788 = LINE ( 'NONE', #672, #2315 ) ;
#2789 = CARTESIAN_POINT ( 'NONE',  ( 5.816635148431031688, 3.668841943181834431, 2.604999999999999538 ) ) ;
#2791 = ORIENTED_EDGE ( 'NONE', *, *, #540, .F. ) ;
#2790 = DIRECTION ( 'NONE',  ( 0.004650693823678667821, 0.9999891854650021505, -0.000000000000000000 ) ) ;
#2792 = AXIS2_PLACEMENT_3D ( 'NONE', #385, #1108, #144 ) ;
#2793 = VERTEX_POINT ( 'NONE', #2108 ) ;
#2794 = DIRECTION ( 'NONE',  ( -1.000000000000000000, 0.000000000000000000, 0.000000000000000000 ) ) ;
#2795 = LINE ( 'NONE', #1846, #1238 ) ;
#2796 = PRESENTATION_LAYER_ASSIGNMENT (  '', '', ( #527 ) ) ;
#2797 =( NAMED_UNIT ( * ) PLANE_ANGLE_UNIT ( ) SI_UNIT ( $, .RADIAN. ) );
#2798 = SURFACE_STYLE_USAGE ( .BOTH. , #2530 ) ;
#2799 = CARTESIAN_POINT ( 'NONE',  ( 4.986674379451121908, 3.356876415196010655, 2.604999999999999538 ) ) ;
#2800 = CARTESIAN_POINT ( 'NONE',  ( 2.129672295196315179, 2.839979999999973970, 2.604999999999999538 ) ) ;
#2801 = CARTESIAN_POINT ( 'NONE',  ( 4.699999999999999289, 1.653273178848926620E-16, 0.000000000000000000 ) ) ;
#2802 = CLOSED_SHELL ( 'NONE', ( #486, #1720, #186, #1849, #2678, #2941, #1019, #46, #1190, #2958, #85, #1361, #1832, #2057, #327, #629, #2699, #1494, #1809 ) ) ;
#2803 = CARTESIAN_POINT ( 'NONE',  ( 3.937261094536540273, 2.839979999999973970, 2.600000000000000089 ) ) ;
#2804 = ADVANCED_FACE ( 'NONE', ( #664 ), #1149, .T. ) ;
#2806 = VERTEX_POINT ( 'NONE', #883 ) ;
#2805 = DIRECTION ( 'NONE',  ( -0.9999891854650020395, 0.004650693823678666954, 0.000000000000000000 ) ) ;
#2807 = VECTOR ( 'NONE', #922, 1000.000000000000114 ) ;
#2808 = ADVANCED_FACE ( 'NONE', ( #477 ), #1859, .F. ) ;
#2809 = VERTEX_POINT ( 'NONE', #648 ) ;
#2810 = CARTESIAN_POINT ( 'NONE',  ( 2.700000000000000622, 1.653273178848926620E-16, 0.000000000000000000 ) ) ;
#2811 = PRESENTATION_LAYER_ASSIGNMENT (  '', '', ( #2308 ) ) ;
#2812 =( NAMED_UNIT ( * ) PLANE_ANGLE_UNIT ( ) SI_UNIT ( $, .RADIAN. ) );
#2813 = CARTESIAN_POINT ( 'NONE',  ( 0.2466666419999996029, 0.000000000000000000, 2.353333357999999098 ) ) ;
#2814 = STYLED_ITEM ( 'NONE', ( #607 ), #1091 ) ;
#2815 = DIRECTION ( 'NONE',  ( -0.000000000000000000, -0.000000000000000000, -1.000000000000000000 ) ) ;
#2816 =( GEOMETRIC_REPRESENTATION_CONTEXT ( 3 ) GLOBAL_UNCERTAINTY_ASSIGNED_CONTEXT ( ( #2732 ) ) GLOBAL_UNIT_ASSIGNED_CONTEXT ( ( #1713, #2877, #2634 ) ) REPRESENTATION_CONTEXT ( 'NONE', 'WORKASPACE' ) );
#2817 = DIRECTION ( 'NONE',  ( -0.9615323037684287977, 0.2746918797667269874, 0.000000000000000000 ) ) ;
#2818 = DIRECTION ( 'NONE',  ( 1.000000000000000000, 0.000000000000000000, 0.000000000000000000 ) ) ;
#2819 = VECTOR ( 'NONE', #1911, 1000.000000000000000 ) ;
#2820 = CARTESIAN_POINT ( 'NONE',  ( 3.213639381107466608, 3.356904137849748615, 2.600000000000000089 ) ) ;
#2821 = VECTOR ( 'NONE', #371, 1000.000000000000000 ) ;
#2822 = PRESENTATION_STYLE_ASSIGNMENT (( #3039 ) ) ;
#2823 = SURFACE_STYLE_FILL_AREA ( #2120 ) ;
#2825 = ORIENTED_EDGE ( 'NONE', *, *, #1587, .T. ) ;
#2824 = DIRECTION ( 'NONE',  ( -0.9615825319869153454, 0.2745159998572631044, 0.000000000000000000 ) ) ;
#2826 = ORIENTED_EDGE ( 'NONE', *, *, #1250, .F. ) ;
#2827 = SURFACE_STYLE_USAGE ( .BOTH. , #1890 ) ;
#2828 = EDGE_CURVE ( 'NONE', #912, #529, #2078, .T. ) ;
#2829 = CARTESIAN_POINT ( 'NONE',  ( 4.247638870609963924, 2.839979999999973970, 2.600000000000000089 ) ) ;
#2830 = LINE ( 'NONE', #2111, #739 ) ;
#2831 = DIRECTION ( 'NONE',  ( -0.000000000000000000, -0.000000000000000000, -1.000000000000000000 ) ) ;
#2832 = LINE ( 'NONE', #2353, #1144 ) ;
#2833 = DIRECTION ( 'NONE',  ( 0.000000000000000000, 1.000000000000000000, 0.000000000000000000 ) ) ;
#2834 = LINE ( 'NONE', #1881, #849 ) ;
#2835 = DIRECTION ( 'NONE',  ( 0.000000000000000000, 0.000000000000000000, 1.000000000000000000 ) ) ;
#2837 = ORIENTED_EDGE ( 'NONE', *, *, #1567, .T. ) ;
#2836 = CARTESIAN_POINT ( 'NONE',  ( 5.115352851045582128, 2.839979999999973970, 2.600000000000000089 ) ) ;
#2838 = ORIENTED_EDGE ( 'NONE', *, *, #1306, .F. ) ;
#2839 = CARTESIAN_POINT ( 'NONE',  ( 4.386191646950289069, 3.668841943181834431, 2.604999999999999538 ) ) ;
#2840 =( NAMED_UNIT ( * ) SI_UNIT ( $, .STERADIAN. ) SOLID_ANGLE_UNIT ( ) );
#2841 =( BOUNDED_CURVE ( )  B_SPLINE_CURVE ( 3, ( #2522, #2720, #610, #148 ),
 .UNSPECIFIED., .F., .F. ) 
 B_SPLINE_CURVE_WITH_KNOTS ( ( 4, 4 ),
 ( 0.000000000000000000, 1.570796326794896558 ),
 .UNSPECIFIED. ) 
 CURVE ( )  GEOMETRIC_REPRESENTATION_ITEM ( )  RATIONAL_B_SPLINE_CURVE ( ( 1.000000000000000000, 0.8047378541243649375, 0.8047378541243649375, 1.000000000000000000 ) ) 
 REPRESENTATION_ITEM ( '' )  );
#2842 = PRESENTATION_LAYER_ASSIGNMENT (  '', '', ( #125 ) ) ;
#2843 = CARTESIAN_POINT ( 'NONE',  ( 2.814166040619630937, 3.203675997412120058, 2.604999999999999538 ) ) ;
#2844 = EDGE_CURVE ( 'NONE', #991, #2987, #1131, .T. ) ;
#2845 = CIRCLE ( 'NONE', #1864, 0.2750000000000000777 ) ;
#2846 = DIRECTION ( 'NONE',  ( 2.058611671701191689E-16, 0.000000000000000000, -1.000000000000000000 ) ) ;
#2847 = LINE ( 'NONE', #1636, #321 ) ;
#2848 = CARTESIAN_POINT ( 'NONE',  ( 2.902742435362265283, 3.511072328228547867, 2.600000000000000089 ) ) ;
#2849 = EDGE_CURVE ( 'NONE', #2895, #331, #2795, .T. ) ;
#2850 = LINE ( 'NONE', #1622, #2138 ) ;
#2851 = EDGE_LOOP ( 'NONE', ( #1062, #1363, #898, #868 ) ) ;
#2852 = FACE_OUTER_BOUND ( 'NONE', #1780, .T. ) ;
#2853 =( NAMED_UNIT ( * ) SI_UNIT ( $, .STERADIAN. ) SOLID_ANGLE_UNIT ( ) );
#2855 = ORIENTED_EDGE ( 'NONE', *, *, #1790, .F. ) ;
#2854 = DIRECTION ( 'NONE',  ( 1.000000000000000000, 0.000000000000000000, 0.000000000000000000 ) ) ;
#2856 = PRESENTATION_LAYER_ASSIGNMENT (  '', '', ( #1283 ) ) ;
#2857 = EDGE_LOOP ( 'NONE', ( #916, #1, #2951, #2327 ) ) ;
#2858 = LINE ( 'NONE', #60, #190 ) ;
#2859 =( NAMED_UNIT ( * ) PLANE_ANGLE_UNIT ( ) SI_UNIT ( $, .RADIAN. ) );
#2860 = VECTOR ( 'NONE', #1798, 1000.000000000000114 ) ;
#2861 = LINE ( 'NONE', #1273, #1687 ) ;
#2862 = ADVANCED_FACE ( 'NONE', ( #1632 ), #441, .F. ) ;
#2863 =( GEOMETRIC_REPRESENTATION_CONTEXT ( 3 ) GLOBAL_UNCERTAINTY_ASSIGNED_CONTEXT ( ( #1321 ) ) GLOBAL_UNIT_ASSIGNED_CONTEXT ( ( #934, #2812, #169 ) ) REPRESENTATION_CONTEXT ( 'NONE', 'WORKASPACE' ) );
#2864 = DIRECTION ( 'NONE',  ( 1.000000000000000000, 0.000000000000000000, 0.000000000000000000 ) ) ;
#2865 = DIRECTION ( 'NONE',  ( -0.6702013163843469901, -0.7421793553560274148, 0.000000000000000000 ) ) ;
#2866 = CARTESIAN_POINT ( 'NONE',  ( 3.407864284002566357, 3.668841943181834431, 2.604999999999999538 ) ) ;
#2867 = ORIENTED_EDGE ( 'NONE', *, *, #788, .F. ) ;
#2868 = EDGE_CURVE ( 'NONE', #59, #452, #229, .T. ) ;
#2869 = SURFACE_SIDE_STYLE ('',( #2391 ) ) ;
#2870 = VECTOR ( 'NONE', #2171, 1000.000000000000000 ) ;
#2871 =( NAMED_UNIT ( * ) PLANE_ANGLE_UNIT ( ) SI_UNIT ( $, .RADIAN. ) );
#2872 =( GEOMETRIC_REPRESENTATION_CONTEXT ( 3 ) GLOBAL_UNCERTAINTY_ASSIGNED_CONTEXT ( ( #1576 ) ) GLOBAL_UNIT_ASSIGNED_CONTEXT ( ( #1433, #2357, #1203 ) ) REPRESENTATION_CONTEXT ( 'NONE', 'WORKASPACE' ) );
#2873 = ORIENTED_EDGE ( 'NONE', *, *, #694, .F. ) ;
#2874 = LINE ( 'NONE', #1444, #2252 ) ;
#2875 = CARTESIAN_POINT ( 'NONE',  ( 4.150186186611035666, 3.581447541530523804, 2.604999999999999538 ) ) ;
#2876 = SURFACE_STYLE_USAGE ( .BOTH. , #1743 ) ;
#2877 =( NAMED_UNIT ( * ) PLANE_ANGLE_UNIT ( ) SI_UNIT ( $, .RADIAN. ) );
#2878 = DIRECTION ( 'NONE',  ( 0.05375259206908576670, 0.9985542843760946141, 0.000000000000000000 ) ) ;
#2879 = ORIENTED_EDGE ( 'NONE', *, *, #613, .T. ) ;
#2880 = CARTESIAN_POINT ( 'NONE',  ( 3.213639381107466608, 3.356904137849748615, 2.604999999999999538 ) ) ;
#2881 = PLANE ( 'NONE',  #2083 ) ;
#2882 = ADVANCED_FACE ( 'NONE', ( #2542 ), #2124, .F. ) ;
#2883 = CARTESIAN_POINT ( 'NONE',  ( 6.899999999999999467, 6.599999999999999645, 0.5000000000000000000 ) ) ;
#2884 = VERTEX_POINT ( 'NONE', #2599 ) ;
#2885 =( NAMED_UNIT ( * ) SI_UNIT ( $, .STERADIAN. ) SOLID_ANGLE_UNIT ( ) );
#2886 = SURFACE_STYLE_USAGE ( .BOTH. , #2179 ) ;
#2887 = VERTEX_POINT ( 'NONE', #1989 ) ;
#2888 = LINE ( 'NONE', #305, #986 ) ;
#2889 = DIRECTION ( 'NONE',  ( -0.7421793553560274148, -0.6702013163843469901, 0.000000000000000000 ) ) ;
#2890 = EDGE_LOOP ( 'NONE', ( #1320, #1469, #319, #1598, #471, #932, #2394, #1517 ) ) ;
#2891 = DIRECTION ( 'NONE',  ( -0.000000000000000000, -0.000000000000000000, -1.000000000000000000 ) ) ;
#2892 = PLANE ( 'NONE',  #1023 ) ;
#2893 = COLOUR_RGB ( '',0.4980392156862745168, 0.4980392156862745168, 0.4980392156862745168 ) ;
#2894 =( LENGTH_UNIT ( ) NAMED_UNIT ( * ) SI_UNIT ( .MILLI., .METRE. ) );
#2895 = VERTEX_POINT ( 'NONE', #2427 ) ;
#2896 = DIRECTION ( 'NONE',  ( -2.058611671701191689E-16, 0.000000000000000000, 1.000000000000000000 ) ) ;
#2897 = CARTESIAN_POINT ( 'NONE',  ( 4.022658435990103420, 3.668841943181834431, 2.600000000000000089 ) ) ;
#2898 = ORIENTED_EDGE ( 'NONE', *, *, #2383, .F. ) ;
#2899 = ADVANCED_FACE ( 'NONE', ( #1442 ), #18, .F. ) ;
#2900 = EDGE_LOOP ( 'NONE', ( #2416, #901, #687, #1746, #2930, #1762, #1301, #2680, #995, #134, #1954, #554, #2021, #2826, #1601, #2997, #2332 ) ) ;
#2901 = EDGE_CURVE ( 'NONE', #109, #1623, #967, .T. ) ;
#2902 = LINE ( 'NONE', #2600, #2543 ) ;
#2903 = ORIENTED_EDGE ( 'NONE', *, *, #384, .F. ) ;
#2904 = LINE ( 'NONE', #36, #1731 ) ;
#2905 = PRESENTATION_STYLE_ASSIGNMENT (( #2876 ) ) ;
#2906 = VECTOR ( 'NONE', #1212, 1000.000000000000114 ) ;
#2907 = EDGE_LOOP ( 'NONE', ( #1103, #1982, #2046, #101 ) ) ;
#2908 = CARTESIAN_POINT ( 'NONE',  ( 0.2466666420000000193, 0.7500000000000000000, 0.2466666420000000193 ) ) ;
#2909 = ORIENTED_EDGE ( 'NONE', *, *, #2151, .T. ) ;
#2910 = MECHANICAL_DESIGN_GEOMETRIC_PRESENTATION_REPRESENTATION (  '', ( #785 ), #1644 ) ;
#2911 = DIRECTION ( 'NONE',  ( -0.2763173343569615414, -0.9610664548999008350, 0.000000000000000000 ) ) ;
#2912 = CARTESIAN_POINT ( 'NONE',  ( 3.219745924701091333, 2.839979999999973970, 2.604999999999999538 ) ) ;
#2913 = VECTOR ( 'NONE', #1374, 1000.000000000000114 ) ;
#2914 = LINE ( 'NONE', #549, #900 ) ;
#2915 = VERTEX_POINT ( 'NONE', #2688 ) ;
#2916 = DIRECTION ( 'NONE',  ( 0.000000000000000000, 1.000000000000000000, 0.000000000000000000 ) ) ;
#2917 = AXIS2_PLACEMENT_3D ( 'NONE', #962, #2790, #2805 ) ;
#2918 = EDGE_CURVE ( 'NONE', #2924, #1179, #1902, .T. ) ;
#2919 = VECTOR ( 'NONE', #2102, 1000.000000000000000 ) ;
#2920 = ORIENTED_EDGE ( 'NONE', *, *, #200, .F. ) ;
#2921 = EDGE_CURVE ( 'NONE', #511, #1404, #827, .T. ) ;
#2922 = VECTOR ( 'NONE', #2063, 1000.000000000000000 ) ;
#2923 = EDGE_CURVE ( 'NONE', #1106, #740, #2237, .T. ) ;
#2924 = VERTEX_POINT ( 'NONE', #780 ) ;
#2925 = ORIENTED_EDGE ( 'NONE', *, *, #1705, .T. ) ;
#2926 = CARTESIAN_POINT ( 'NONE',  ( 3.728971601317690343, 3.076692321403373676, 2.604999999999999538 ) ) ;
#2927 = SURFACE_STYLE_FILL_AREA ( #2392 ) ;
#2928 =( NAMED_UNIT ( * ) SI_UNIT ( $, .STERADIAN. ) SOLID_ANGLE_UNIT ( ) );
#2929 = FACE_OUTER_BOUND ( 'NONE', #663, .T. ) ;
#2930 = ORIENTED_EDGE ( 'NONE', *, *, #1904, .F. ) ;
#2931 = ORIENTED_EDGE ( 'NONE', *, *, #1554, .T. ) ;
#2932 = FILL_AREA_STYLE ('',( #2207 ) ) ;
#2933 = VERTEX_POINT ( 'NONE', #1773 ) ;
#2934 = SURFACE_STYLE_FILL_AREA ( #1044 ) ;
#2935 = ADVANCED_FACE ( 'NONE', ( #2929 ), #1734, .F. ) ;
#2936 = CARTESIAN_POINT ( 'NONE',  ( 4.494501999999998887, 0.2275680000000001035, 0.000000000000000000 ) ) ;
#2937 = PRODUCT ( 'CFR_RB3_7.2X6.5X2.5_L7.4H6.6T2.7S5H019F0.55', 'CFR_RB3_7.2X6.5X2.5_L7.4H6.6T2.7S5H019F0.55', '', ( #316 ) ) ;
#2938 = ORIENTED_EDGE ( 'NONE', *, *, #595, .T. ) ;
#2939 = MANIFOLD_SOLID_BREP ( 'Fillet1', #1084 ) ;
#2940 = DIRECTION ( 'NONE',  ( -0.000000000000000000, -0.000000000000000000, -1.000000000000000000 ) ) ;
#2941 = ADVANCED_FACE ( 'NONE', ( #2752 ), #2672, .F. ) ;
#2942 = STYLED_ITEM ( 'NONE', ( #1428 ), #282 ) ;
#2943 = CARTESIAN_POINT ( 'NONE',  ( 0.2466666420000000748, 0.2275679999999998260, 0.2466666420000000193 ) ) ;
#2944 = CARTESIAN_POINT ( 'NONE',  ( 4.486048641652518931, 3.668841943181834431, 2.604999999999999538 ) ) ;
#2945 = VECTOR ( 'NONE', #1073, 1000.000000000000000 ) ;
#2946 =( NAMED_UNIT ( * ) PLANE_ANGLE_UNIT ( ) SI_UNIT ( $, .RADIAN. ) );
#2947 = LINE ( 'NONE', #2963, #1738 ) ;
#2948 = UNCERTAINTY_MEASURE_WITH_UNIT (LENGTH_MEASURE( 1.000000000000000082E-05 ), #1093, 'distance_accuracy_value', 'NONE');
#2949 = VERTEX_POINT ( 'NONE', #609 ) ;
#2951 = ORIENTED_EDGE ( 'NONE', *, *, #182, .F. ) ;
#2950 = FILL_AREA_STYLE ('',( #2456 ) ) ;
#2952 =( NAMED_UNIT ( * ) SI_UNIT ( $, .STERADIAN. ) SOLID_ANGLE_UNIT ( ) );
#2953 = ORIENTED_EDGE ( 'NONE', *, *, #2533, .T. ) ;
#2954 = CARTESIAN_POINT ( 'NONE',  ( 4.986674379451121908, 3.356876415196010655, 2.600000000000000089 ) ) ;
#2955 = SURFACE_STYLE_FILL_AREA ( #838 ) ;
#2956 = ORIENTED_EDGE ( 'NONE', *, *, #1022, .T. ) ;
#2957 = DIRECTION ( 'NONE',  ( -0.9612934544747577803, 0.2755265765475026774, 0.000000000000000000 ) ) ;
#2958 = ADVANCED_FACE ( 'NONE', ( #1793 ), #164, .F. ) ;
#2959 = SURFACE_STYLE_FILL_AREA ( #2012 ) ;
#2960 = DIRECTION ( 'NONE',  ( 0.000000000000000000, 0.000000000000000000, 1.000000000000000000 ) ) ;
#2961 = VECTOR ( 'NONE', #1358, 1000.000000000000227 ) ;
#2962 = EDGE_CURVE ( 'NONE', #1623, #1055, #2980, .T. ) ;
#2963 = CARTESIAN_POINT ( 'NONE',  ( 3.758762496292179733, 2.839979999999973970, 2.604999999999999538 ) ) ;
#2964 = VERTEX_POINT ( 'NONE', #892 ) ;
#2965 = EDGE_LOOP ( 'NONE', ( #1261, #1722, #2506, #2956 ) ) ;
#2966 = EDGE_LOOP ( 'NONE', ( #1080, #611, #1126, #2180 ) ) ;
#2967 = AXIS2_PLACEMENT_3D ( 'NONE', #2912, #1033, #2234 ) ;
#2968 = CARTESIAN_POINT ( 'NONE',  ( 3.280380406702288365, 3.511072328228547867, 2.600000000000000089 ) ) ;
#2969 = VECTOR ( 'NONE', #435, 1000.000000000000227 ) ;
#2970 = CARTESIAN_POINT ( 'NONE',  ( 4.630972586903014943, 3.356876415196010655, 2.604999999999999538 ) ) ;
#2971 = AXIS2_PLACEMENT_3D ( 'NONE', #3041, #2824, #2611 ) ;
#2972 = CARTESIAN_POINT ( 'NONE',  ( 4.942907871994606239, 3.203675997410458276, 2.604999999999999538 ) ) ;
#2973 = VECTOR ( 'NONE', #1728, 1000.000000000000000 ) ;
#2974 = ORIENTED_EDGE ( 'NONE', *, *, #556, .F. ) ;
#2975 = DIRECTION ( 'NONE',  ( -1.000000000000000000, 0.000000000000000000, -0.000000000000000000 ) ) ;
#2976 = FACE_OUTER_BOUND ( 'NONE', #3054, .T. ) ;
#2977 =( LENGTH_UNIT ( ) NAMED_UNIT ( * ) SI_UNIT ( .MILLI., .METRE. ) );
#2978 = DIRECTION ( 'NONE',  ( 0.9280290862137039465, 0.3725077383643967122, -0.000000000000000000 ) ) ;
#2979 = VERTEX_POINT ( 'NONE', #622 ) ;
#2980 = LINE ( 'NONE', #420, #2654 ) ;
#2981 = DIRECTION ( 'NONE',  ( 0.2755520632520602198, 0.9612861490927312458, 0.000000000000000000 ) ) ;
#2982 = EDGE_CURVE ( 'NONE', #1916, #1533, #1821, .T. ) ;
#2983 = ORIENTED_EDGE ( 'NONE', *, *, #2137, .T. ) ;
#2984 = EDGE_CURVE ( 'NONE', #2571, #1603, #1596, .T. ) ;
#2985 = DIRECTION ( 'NONE',  ( -0.2759782365590697228, -0.9611638845408966292, 0.000000000000000000 ) ) ;
#2986 = LINE ( 'NONE', #2936, #1368 ) ;
#2987 = VERTEX_POINT ( 'NONE', #865 ) ;
#2988 = CARTESIAN_POINT ( 'NONE',  ( 0.000000000000000000, 0.000000000000000000, 0.000000000000000000 ) ) ;
#2989 = CARTESIAN_POINT ( 'NONE',  ( 2.755469624710078946, 2.997671487479804053, 2.600000000000000089 ) ) ;
#2990 = CARTESIAN_POINT ( 'NONE',  ( 0.000000000000000000, 6.099999999999999645, 0.000000000000000000 ) ) ;
#2991 = UNCERTAINTY_MEASURE_WITH_UNIT (LENGTH_MEASURE( 1.000000000000000082E-05 ), #526, 'distance_accuracy_value', 'NONE');
#2992 = EDGE_LOOP ( 'NONE', ( #1311, #178 ) ) ;
#2993 = CARTESIAN_POINT ( 'NONE',  ( 2.381867784552146539, 2.839979999999973970, 2.600000000000000089 ) ) ;
#2994 = VECTOR ( 'NONE', #1906, 1000.000000000000000 ) ;
#2995 = CARTESIAN_POINT ( 'NONE',  ( 0.000000000000000000, 0.000000000000000000, 2.600000000000000089 ) ) ;
#2996 = EDGE_LOOP ( 'NONE', ( #2669, #2390, #852, #2524 ) ) ;
#2997 = ORIENTED_EDGE ( 'NONE', *, *, #1166, .F. ) ;
#2998 = EDGE_CURVE ( 'NONE', #539, #1946, #876, .T. ) ;
#2999 = ORIENTED_EDGE ( 'NONE', *, *, #3057, .F. ) ;
#3000 = DIRECTION ( 'NONE',  ( 0.000000000000000000, -1.000000000000000000, -0.000000000000000000 ) ) ;
#3001 = SURFACE_SIDE_STYLE ('',( #413 ) ) ;
#3002 = EDGE_CURVE ( 'NONE', #41, #25, #389, .T. ) ;
#3003 = DIRECTION ( 'NONE',  ( -0.000000000000000000, -0.000000000000000000, 1.000000000000000000 ) ) ;
#3004 =( NAMED_UNIT ( * ) PLANE_ANGLE_UNIT ( ) SI_UNIT ( $, .RADIAN. ) );
#3005 = VECTOR ( 'NONE', #1457, 1000.000000000000114 ) ;
#3006 = CARTESIAN_POINT ( 'NONE',  ( 2.381867784552146539, 2.839979999999973970, 2.604999999999999538 ) ) ;
#3007 = FACE_OUTER_BOUND ( 'NONE', #1253, .T. ) ;
#3008 = MECHANICAL_DESIGN_GEOMETRIC_PRESENTATION_REPRESENTATION (  '', ( #1283 ), #734 ) ;
#3009 = PLANE ( 'NONE',  #2465 ) ;
#3010 = DIRECTION ( 'NONE',  ( -0.000000000000000000, -0.000000000000000000, -1.000000000000000000 ) ) ;
#3011 = CARTESIAN_POINT ( 'NONE',  ( 4.587256484269100376, 3.203675997410458276, 2.600000000000000089 ) ) ;
#3012 = VECTOR ( 'NONE', #63, 999.9999999999998863 ) ;
#3013 = ORIENTED_EDGE ( 'NONE', *, *, #456, .T. ) ;
#3014 = ORIENTED_EDGE ( 'NONE', *, *, #576, .F. ) ;
#3015 = EDGE_CURVE ( 'NONE', #1946, #1195, #1851, .T. ) ;
#3016 = ORIENTED_EDGE ( 'NONE', *, *, #1072, .F. ) ;
#3017 = CARTESIAN_POINT ( 'NONE',  ( 1.957227316808721307, 3.315383165242611785, 2.604999999999999538 ) ) ;
#3018 = FILL_AREA_STYLE ('',( #920 ) ) ;
#3019 = STYLED_ITEM ( 'NONE', ( #1214 ), #1278 ) ;
#3020 = PLANE ( 'NONE',  #2295 ) ;
#3021 = ADVANCED_FACE ( 'NONE', ( #2299 ), #2773, .F. ) ;
#3022 = SURFACE_STYLE_FILL_AREA ( #2545 ) ;
#3023 = CARTESIAN_POINT ( 'NONE',  ( 2.814166040619630937, 3.203675997412120058, 2.600000000000000089 ) ) ;
#3024 = LINE ( 'NONE', #2130, #448 ) ;
#3025 = ORIENTED_EDGE ( 'NONE', *, *, #1396, .T. ) ;
#3026 = CARTESIAN_POINT ( 'NONE',  ( 2.905498000000000580, 0.2275680000000001035, 0.2466666420000000193 ) ) ;
#3027 = PLANE ( 'NONE',  #1973 ) ;
#3028 = ORIENTED_EDGE ( 'NONE', *, *, #274, .T. ) ;
#3029 = ORIENTED_EDGE ( 'NONE', *, *, #384, .T. ) ;
#3030 = LINE ( 'NONE', #429, #379 ) ;
#3031 = CARTESIAN_POINT ( 'NONE',  ( 5.816635148431031688, 3.668841943181834431, 2.604999999999999538 ) ) ;
#3032 = DIRECTION ( 'NONE',  ( -0.000000000000000000, -0.000000000000000000, -1.000000000000000000 ) ) ;
#3033 = CARTESIAN_POINT ( 'NONE',  ( 5.351464161512362594, 2.839979999999973970, 2.604999999999999538 ) ) ;
#3034 = ADVANCED_FACE ( 'NONE', ( #1141 ), #657, .F. ) ;
#3035 =( LENGTH_UNIT ( ) NAMED_UNIT ( * ) SI_UNIT ( .MILLI., .METRE. ) );
#3036 = CARTESIAN_POINT ( 'NONE',  ( 7.400000000000000355, 0.000000000000000000, 0.000000000000000000 ) ) ;
#3037 = CARTESIAN_POINT ( 'NONE',  ( 4.986674379451121908, 3.356876415196010655, 2.604999999999999538 ) ) ;
#3038 = EDGE_CURVE ( 'NONE', #2979, #115, #1610, .T. ) ;
#3039 = SURFACE_STYLE_USAGE ( .BOTH. , #2103 ) ;
#3040 =( NAMED_UNIT ( * ) PLANE_ANGLE_UNIT ( ) SI_UNIT ( $, .RADIAN. ) );
#3042 = ORIENTED_EDGE ( 'NONE', *, *, #217, .T. ) ;
#3041 = CARTESIAN_POINT ( 'NONE',  ( 4.528454218233457951, 2.997701730371300499, 2.604999999999999538 ) ) ;
#3043 = SURFACE_SIDE_STYLE ('',( #1170 ) ) ;
#3044 = MECHANICAL_DESIGN_GEOMETRIC_PRESENTATION_REPRESENTATION (  '', ( #1810 ), #1569 ) ;
#3045 = EDGE_LOOP ( 'NONE', ( #1715, #2195, #880, #2691 ) ) ;
#3046 = FACE_OUTER_BOUND ( 'NONE', #410, .T. ) ;
#3047 = DIRECTION ( 'NONE',  ( -0.2793947940878295233, -0.9601763114327594995, 0.000000000000000000 ) ) ;
#3048 =( GEOMETRIC_REPRESENTATION_CONTEXT ( 3 ) GLOBAL_UNCERTAINTY_ASSIGNED_CONTEXT ( ( #2991 ) ) GLOBAL_UNIT_ASSIGNED_CONTEXT ( ( #526, #2859, #2182 ) ) REPRESENTATION_CONTEXT ( 'NONE', 'WORKASPACE' ) );
#3049 = DIRECTION ( 'NONE',  ( 0.000000000000000000, -0.000000000000000000, -1.000000000000000000 ) ) ;
#3050 = LINE ( 'NONE', #2338, #1286 ) ;
#3051 = CARTESIAN_POINT ( 'NONE',  ( 1.949023931268476728, 3.290029539475463949, 2.604999999999999538 ) ) ;
#3052 = FACE_OUTER_BOUND ( 'NONE', #1844, .T. ) ;
#3053 = DIRECTION ( 'NONE',  ( -0.000000000000000000, 1.000000000000000000, -0.000000000000000000 ) ) ;
#3054 = EDGE_LOOP ( 'NONE', ( #3014, #1947, #1008, #1675 ) ) ;
#3055 = CLOSED_SHELL ( 'NONE', ( #2242, #2380, #524, #908, #2186, #905, #1132, #1926, #2259, #674, #2766, #2935, #2645, #1014, #2862, #1061, #2662, #3034, #2096, #1940, #1438, #1096, #1740, #1431, #822 ) ) ;
#3056 = DIRECTION ( 'NONE',  ( 1.000000000000000000, 5.694109626320596952E-16, 0.000000000000000000 ) ) ;
#3057 = EDGE_CURVE ( 'NONE', #1327, #568, #1312, .T. ) ;
#3059 = ORIENTED_EDGE ( 'NONE', *, *, #1993, .T. ) ;
#3058 = FACE_OUTER_BOUND ( 'NONE', #1293, .T. ) ;
#3060 = VECTOR ( 'NONE', #1492, 1000.000000000000000 ) ;
ENDSEC;
END-ISO-10303-21;
