ISO-10303-21;
HEADER;
FILE_DESCRIPTION (( 'STEP AP214' ),
    '1' );
FILE_NAME ('5BB4E6F7-DB29-4447-84BD-F52909E66D74.STEP',
    '2026-06-27T14:54:24',
    ( '' ),
    ( '' ),
    'SwSTEP 2.0',
    'SolidWorks 2022',
    '' );
FILE_SCHEMA (( 'AUTOMOTIVE_DESIGN' ));
ENDSEC;

DATA;
#1 = DIRECTION ( 'NONE',  ( 0.0000000000000000000, -1.000000000000000000, -0.0000000000000000000 ) ) ;
#2 = DIRECTION ( 'NONE',  ( 1.000000000000000000, 0.0000000000000000000, 0.0000000000000000000 ) ) ;
#3 = VECTOR ( 'NONE', #176, 1000.000000000000000 ) ;
#4 = ORIENTED_EDGE ( 'NONE', *, *, #1326, .F. ) ;
#5 = EDGE_CURVE ( 'NONE', #411, #1538, #1211, .T. ) ;
#6 =( GEOMETRIC_REPRESENTATION_CONTEXT ( 3 ) GLOBAL_UNCERTAINTY_ASSIGNED_CONTEXT ( ( #1993 ) ) GLOBAL_UNIT_ASSIGNED_CONTEXT ( ( #1187, #1973, #851 ) ) REPRESENTATION_CONTEXT ( 'NONE', 'WORKASPACE' ) );
#7 = CARTESIAN_POINT ( 'NONE',  ( -0.6500000000000001332, 19.00000000000000000, 3.953165825626911989 ) ) ;
#8 = VECTOR ( 'NONE', #1397, 1000.000000000000000 ) ;
#9 = ADVANCED_FACE ( 'NONE', ( #1098 ), #793, .F. ) ;
#10 = DIRECTION ( 'NONE',  ( 0.0000000000000000000, -1.000000000000000000, -0.0000000000000000000 ) ) ;
#11 = AXIS2_PLACEMENT_3D ( 'NONE', #1139, #1264, #492 ) ;
#12 = SURFACE_STYLE_FILL_AREA ( #333 ) ;
#13 = VERTEX_POINT ( 'NONE', #1695 ) ;
#14 = SURFACE_STYLE_USAGE ( .BOTH. , #207 ) ;
#15 = PRESENTATION_STYLE_ASSIGNMENT (( #456 ) ) ;
#16 = FACE_OUTER_BOUND ( 'NONE', #1998, .T. ) ;
#17 = ORIENTED_EDGE ( 'NONE', *, *, #1095, .T. ) ;
#18 = UNCERTAINTY_MEASURE_WITH_UNIT (LENGTH_MEASURE( 1.000000000000000082E-05 ), #1070, 'distance_accuracy_value', 'NONE');
#19 = DIRECTION ( 'NONE',  ( 1.000000000000000000, 0.0000000000000000000, -0.0000000000000000000 ) ) ;
#20 = CARTESIAN_POINT ( 'NONE',  ( 2.510525938252073693E-16, 16.10000000000000142, 9.949999999999997513 ) ) ;
#21 = VERTEX_POINT ( 'NONE', #158 ) ;
#22 = PLANE ( 'NONE',  #1288 ) ;
#23 = EDGE_CURVE ( 'NONE', #1399, #1542, #767, .T. ) ;
#24 = ORIENTED_EDGE ( 'NONE', *, *, #522, .T. ) ;
#25 = CYLINDRICAL_SURFACE ( 'NONE', #1745, 2.049999999999999822 ) ;
#26 = DIRECTION ( 'NONE',  ( 2.736911063134000260E-48, 3.761954308170465814E-80, 1.000000000000000000 ) ) ;
#27 = ORIENTED_EDGE ( 'NONE', *, *, #944, .T. ) ;
#28 = VERTEX_POINT ( 'NONE', #454 ) ;
#29 = LINE ( 'NONE', #453, #929 ) ;
#30 = LINE ( 'NONE', #1872, #8 ) ;
#31 = VERTEX_POINT ( 'NONE', #1841 ) ;
#32 = VECTOR ( 'NONE', #1685, 1000.000000000000000 ) ;
#33 = DIRECTION ( 'NONE',  ( 0.7071067811865474617, 0.0000000000000000000, -0.7071067811865474617 ) ) ;
#34 = AXIS2_PLACEMENT_3D ( 'NONE', #1550, #1719, #1564 ) ;
#35 = ORIENTED_EDGE ( 'NONE', *, *, #1952, .T. ) ;
#36 = ADVANCED_FACE ( 'NONE', ( #477 ), #1732, .T. ) ;
#37 = DIRECTION ( 'NONE',  ( -0.0000000000000000000, -1.000000000000000000, 2.220446049250000002E-16 ) ) ;
#38 = DIRECTION ( 'NONE',  ( -1.000000000000000000, -0.0000000000000000000, 0.0000000000000000000 ) ) ;
#39 = VECTOR ( 'NONE', #38, 1000.000000000000000 ) ;
#40 = CARTESIAN_POINT ( 'NONE',  ( 0.6500000000000001332, 0.6000000000000000888, -5.799999999999999822 ) ) ;
#41 =( GEOMETRIC_REPRESENTATION_CONTEXT ( 3 ) GLOBAL_UNCERTAINTY_ASSIGNED_CONTEXT ( ( #1286 ) ) GLOBAL_UNIT_ASSIGNED_CONTEXT ( ( #1798, #1176, #401 ) ) REPRESENTATION_CONTEXT ( 'NONE', 'WORKASPACE' ) );
#42 = LINE ( 'NONE', #637, #408 ) ;
#43 = VECTOR ( 'NONE', #1736, 1000.000000000000000 ) ;
#44 = ORIENTED_EDGE ( 'NONE', *, *, #23, .T. ) ;
#45 = PRESENTATION_LAYER_ASSIGNMENT (  '', '', ( #83 ) ) ;
#46 =( NAMED_UNIT ( * ) SI_UNIT ( $, .STERADIAN. ) SOLID_ANGLE_UNIT ( ) );
#47 = PLANE ( 'NONE',  #1590 ) ;
#48 = VERTEX_POINT ( 'NONE', #1309 ) ;
#49 = CARTESIAN_POINT ( 'NONE',  ( -5.049999999999999822, 19.00000000000000000, 0.0000000000000000000 ) ) ;
#50 = ADVANCED_FACE ( 'NONE', ( #227 ), #496, .T. ) ;
#51 = DIRECTION ( 'NONE',  ( 0.0000000000000000000, 1.000000000000000000, -0.0000000000000000000 ) ) ;
#52 = CARTESIAN_POINT ( 'NONE',  ( 0.6500000000000001332, 0.5999999999999999778, -5.799999999999998934 ) ) ;
#53 = DIRECTION ( 'NONE',  ( 1.000000000000000000, 0.0000000000000000000, -0.0000000000000000000 ) ) ;
#54 = ORIENTED_EDGE ( 'NONE', *, *, #763, .T. ) ;
#55 = FACE_OUTER_BOUND ( 'NONE', #1478, .T. ) ;
#56 = CARTESIAN_POINT ( 'NONE',  ( 5.649999999999999467, 0.2000000000000000111, 0.0000000000000000000 ) ) ;
#57 = ORIENTED_EDGE ( 'NONE', *, *, #1990, .F. ) ;
#58 = CARTESIAN_POINT ( 'NONE',  ( 5.649999999999999467, 16.39999999999999858, 11.50000000000000178 ) ) ;
#59 = CARTESIAN_POINT ( 'NONE',  ( -5.049999999999999822, -2.399999999999999911, 0.0000000000000000000 ) ) ;
#60 = UNCERTAINTY_MEASURE_WITH_UNIT (LENGTH_MEASURE( 1.000000000000000082E-05 ), #1712, 'distance_accuracy_value', 'NONE');
#61 = CARTESIAN_POINT ( 'NONE',  ( 0.6499999999600000189, 16.00000000000000000, -5.900000000000000355 ) ) ;
#62 = ADVANCED_FACE ( 'NONE', ( #967 ), #239, .F. ) ;
#63 = VERTEX_POINT ( 'NONE', #1821 ) ;
#64 = ORIENTED_EDGE ( 'NONE', *, *, #341, .T. ) ;
#65 = VECTOR ( 'NONE', #51, 1000.000000000000000 ) ;
#66 = DIRECTION ( 'NONE',  ( -1.374525595238999975E-32, 1.000000000000000000, -2.220446049250000002E-16 ) ) ;
#67 = ORIENTED_EDGE ( 'NONE', *, *, #1105, .T. ) ;
#68 = ORIENTED_EDGE ( 'NONE', *, *, #988, .F. ) ;
#69 = VECTOR ( 'NONE', #387, 1000.000000000000000 ) ;
#70 = CARTESIAN_POINT ( 'NONE',  ( 5.049999999999999822, -2.399999999999999911, 12.00000000000000000 ) ) ;
#71 = DIRECTION ( 'NONE',  ( 0.0000000000000000000, 0.0000000000000000000, 1.000000000000000000 ) ) ;
#72 = PLANE ( 'NONE',  #191 ) ;
#73 = CARTESIAN_POINT ( 'NONE',  ( 4.700000000000000178, -5.000000000000000000, 7.900000000000000355 ) ) ;
#74 = EDGE_CURVE ( 'NONE', #1640, #1918, #1672, .T. ) ;
#75 = ORIENTED_EDGE ( 'NONE', *, *, #882, .F. ) ;
#76 = CARTESIAN_POINT ( 'NONE',  ( 5.049999999999999822, 1.500000000000000000, 0.0000000000000000000 ) ) ;
#77 = VECTOR ( 'NONE', #1620, 1000.000000000000000 ) ;
#78 = VERTEX_POINT ( 'NONE', #277 ) ;
#79 = VECTOR ( 'NONE', #1857, 1000.000000000000114 ) ;
#80 = CARTESIAN_POINT ( 'NONE',  ( 0.0000000000000000000, -2.399999999999999911, 7.900000000000000355 ) ) ;
#81 = AXIS2_PLACEMENT_3D ( 'NONE', #937, #753, #1524 ) ;
#82 = ORIENTED_EDGE ( 'NONE', *, *, #1065, .F. ) ;
#83 = STYLED_ITEM ( 'NONE', ( #102 ), #1730 ) ;
#84 = DIRECTION ( 'NONE',  ( 0.0000000000000000000, 1.000000000000000000, -0.0000000000000000000 ) ) ;
#85 = FACE_OUTER_BOUND ( 'NONE', #626, .T. ) ;
#86 = FACE_OUTER_BOUND ( 'NONE', #400, .T. ) ;
#87 = ORIENTED_EDGE ( 'NONE', *, *, #220, .T. ) ;
#88 = EDGE_CURVE ( 'NONE', #1399, #343, #1652, .T. ) ;
#89 = DIRECTION ( 'NONE',  ( -0.0000000000000000000, 0.0000000000000000000, -1.000000000000000000 ) ) ;
#90 = ORIENTED_EDGE ( 'NONE', *, *, #415, .T. ) ;
#91 = ORIENTED_EDGE ( 'NONE', *, *, #23, .F. ) ;
#92 = CARTESIAN_POINT ( 'NONE',  ( 0.0000000000000000000, 16.10000000000000142, 5.849999999999997868 ) ) ;
#93 = DIRECTION ( 'NONE',  ( -0.0000000000000000000, -1.000000000000000000, -0.0000000000000000000 ) ) ;
#94 = CARTESIAN_POINT ( 'NONE',  ( -0.6500000000000001332, -0.6000000000000004219, -5.800000000000000711 ) ) ;
#95 = FACE_OUTER_BOUND ( 'NONE', #997, .T. ) ;
#96 = DIRECTION ( 'NONE',  ( 0.5773502691896256200, 0.5773502691896269523, -0.5773502691896246208 ) ) ;
#97 = EDGE_CURVE ( 'NONE', #619, #890, #820, .T. ) ;
#98 = EDGE_LOOP ( 'NONE', ( #1507, #1535, #623, #1472 ) ) ;
#99 = EDGE_LOOP ( 'NONE', ( #1451, #1452, #1055, #782 ) ) ;
#100 = FACE_OUTER_BOUND ( 'NONE', #1432, .T. ) ;
#101 = EDGE_CURVE ( 'NONE', #836, #586, #402, .T. ) ;
#102 = PRESENTATION_STYLE_ASSIGNMENT (( #1011 ) ) ;
#103 = CARTESIAN_POINT ( 'NONE',  ( -0.4500000000000002887, 0.4000000000000000222, -6.000000000000000888 ) ) ;
#104 = DIRECTION ( 'NONE',  ( -0.0000000000000000000, 0.0000000000000000000, 1.000000000000000000 ) ) ;
#105 = EDGE_LOOP ( 'NONE', ( #1293, #1080, #649, #1820 ) ) ;
#106 = MECHANICAL_DESIGN_GEOMETRIC_PRESENTATION_REPRESENTATION (  '', ( #894 ), #41 ) ;
#107 = CARTESIAN_POINT ( 'NONE',  ( -4.049999999999999822, -2.399999999999999911, 12.00000000000000000 ) ) ;
#108 =( GEOMETRIC_REPRESENTATION_CONTEXT ( 3 ) GLOBAL_UNCERTAINTY_ASSIGNED_CONTEXT ( ( #1199 ) ) GLOBAL_UNIT_ASSIGNED_CONTEXT ( ( #189, #1063, #1548 ) ) REPRESENTATION_CONTEXT ( 'NONE', 'WORKASPACE' ) );
#109 = VECTOR ( 'NONE', #874, 1000.000000000000000 ) ;
#110 = ADVANCED_FACE ( 'NONE', ( #95 ), #1019, .T. ) ;
#111 = CARTESIAN_POINT ( 'NONE',  ( 5.049999999999999822, 0.2000000000000000944, 0.0000000000000000000 ) ) ;
#112 = FACE_OUTER_BOUND ( 'NONE', #98, .T. ) ;
#113 = DIRECTION ( 'NONE',  ( 0.0000000000000000000, -0.7071067811865474617, -0.7071067811865474617 ) ) ;
#114 = DIRECTION ( 'NONE',  ( 0.5773502691896263972, -0.5773502691896258421, -0.5773502691896250649 ) ) ;
#115 = DIRECTION ( 'NONE',  ( 0.0000000000000000000, 1.000000000000000000, -2.220446049250000002E-16 ) ) ;
#116 = ORIENTED_EDGE ( 'NONE', *, *, #1303, .F. ) ;
#117 = FACE_OUTER_BOUND ( 'NONE', #175, .T. ) ;
#118 = DIRECTION ( 'NONE',  ( -1.000000000000000000, -0.0000000000000000000, 0.0000000000000000000 ) ) ;
#119 = EDGE_CURVE ( 'NONE', #1399, #1580, #1172, .T. ) ;
#120 = DIRECTION ( 'NONE',  ( 0.0000000000000000000, -0.0000000000000000000, -1.000000000000000000 ) ) ;
#121 = DIRECTION ( 'NONE',  ( 0.0000000000000000000, 0.0000000000000000000, 1.000000000000000000 ) ) ;
#122 = PRESENTATION_STYLE_ASSIGNMENT (( #1972 ) ) ;
#123 = APPLICATION_PROTOCOL_DEFINITION ( 'draft international standard', 'automotive_design', 1998, #720 ) ;
#124 = LINE ( 'NONE', #1665, #1057 ) ;
#125 = STYLED_ITEM ( 'NONE', ( #1376 ), #361 ) ;
#126 = EDGE_LOOP ( 'NONE', ( #925, #593, #217, #1845 ) ) ;
#127 = VECTOR ( 'NONE', #1923, 1000.000000000000000 ) ;
#128 = SURFACE_SIDE_STYLE ('',( #538 ) ) ;
#129 = ADVANCED_FACE ( 'NONE', ( #1794 ), #1940, .F. ) ;
#130 =( GEOMETRIC_REPRESENTATION_CONTEXT ( 3 ) GLOBAL_UNCERTAINTY_ASSIGNED_CONTEXT ( ( #60 ) ) GLOBAL_UNIT_ASSIGNED_CONTEXT ( ( #1712, #889, #908 ) ) REPRESENTATION_CONTEXT ( 'NONE', 'WORKASPACE' ) );
#131 = CARTESIAN_POINT ( 'NONE',  ( 0.6500000000000001332, -0.5999999999999996447, 0.0000000000000000000 ) ) ;
#132 = VECTOR ( 'NONE', #1824, 1000.000000000000000 ) ;
#133 = CIRCLE ( 'NONE', #414, 1.000000000000000888 ) ;
#134 = LINE ( 'NONE', #111, #966 ) ;
#135 = ORIENTED_EDGE ( 'NONE', *, *, #984, .T. ) ;
#136 = CARTESIAN_POINT ( 'NONE',  ( 5.049999999999999822, -2.399999999999999911, 0.0000000000000000000 ) ) ;
#137 = DIRECTION ( 'NONE',  ( 1.000000000000000000, 0.0000000000000000000, 0.0000000000000000000 ) ) ;
#138 =( NAMED_UNIT ( * ) SI_UNIT ( $, .STERADIAN. ) SOLID_ANGLE_UNIT ( ) );
#139 = VERTEX_POINT ( 'NONE', #396 ) ;
#140 = EDGE_CURVE ( 'NONE', #1135, #1278, #864, .T. ) ;
#141 = FACE_OUTER_BOUND ( 'NONE', #162, .T. ) ;
#142 = DIRECTION ( 'NONE',  ( 0.0000000000000000000, -0.0000000000000000000, 1.000000000000000000 ) ) ;
#143 = EDGE_LOOP ( 'NONE', ( #903, #67, #769, #351, #907, #17, #179, #1855, #1235, #241, #523 ) ) ;
#144 = PRESENTATION_STYLE_ASSIGNMENT (( #1405 ) ) ;
#145 = CYLINDRICAL_SURFACE ( 'NONE', #292, 4.000000000000000000 ) ;
#146 = CARTESIAN_POINT ( 'NONE',  ( 5.049999999999999822, 1.500000000000000000, 0.0000000000000000000 ) ) ;
#147 = ORIENTED_EDGE ( 'NONE', *, *, #1499, .T. ) ;
#148 = ORIENTED_EDGE ( 'NONE', *, *, #919, .F. ) ;
#149 = PRODUCT_RELATED_PRODUCT_CATEGORY ( 'part', '', ( #1786 ) ) ;
#150 = VERTEX_POINT ( 'NONE', #1490 ) ;
#151 = EDGE_CURVE ( 'NONE', #736, #1700, #1957, .T. ) ;
#152 = CIRCLE ( 'NONE', #1579, 4.699999999999999289 ) ;
#153 = EDGE_LOOP ( 'NONE', ( #673, #827 ) ) ;
#154 = FILL_AREA_STYLE_COLOUR ( '', #654 ) ;
#155 = DIRECTION ( 'NONE',  ( 1.000000000000000000, 0.0000000000000000000, -0.0000000000000000000 ) ) ;
#156 = VECTOR ( 'NONE', #89, 1000.000000000000000 ) ;
#157 =( GEOMETRIC_REPRESENTATION_CONTEXT ( 3 ) GLOBAL_UNCERTAINTY_ASSIGNED_CONTEXT ( ( #298 ) ) GLOBAL_UNIT_ASSIGNED_CONTEXT ( ( #780, #323, #1876 ) ) REPRESENTATION_CONTEXT ( 'NONE', 'WORKASPACE' ) );
#158 = CARTESIAN_POINT ( 'NONE',  ( 4.049999999999999822, -2.399999999999999911, 13.00000000000000178 ) ) ;
#159 =( LENGTH_UNIT ( ) NAMED_UNIT ( * ) SI_UNIT ( .MILLI., .METRE. ) );
#160 = FACE_OUTER_BOUND ( 'NONE', #1886, .T. ) ;
#161 = DIRECTION ( 'NONE',  ( 0.0000000000000000000, 0.7071067811865474617, -0.7071067811865474617 ) ) ;
#162 = EDGE_LOOP ( 'NONE', ( #116, #4, #1533, #1044 ) ) ;
#163 = LINE ( 'NONE', #430, #3 ) ;
#164 = CARTESIAN_POINT ( 'NONE',  ( 5.049999999999999822, 0.2000000000000000666, 11.50000000000000178 ) ) ;
#165 = VECTOR ( 'NONE', #1682, 1000.000000000000000 ) ;
#166 = VERTEX_POINT ( 'NONE', #255 ) ;
#167 = ADVANCED_FACE ( 'NONE', ( #854 ), #1479, .T. ) ;
#168 = FACE_OUTER_BOUND ( 'NONE', #99, .T. ) ;
#169 = PLANE ( 'NONE',  #1226 ) ;
#170 = AXIS2_PLACEMENT_3D ( 'NONE', #1447, #201, #803 ) ;
#171 = DIRECTION ( 'NONE',  ( 0.0000000000000000000, 1.000000000000000000, -2.220446049250000002E-16 ) ) ;
#172 = FILL_AREA_STYLE_COLOUR ( '', #657 ) ;
#173 = EDGE_LOOP ( 'NONE', ( #1210, #1962, #578, #504 ) ) ;
#174 = LINE ( 'NONE', #1239, #1223 ) ;
#175 = EDGE_LOOP ( 'NONE', ( #476, #884, #996, #452, #1305, #779, #825, #926, #1639, #436, #1029, #180 ) ) ;
#176 = DIRECTION ( 'NONE',  ( 0.0000000000000000000, -0.0000000000000000000, 1.000000000000000000 ) ) ;
#177 = ORIENTED_EDGE ( 'NONE', *, *, #1345, .T. ) ;
#178 = CARTESIAN_POINT ( 'NONE',  ( 0.0000000000000000000, -0.5999999999999999778, 7.900000000000000355 ) ) ;
#179 = ORIENTED_EDGE ( 'NONE', *, *, #1359, .T. ) ;
#180 = ORIENTED_EDGE ( 'NONE', *, *, #749, .T. ) ;
#181 = SURFACE_SIDE_STYLE ('',( #12 ) ) ;
#182 = DIRECTION ( 'NONE',  ( 0.0000000000000000000, 0.0000000000000000000, 1.000000000000000000 ) ) ;
#183 = CARTESIAN_POINT ( 'NONE',  ( 0.0000000000000000000, -2.399999999999999911, 7.900000000000000355 ) ) ;
#184 = ORIENTED_EDGE ( 'NONE', *, *, #1105, .F. ) ;
#185 = LINE ( 'NONE', #49, #39 ) ;
#186 = LINE ( 'NONE', #787, #804 ) ;
#187 = PLANE ( 'NONE',  #915 ) ;
#188 = DIRECTION ( 'NONE',  ( 0.0000000000000000000, -1.000000000000000000, 2.220446049250000002E-16 ) ) ;
#189 =( LENGTH_UNIT ( ) NAMED_UNIT ( * ) SI_UNIT ( .MILLI., .METRE. ) );
#190 = ORIENTED_EDGE ( 'NONE', *, *, #1204, .F. ) ;
#191 = AXIS2_PLACEMENT_3D ( 'NONE', #61, #1274, #633 ) ;
#192 = CARTESIAN_POINT ( 'NONE',  ( 5.049999999999999822, 0.2000000000000000111, 11.50000000000000000 ) ) ;
#193 = STYLED_ITEM ( 'NONE', ( #1134 ), #457 ) ;
#194 = ADVANCED_FACE ( 'NONE', ( #112 ), #1337, .T. ) ;
#195 = CARTESIAN_POINT ( 'NONE',  ( -0.6500000000000001332, 0.6000000000000000888, -5.799999999999999822 ) ) ;
#196 = VECTOR ( 'NONE', #426, 1000.000000000000000 ) ;
#197 = DIRECTION ( 'NONE',  ( -1.325295312279249518E-16, -1.000000000000000000, 1.325295312279249518E-16 ) ) ;
#198 = ORIENTED_EDGE ( 'NONE', *, *, #1032, .F. ) ;
#199 = CARTESIAN_POINT ( 'NONE',  ( 0.0000000000000000000, 19.00000000000000000, 7.900000000000000355 ) ) ;
#200 = VECTOR ( 'NONE', #1, 1000.000000000000000 ) ;
#201 = DIRECTION ( 'NONE',  ( 0.0000000000000000000, 0.0000000000000000000, 1.000000000000000000 ) ) ;
#202 = COLOUR_RGB ( '',0.0000000000000000000, 0.0000000000000000000, 1.000000000000000000 ) ;
#203 = PLANE ( 'NONE',  #824 ) ;
#204 =( GEOMETRIC_REPRESENTATION_CONTEXT ( 3 ) GLOBAL_UNCERTAINTY_ASSIGNED_CONTEXT ( ( #740 ) ) GLOBAL_UNIT_ASSIGNED_CONTEXT ( ( #1884, #1997, #339 ) ) REPRESENTATION_CONTEXT ( 'NONE', 'WORKASPACE' ) );
#205 = EDGE_LOOP ( 'NONE', ( #1123, #1525, #1623, #307 ) ) ;
#206 = AXIS2_PLACEMENT_3D ( 'NONE', #212, #811, #383 ) ;
#207 = SURFACE_SIDE_STYLE ('',( #1565 ) ) ;
#208 = CARTESIAN_POINT ( 'NONE',  ( -0.6499999999600004630, 14.90000000000000036, -5.800000000000000711 ) ) ;
#209 = EDGE_CURVE ( 'NONE', #368, #325, #580, .T. ) ;
#210 = EDGE_LOOP ( 'NONE', ( #752, #636, #1008, #912 ) ) ;
#211 = DIRECTION ( 'NONE',  ( 0.0000000000000000000, 0.0000000000000000000, 1.000000000000000000 ) ) ;
#212 = CARTESIAN_POINT ( 'NONE',  ( 0.5499999999600000411, 14.90000000000000036, -5.900000000000000355 ) ) ;
#213 = SURFACE_STYLE_FILL_AREA ( #1883 ) ;
#214 = LINE ( 'NONE', #1894, #725 ) ;
#215 = DIRECTION ( 'NONE',  ( -0.0000000000000000000, 0.0000000000000000000, -1.000000000000000000 ) ) ;
#216 = CARTESIAN_POINT ( 'NONE',  ( 0.6500000000000003553, 19.00000000000000000, 0.0000000000000000000 ) ) ;
#217 = ORIENTED_EDGE ( 'NONE', *, *, #696, .T. ) ;
#218 = CYLINDRICAL_SURFACE ( 'NONE', #561, 4.699999999999999289 ) ;
#219 = ORIENTED_EDGE ( 'NONE', *, *, #605, .F. ) ;
#220 = EDGE_CURVE ( 'NONE', #1515, #311, #152, .T. ) ;
#221 = CARTESIAN_POINT ( 'NONE',  ( -5.049999999999999822, 19.00000000000000000, 12.00000000000000000 ) ) ;
#222 = UNCERTAINTY_MEASURE_WITH_UNIT (LENGTH_MEASURE( 1.000000000000000082E-05 ), #860, 'distance_accuracy_value', 'NONE');
#223 = PRESENTATION_STYLE_ASSIGNMENT (( #1426 ) ) ;
#224 = EDGE_CURVE ( 'NONE', #590, #1335, #610, .T. ) ;
#225 = DIRECTION ( 'NONE',  ( 0.0000000000000000000, -1.000000000000000000, 2.220446049250000002E-16 ) ) ;
#226 = VERTEX_POINT ( 'NONE', #1085 ) ;
#227 = FACE_OUTER_BOUND ( 'NONE', #245, .T. ) ;
#228 = DIRECTION ( 'NONE',  ( -0.0000000000000000000, 0.0000000000000000000, -1.000000000000000000 ) ) ;
#229 = ORIENTED_EDGE ( 'NONE', *, *, #905, .F. ) ;
#230 = AXIS2_PLACEMENT_3D ( 'NONE', #685, #548, #1316 ) ;
#231 = SURFACE_STYLE_FILL_AREA ( #1646 ) ;
#232 = VECTOR ( 'NONE', #1120, 1000.000000000000000 ) ;
#233 = ORIENTED_EDGE ( 'NONE', *, *, #936, .T. ) ;
#234 = VECTOR ( 'NONE', #1636, 1000.000000000000000 ) ;
#235 = LINE ( 'NONE', #366, #269 ) ;
#236 = CARTESIAN_POINT ( 'NONE',  ( 5.049999999999999822, 1.500000000000000000, 11.50000000000000000 ) ) ;
#237 = CARTESIAN_POINT ( 'NONE',  ( 5.649999999999999467, 16.39999999999999858, 0.0000000000000000000 ) ) ;
#238 = ADVANCED_FACE ( 'NONE', ( #1693 ), #733, .T. ) ;
#239 = PLANE ( 'NONE',  #1536 ) ;
#240 = CARTESIAN_POINT ( 'NONE',  ( -4.250000000000000000, 16.39999999999999858, 0.0000000000000000000 ) ) ;
#241 = ORIENTED_EDGE ( 'NONE', *, *, #1065, .T. ) ;
#242 = AXIS2_PLACEMENT_3D ( 'NONE', #1816, #1203, #161 ) ;
#243 = DIRECTION ( 'NONE',  ( 0.0000000000000000000, -2.168404344971008868E-16, -1.000000000000000000 ) ) ;
#244 = CIRCLE ( 'NONE', #1839, 1.000000000000000888 ) ;
#245 = EDGE_LOOP ( 'NONE', ( #615, #1207, #732, #184 ) ) ;
#246 = ORIENTED_EDGE ( 'NONE', *, *, #547, .F. ) ;
#247 = VECTOR ( 'NONE', #71, 1000.000000000000000 ) ;
#248 = DIRECTION ( 'NONE',  ( 0.0000000000000000000, 0.0000000000000000000, 1.000000000000000000 ) ) ;
#249 = LINE ( 'NONE', #1585, #1453 ) ;
#250 = DIRECTION ( 'NONE',  ( -0.0000000000000000000, 0.0000000000000000000, -1.000000000000000000 ) ) ;
#251 = EDGE_CURVE ( 'NONE', #1580, #48, #1558, .T. ) ;
#252 = ORIENTED_EDGE ( 'NONE', *, *, #276, .T. ) ;
#253 = SURFACE_STYLE_FILL_AREA ( #1168 ) ;
#254 = CARTESIAN_POINT ( 'NONE',  ( -5.049999999999999822, 15.10000000000000142, 0.0000000000000000000 ) ) ;
#255 = CARTESIAN_POINT ( 'NONE',  ( -4.250000000000000000, 16.39999999999999858, 0.0000000000000000000 ) ) ;
#256 = FACE_OUTER_BOUND ( 'NONE', #1944, .T. ) ;
#257 = MECHANICAL_DESIGN_GEOMETRIC_PRESENTATION_REPRESENTATION (  '', ( #1112 ), #405 ) ;
#258 = EDGE_CURVE ( 'NONE', #1061, #28, #520, .T. ) ;
#259 = PRESENTATION_LAYER_ASSIGNMENT (  '', '', ( #1112 ) ) ;
#260 = DIRECTION ( 'NONE',  ( 0.0000000000000000000, 1.000000000000000000, 0.0000000000000000000 ) ) ;
#261 = VECTOR ( 'NONE', #595, 1000.000000000000000 ) ;
#262 = MECHANICAL_DESIGN_GEOMETRIC_PRESENTATION_REPRESENTATION (  '', ( #1809 ), #1782 ) ;
#263 = LINE ( 'NONE', #254, #109 ) ;
#264 = ORIENTED_EDGE ( 'NONE', *, *, #1265, .F. ) ;
#265 = DIRECTION ( 'NONE',  ( -0.0000000000000000000, 0.0000000000000000000, -1.000000000000000000 ) ) ;
#266 = CARTESIAN_POINT ( 'NONE',  ( -5.049999999999999822, 1.500000000000000000, 0.0000000000000000000 ) ) ;
#267 = DIRECTION ( 'NONE',  ( -0.0000000000000000000, -1.000000000000000000, 0.0000000000000000000 ) ) ;
#268 =( NAMED_UNIT ( * ) PLANE_ANGLE_UNIT ( ) SI_UNIT ( $, .RADIAN. ) );
#269 = VECTOR ( 'NONE', #1425, 1000.000000000000000 ) ;
#270 = VECTOR ( 'NONE', #1663, 1000.000000000000000 ) ;
#271 = CARTESIAN_POINT ( 'NONE',  ( -4.049999999999999822, 19.00000000000000000, 13.00000000000000178 ) ) ;
#272 = VECTOR ( 'NONE', #653, 1000.000000000000000 ) ;
#273 = ADVANCED_FACE ( 'NONE', ( #789 ), #72, .T. ) ;
#274 =( GEOMETRIC_REPRESENTATION_CONTEXT ( 3 ) GLOBAL_UNCERTAINTY_ASSIGNED_CONTEXT ( ( #1241 ) ) GLOBAL_UNIT_ASSIGNED_CONTEXT ( ( #862, #1497, #1509 ) ) REPRESENTATION_CONTEXT ( 'NONE', 'WORKASPACE' ) );
#275 = CARTESIAN_POINT ( 'NONE',  ( -5.049999999999999822, 15.10000000000000142, 12.00000000000000000 ) ) ;
#276 = EDGE_CURVE ( 'NONE', #1914, #1889, #1921, .T. ) ;
#277 = CARTESIAN_POINT ( 'NONE',  ( -5.049999999999999822, 1.500000000000000000, 12.00000000000000000 ) ) ;
#278 = PRESENTATION_STYLE_ASSIGNMENT (( #1163 ) ) ;
#279 = DIRECTION ( 'NONE',  ( 0.0000000000000000000, 1.845450506358305818E-16, 1.000000000000000000 ) ) ;
#280 = DIRECTION ( 'NONE',  ( 0.0000000000000000000, 1.000000000000000000, -2.220446049250000002E-16 ) ) ;
#281 = ADVANCED_FACE ( 'NONE', ( #1102 ), #187, .F. ) ;
#282 = ORIENTED_EDGE ( 'NONE', *, *, #587, .T. ) ;
#283 = PRODUCT_DEFINITION_CONTEXT ( 'detailed design', #1224, 'design' ) ;
#284 = EDGE_CURVE ( 'NONE', #1594, #1153, #1287, .T. ) ;
#285 = PRESENTATION_STYLE_ASSIGNMENT (( #1501 ) ) ;
#286 = CARTESIAN_POINT ( 'NONE',  ( -5.049999999999999822, -2.399999999999999911, 12.00000000000000000 ) ) ;
#287 = DIRECTION ( 'NONE',  ( -0.0000000000000000000, 1.000000000000000000, -2.220446049250000002E-16 ) ) ;
#288 = CIRCLE ( 'NONE', #1901, 2.049999999999999822 ) ;
#289 = ORIENTED_EDGE ( 'NONE', *, *, #1339, .T. ) ;
#290 = MECHANICAL_DESIGN_GEOMETRIC_PRESENTATION_REPRESENTATION (  '', ( #533 ), #382 ) ;
#291 = EDGE_CURVE ( 'NONE', #1302, #1836, #1907, .T. ) ;
#292 = AXIS2_PLACEMENT_3D ( 'NONE', #1233, #1096, #1242 ) ;
#293 = CARTESIAN_POINT ( 'NONE',  ( -4.250000000000000000, 0.2000000000000000666, 12.97979589711313686 ) ) ;
#294 = PRESENTATION_LAYER_ASSIGNMENT (  '', '', ( #729 ) ) ;
#295 = LINE ( 'NONE', #730, #200 ) ;
#296 = FILL_AREA_STYLE_COLOUR ( '', #569 ) ;
#297 = VERTEX_POINT ( 'NONE', #508 ) ;
#298 = UNCERTAINTY_MEASURE_WITH_UNIT (LENGTH_MEASURE( 1.000000000000000082E-05 ), #780, 'distance_accuracy_value', 'NONE');
#299 = DIRECTION ( 'NONE',  ( 0.0000000000000000000, -0.0000000000000000000, 1.000000000000000000 ) ) ;
#300 = CARTESIAN_POINT ( 'NONE',  ( -5.049999999999999822, 1.500000000000000222, 0.0000000000000000000 ) ) ;
#301 = ORIENTED_EDGE ( 'NONE', *, *, #119, .F. ) ;
#302 = ADVANCED_FACE ( 'NONE', ( #367 ), #25, .F. ) ;
#303 = FILL_AREA_STYLE ('',( #172 ) ) ;
#304 = ORIENTED_EDGE ( 'NONE', *, *, #284, .F. ) ;
#305 = EDGE_CURVE ( 'NONE', #881, #1515, #913, .T. ) ;
#306 = FILL_AREA_STYLE ('',( #1541 ) ) ;
#307 = ORIENTED_EDGE ( 'NONE', *, *, #1246, .T. ) ;
#308 = CARTESIAN_POINT ( 'NONE',  ( -5.049999999999999822, -2.399999999999999911, 12.00000000000000000 ) ) ;
#309 = ORIENTED_EDGE ( 'NONE', *, *, #1737, .T. ) ;
#310 = DIRECTION ( 'NONE',  ( 1.000000000000000000, 0.0000000000000000000, -0.0000000000000000000 ) ) ;
#311 = VERTEX_POINT ( 'NONE', #1108 ) ;
#312 = ORIENTED_EDGE ( 'NONE', *, *, #1869, .T. ) ;
#313 = FACE_OUTER_BOUND ( 'NONE', #470, .T. ) ;
#314 = ADVANCED_FACE ( 'NONE', ( #639 ), #352, .T. ) ;
#315 = EDGE_LOOP ( 'NONE', ( #1721, #1408, #461, #1067, #1785, #1799, #437 ) ) ;
#316 = DIRECTION ( 'NONE',  ( -0.0000000000000000000, -2.230894258320999957E-16, -1.000000000000000000 ) ) ;
#317 = STYLED_ITEM ( 'NONE', ( #144 ), #238 ) ;
#318 = ORIENTED_EDGE ( 'NONE', *, *, #558, .T. ) ;
#319 = FILL_AREA_STYLE ('',( #1995 ) ) ;
#320 = DIRECTION ( 'NONE',  ( 0.7071067811865474617, 0.0000000000000000000, -0.7071067811865474617 ) ) ;
#321 = VECTOR ( 'NONE', #137, 1000.000000000000000 ) ;
#322 = VERTEX_POINT ( 'NONE', #195 ) ;
#323 =( NAMED_UNIT ( * ) PLANE_ANGLE_UNIT ( ) SI_UNIT ( $, .RADIAN. ) );
#324 = ORIENTED_EDGE ( 'NONE', *, *, #641, .F. ) ;
#325 = VERTEX_POINT ( 'NONE', #1238 ) ;
#326 = ADVANCED_FACE ( 'NONE', ( #344 ), #1227, .T. ) ;
#327 = VECTOR ( 'NONE', #1547, 1000.000000000000000 ) ;
#328 = VERTEX_POINT ( 'NONE', #956 ) ;
#329 = LINE ( 'NONE', #1828, #165 ) ;
#330 = SURFACE_STYLE_FILL_AREA ( #777 ) ;
#331 = VERTEX_POINT ( 'NONE', #783 ) ;
#332 = VECTOR ( 'NONE', #1649, 1000.000000000000000 ) ;
#333 = FILL_AREA_STYLE ('',( #1244 ) ) ;
#334 = CARTESIAN_POINT ( 'NONE',  ( 0.0000000000000000000, -0.5999999999999999778, 7.900000000000000355 ) ) ;
#335 = DIRECTION ( 'NONE',  ( -1.000000000000000000, 0.0000000000000000000, -0.0000000000000000000 ) ) ;
#336 = DIRECTION ( 'NONE',  ( 0.0000000000000000000, 0.0000000000000000000, -1.000000000000000000 ) ) ;
#337 = LINE ( 'NONE', #941, #392 ) ;
#338 = LINE ( 'NONE', #434, #565 ) ;
#339 =( NAMED_UNIT ( * ) SI_UNIT ( $, .STERADIAN. ) SOLID_ANGLE_UNIT ( ) );
#340 = VERTEX_POINT ( 'NONE', #1591 ) ;
#341 = EDGE_CURVE ( 'NONE', #1450, #226, #948, .T. ) ;
#342 = ORIENTED_EDGE ( 'NONE', *, *, #738, .T. ) ;
#343 = VERTEX_POINT ( 'NONE', #1088 ) ;
#344 = FACE_OUTER_BOUND ( 'NONE', #826, .T. ) ;
#345 = CARTESIAN_POINT ( 'NONE',  ( 5.650000000000000355, 0.2000000000000000111, 11.50000000000000000 ) ) ;
#346 = ORIENTED_EDGE ( 'NONE', *, *, #616, .T. ) ;
#347 = DIRECTION ( 'NONE',  ( 0.0000000000000000000, -2.168404344971008868E-16, -1.000000000000000000 ) ) ;
#348 = FILL_AREA_STYLE_COLOUR ( '', #837 ) ;
#349 = VECTOR ( 'NONE', #1584, 1000.000000000000000 ) ;
#350 = EDGE_CURVE ( 'NONE', #1110, #166, #1723, .T. ) ;
#351 = ORIENTED_EDGE ( 'NONE', *, *, #74, .T. ) ;
#352 = PLANE ( 'NONE',  #791 ) ;
#353 = VECTOR ( 'NONE', #1739, 1000.000000000000000 ) ;
#354 = ORIENTED_EDGE ( 'NONE', *, *, #1137, .F. ) ;
#355 = CARTESIAN_POINT ( 'NONE',  ( 0.0000000000000000000, -5.000000000000000000, 7.900000000000000355 ) ) ;
#356 = VECTOR ( 'NONE', #1071, 1000.000000000000000 ) ;
#357 = CIRCLE ( 'NONE', #1192, 1.000000000000000888 ) ;
#358 = DIRECTION ( 'NONE',  ( 0.0000000000000000000, 1.000000000000000000, 0.0000000000000000000 ) ) ;
#359 = VECTOR ( 'NONE', #335, 1000.000000000000000 ) ;
#360 = VECTOR ( 'NONE', #316, 1000.000000000000000 ) ;
#361 = ADVANCED_FACE ( 'NONE', ( #160 ), #1887, .T. ) ;
#362 = DIRECTION ( 'NONE',  ( 1.000000000000000000, 0.0000000000000000000, 0.0000000000000000000 ) ) ;
#363 = CARTESIAN_POINT ( 'NONE',  ( 0.0000000000000000000, 19.00000000000000000, 7.900000000000000355 ) ) ;
#364 = COLOUR_RGB ( '',0.0000000000000000000, 0.0000000000000000000, 1.000000000000000000 ) ;
#365 = ORIENTED_EDGE ( 'NONE', *, *, #1767, .F. ) ;
#366 = CARTESIAN_POINT ( 'NONE',  ( 0.6499999999600000189, 16.10000000000000142, -6.000000000000000000 ) ) ;
#367 = FACE_OUTER_BOUND ( 'NONE', #613, .T. ) ;
#368 = VERTEX_POINT ( 'NONE', #970 ) ;
#369 =( NAMED_UNIT ( * ) SI_UNIT ( $, .STERADIAN. ) SOLID_ANGLE_UNIT ( ) );
#370 = ORIENTED_EDGE ( 'NONE', *, *, #433, .F. ) ;
#371 = DIRECTION ( 'NONE',  ( -1.374525595238999975E-32, 1.000000000000000000, 0.0000000000000000000 ) ) ;
#372 = ORIENTED_EDGE ( 'NONE', *, *, #305, .T. ) ;
#373 = CARTESIAN_POINT ( 'NONE',  ( -4.049999999999999822, 15.10000000000000142, 12.00000000000000000 ) ) ;
#374 = PLANE ( 'NONE',  #762 ) ;
#375 = EDGE_CURVE ( 'NONE', #1580, #322, #646, .T. ) ;
#376 = CARTESIAN_POINT ( 'NONE',  ( 0.6499999999799809247, 19.00000000000000000, 3.953165825623526697 ) ) ;
#377 = ORIENTED_EDGE ( 'NONE', *, *, #1236, .T. ) ;
#378 = VECTOR ( 'NONE', #1012, 1000.000000000000000 ) ;
#379 = CARTESIAN_POINT ( 'NONE',  ( -4.250000000000000000, 0.2000000000000000111, 15.00000000000000000 ) ) ;
#380 = AXIS2_PLACEMENT_3D ( 'NONE', #1754, #1925, #1143 ) ;
#381 = ORIENTED_EDGE ( 'NONE', *, *, #605, .T. ) ;
#382 =( GEOMETRIC_REPRESENTATION_CONTEXT ( 3 ) GLOBAL_UNCERTAINTY_ASSIGNED_CONTEXT ( ( #1761 ) ) GLOBAL_UNIT_ASSIGNED_CONTEXT ( ( #527, #1784, #1603 ) ) REPRESENTATION_CONTEXT ( 'NONE', 'WORKASPACE' ) );
#383 = DIRECTION ( 'NONE',  ( 0.7071067811865474617, 0.0000000000000000000, 0.7071067811865474617 ) ) ;
#384 = ADVANCED_FACE ( 'NONE', ( #55 ), #1776, .T. ) ;
#385 = DIRECTION ( 'NONE',  ( -1.374525595238999975E-32, 1.000000000000000000, -2.220446049250000002E-16 ) ) ;
#386 = VECTOR ( 'NONE', #1532, 1000.000000000000000 ) ;
#387 = DIRECTION ( 'NONE',  ( 1.374525595238999975E-32, -1.000000000000000000, -0.0000000000000000000 ) ) ;
#388 = VECTOR ( 'NONE', #756, 1000.000000000000114 ) ;
#389 = ORIENTED_EDGE ( 'NONE', *, *, #1290, .F. ) ;
#390 = VECTOR ( 'NONE', #114, 999.9999999999998863 ) ;
#391 = SURFACE_STYLE_USAGE ( .BOTH. , #1787 ) ;
#392 = VECTOR ( 'NONE', #1368, 1000.000000000000000 ) ;
#393 = VERTEX_POINT ( 'NONE', #399 ) ;
#394 = DIRECTION ( 'NONE',  ( 0.0000000000000000000, -0.0000000000000000000, 1.000000000000000000 ) ) ;
#395 = CARTESIAN_POINT ( 'NONE',  ( 0.0000000000000000000, 16.10000000000000142, 7.899999999999997691 ) ) ;
#396 = CARTESIAN_POINT ( 'NONE',  ( -4.250000000000000000, 15.10000000000000142, 0.0000000000000000000 ) ) ;
#397 = LINE ( 'NONE', #1421, #1681 ) ;
#398 = EDGE_CURVE ( 'NONE', #501, #1666, #1320, .T. ) ;
#399 = CARTESIAN_POINT ( 'NONE',  ( 0.0000000000000000000, -0.6000000000000004219, 5.850000000000001421 ) ) ;
#400 = EDGE_LOOP ( 'NONE', ( #1917, #301, #44, #1992 ) ) ;
#401 =( NAMED_UNIT ( * ) SI_UNIT ( $, .STERADIAN. ) SOLID_ANGLE_UNIT ( ) );
#402 = LINE ( 'NONE', #707, #788 ) ;
#403 = LINE ( 'NONE', #700, #439 ) ;
#404 = EDGE_CURVE ( 'NONE', #325, #322, #688, .T. ) ;
#405 =( GEOMETRIC_REPRESENTATION_CONTEXT ( 3 ) GLOBAL_UNCERTAINTY_ASSIGNED_CONTEXT ( ( #1851 ) ) GLOBAL_UNIT_ASSIGNED_CONTEXT ( ( #525, #1435, #1929 ) ) REPRESENTATION_CONTEXT ( 'NONE', 'WORKASPACE' ) );
#406 = PRESENTATION_LAYER_ASSIGNMENT (  '', '', ( #125 ) ) ;
#407 = PLANE ( 'NONE',  #242 ) ;
#408 = VECTOR ( 'NONE', #1885, 1000.000000000000000 ) ;
#409 = LINE ( 'NONE', #1178, #1596 ) ;
#410 = FACE_OUTER_BOUND ( 'NONE', #126, .T. ) ;
#411 = VERTEX_POINT ( 'NONE', #1461 ) ;
#412 = EDGE_CURVE ( 'NONE', #1538, #328, #1007, .T. ) ;
#413 = VECTOR ( 'NONE', #1502, 1000.000000000000000 ) ;
#414 = AXIS2_PLACEMENT_3D ( 'NONE', #1021, #1653, #1220 ) ;
#415 = EDGE_CURVE ( 'NONE', #1302, #1914, #658, .T. ) ;
#416 = MECHANICAL_DESIGN_GEOMETRIC_PRESENTATION_REPRESENTATION (  '', ( #83 ), #274 ) ;
#417 = ORIENTED_EDGE ( 'NONE', *, *, #415, .F. ) ;
#418 = CARTESIAN_POINT ( 'NONE',  ( 5.049999999999999822, -2.399999999999999911, 0.0000000000000000000 ) ) ;
#419 = SURFACE_STYLE_FILL_AREA ( #1970 ) ;
#420 = CARTESIAN_POINT ( 'NONE',  ( 5.650000000000000355, 0.2000000000000000111, 11.50000000000000000 ) ) ;
#421 = DIRECTION ( 'NONE',  ( 0.0000000000000000000, 0.0000000000000000000, 1.000000000000000000 ) ) ;
#422 = ADVANCED_FACE ( 'NONE', ( #995 ), #218, .T. ) ;
#423 = LINE ( 'NONE', #1965, #1262 ) ;
#424 = ORIENTED_EDGE ( 'NONE', *, *, #404, .T. ) ;
#425 = CARTESIAN_POINT ( 'NONE',  ( 0.4500000000000004552, 0.5999999999999999778, -6.000000000000000000 ) ) ;
#426 = DIRECTION ( 'NONE',  ( -0.0000000000000000000, 0.0000000000000000000, -1.000000000000000000 ) ) ;
#427 =( LENGTH_UNIT ( ) NAMED_UNIT ( * ) SI_UNIT ( .MILLI., .METRE. ) );
#428 = LINE ( 'NONE', #1047, #632 ) ;
#429 = VECTOR ( 'NONE', #1498, 1000.000000000000000 ) ;
#430 = CARTESIAN_POINT ( 'NONE',  ( 5.049999999999999822, 15.10000000000000142, 0.0000000000000000000 ) ) ;
#431 = AXIS2_PLACEMENT_3D ( 'NONE', #1347, #1331, #121 ) ;
#432 = ORIENTED_EDGE ( 'NONE', *, *, #1068, .T. ) ;
#433 = EDGE_CURVE ( 'NONE', #1870, #139, #1933, .T. ) ;
#434 = CARTESIAN_POINT ( 'NONE',  ( 0.6500000000000003553, -2.399999999999999911, 0.0000000000000000000 ) ) ;
#435 = DIRECTION ( 'NONE',  ( 0.0000000000000000000, 1.000000000000000000, -2.220446049250000002E-16 ) ) ;
#436 = ORIENTED_EDGE ( 'NONE', *, *, #1032, .T. ) ;
#437 = ORIENTED_EDGE ( 'NONE', *, *, #1517, .F. ) ;
#438 = AXIS2_PLACEMENT_3D ( 'NONE', #363, #647, #1164 ) ;
#439 = VECTOR ( 'NONE', #1174, 1000.000000000000000 ) ;
#440 = CARTESIAN_POINT ( 'NONE',  ( 0.6499999999600000189, 14.90000000000000036, -6.000000000000000000 ) ) ;
#441 = EDGE_LOOP ( 'NONE', ( #87, #1611, #553, #1511 ) ) ;
#442 = CARTESIAN_POINT ( 'NONE',  ( 5.649999999999999467, 15.10000000000000142, 11.50000000000000178 ) ) ;
#443 = FILL_AREA_STYLE ('',( #1234 ) ) ;
#444 = ORIENTED_EDGE ( 'NONE', *, *, #1664, .T. ) ;
#445 = SURFACE_SIDE_STYLE ('',( #1843 ) ) ;
#446 = EDGE_CURVE ( 'NONE', #881, #1380, #1285, .T. ) ;
#447 = ORIENTED_EDGE ( 'NONE', *, *, #694, .T. ) ;
#448 = DIRECTION ( 'NONE',  ( 0.0000000000000000000, -2.115516434118057709E-16, -1.000000000000000000 ) ) ;
#449 = LINE ( 'NONE', #584, #540 ) ;
#450 = CARTESIAN_POINT ( 'NONE',  ( -0.6500000000000003553, -2.399999999999999911, 0.0000000000000000000 ) ) ;
#451 = SURFACE_STYLE_FILL_AREA ( #1049 ) ;
#452 = ORIENTED_EDGE ( 'NONE', *, *, #1546, .T. ) ;
#453 = CARTESIAN_POINT ( 'NONE',  ( -5.049999999999999822, -2.399999999999999911, 12.00000000000000000 ) ) ;
#454 = CARTESIAN_POINT ( 'NONE',  ( -5.049999999999999822, 16.39999999999999858, 12.00000000000000000 ) ) ;
#455 = EDGE_CURVE ( 'NONE', #1515, #890, #1292, .T. ) ;
#456 = SURFACE_STYLE_USAGE ( .BOTH. , #914 ) ;
#457 = ADVANCED_FACE ( 'NONE', ( #672 ), #1016, .T. ) ;
#458 = SURFACE_STYLE_FILL_AREA ( #918 ) ;
#459 = SURFACE_SIDE_STYLE ('',( #451 ) ) ;
#460 = VECTOR ( 'NONE', #1051, 1000.000000000000000 ) ;
#461 = ORIENTED_EDGE ( 'NONE', *, *, #1147, .T. ) ;
#462 = SURFACE_STYLE_FILL_AREA ( #319 ) ;
#463 = COLOUR_RGB ( '',0.8000000000000000444, 0.8000000000000000444, 0.8000000000000000444 ) ;
#464 = ORIENTED_EDGE ( 'NONE', *, *, #88, .T. ) ;
#465 = COLOUR_RGB ( '',0.8000000000000000444, 0.8000000000000000444, 0.8000000000000000444 ) ;
#466 = ORIENTED_EDGE ( 'NONE', *, *, #1488, .T. ) ;
#467 = ORIENTED_EDGE ( 'NONE', *, *, #1474, .F. ) ;
#468 = DIRECTION ( 'NONE',  ( 0.0000000000000000000, -1.000000000000000000, 2.220446049250000002E-16 ) ) ;
#469 = LINE ( 'NONE', #1566, #359 ) ;
#470 = EDGE_LOOP ( 'NONE', ( #1549, #815, #24, #1353 ) ) ;
#471 = PRESENTATION_STYLE_ASSIGNMENT (( #1361 ) ) ;
#472 = EDGE_CURVE ( 'NONE', #517, #747, #878, .T. ) ;
#473 = SURFACE_SIDE_STYLE ('',( #462 ) ) ;
#474 = LINE ( 'NONE', #612, #43 ) ;
#475 = COLOUR_RGB ( '',0.8000000000000000444, 0.8000000000000000444, 0.8000000000000000444 ) ;
#476 = ORIENTED_EDGE ( 'NONE', *, *, #291, .F. ) ;
#477 = FACE_OUTER_BOUND ( 'NONE', #1567, .T. ) ;
#478 =( GEOMETRIC_REPRESENTATION_CONTEXT ( 3 ) GLOBAL_UNCERTAINTY_ASSIGNED_CONTEXT ( ( #1892 ) ) GLOBAL_UNIT_ASSIGNED_CONTEXT ( ( #898, #773, #1082 ) ) REPRESENTATION_CONTEXT ( 'NONE', 'WORKASPACE' ) );
#479 = ORIENTED_EDGE ( 'NONE', *, *, #1781, .F. ) ;
#480 = ORIENTED_EDGE ( 'NONE', *, *, #738, .F. ) ;
#481 = DIRECTION ( 'NONE',  ( 1.374525595238999975E-32, -1.000000000000000000, 2.220446049250000002E-16 ) ) ;
#482 = CARTESIAN_POINT ( 'NONE',  ( -4.250000000000000000, 0.2000000000000000111, 0.0000000000000000000 ) ) ;
#483 = DIRECTION ( 'NONE',  ( -0.0000000000000000000, 2.220446049250000002E-16, 1.000000000000000000 ) ) ;
#484 = EDGE_CURVE ( 'NONE', #1557, #393, #288, .T. ) ;
#485 = FACE_OUTER_BOUND ( 'NONE', #1777, .T. ) ;
#486 = ORIENTED_EDGE ( 'NONE', *, *, #1462, .T. ) ;
#487 = PLANE ( 'NONE',  #1348 ) ;
#488 = FILL_AREA_STYLE ('',( #938 ) ) ;
#489 = CARTESIAN_POINT ( 'NONE',  ( 0.4500000000000002331, 0.4000000000000000222, -6.000000000000000888 ) ) ;
#490 = ORIENTED_EDGE ( 'NONE', *, *, #1804, .F. ) ;
#491 = LINE ( 'NONE', #810, #1124 ) ;
#492 = DIRECTION ( 'NONE',  ( 1.374525595238999975E-32, -1.000000000000000000, 0.0000000000000000000 ) ) ;
#493 = DIRECTION ( 'NONE',  ( 0.0000000000000000000, -1.000000000000000000, 2.220446049250000002E-16 ) ) ;
#494 = CARTESIAN_POINT ( 'NONE',  ( -0.6500000000000003553, -2.399999999999999911, 0.0000000000000000000 ) ) ;
#495 = ADVANCED_FACE ( 'NONE', ( #1481 ), #1987, .F. ) ;
#496 = CYLINDRICAL_SURFACE ( 'NONE', #559, 1.000000000000000888 ) ;
#497 = VECTOR ( 'NONE', #104, 1000.000000000000000 ) ;
#498 = CARTESIAN_POINT ( 'NONE',  ( -0.6500000000000001332, 19.00000000000000000, 3.953165825626999919 ) ) ;
#499 = ADVANCED_FACE ( 'NONE', ( #574 ), #1832, .T. ) ;
#500 = PRESENTATION_LAYER_ASSIGNMENT (  '', '', ( #193 ) ) ;
#501 = VERTEX_POINT ( 'NONE', #1340 ) ;
#502 = CARTESIAN_POINT ( 'NONE',  ( -0.6500000000000001332, 16.10000000000000142, 3.953165825626999919 ) ) ;
#503 = PLANE ( 'NONE',  #1328 ) ;
#504 = ORIENTED_EDGE ( 'NONE', *, *, #375, .T. ) ;
#505 = ORIENTED_EDGE ( 'NONE', *, *, #1657, .F. ) ;
#506 = LINE ( 'NONE', #661, #798 ) ;
#507 = DIRECTION ( 'NONE',  ( 0.0000000000000000000, 1.000000000000000000, 0.0000000000000000000 ) ) ;
#508 = CARTESIAN_POINT ( 'NONE',  ( 5.649999999999999467, 1.500000000000000222, 11.50000000000000178 ) ) ;
#509 = DIRECTION ( 'NONE',  ( 0.0000000000000000000, -1.784715406657999971E-16, -1.000000000000000000 ) ) ;
#510 = CIRCLE ( 'NONE', #757, 1.000000000000000888 ) ;
#511 = LINE ( 'NONE', #1438, #719 ) ;
#512 = VECTOR ( 'NONE', #677, 1000.000000000000000 ) ;
#513 = ORIENTED_EDGE ( 'NONE', *, *, #398, .T. ) ;
#514 = AXIS2_PLACEMENT_3D ( 'NONE', #1818, #1169, #577 ) ;
#515 = ADVANCED_FACE ( 'NONE', ( #1961 ), #557, .T. ) ;
#516 = FILL_AREA_STYLE_COLOUR ( '', #463 ) ;
#517 = VERTEX_POINT ( 'NONE', #1418 ) ;
#518 = ORIENTED_EDGE ( 'NONE', *, *, #1854, .F. ) ;
#519 = DIRECTION ( 'NONE',  ( -0.0000000000000000000, -1.000000000000000000, -0.0000000000000000000 ) ) ;
#520 = LINE ( 'NONE', #1298, #1648 ) ;
#521 = FILL_AREA_STYLE ('',( #348 ) ) ;
#522 = EDGE_CURVE ( 'NONE', #1859, #1225, #768, .T. ) ;
#523 = ORIENTED_EDGE ( 'NONE', *, *, #1459, .F. ) ;
#524 = CARTESIAN_POINT ( 'NONE',  ( 5.049999999999999822, -2.399999999999999911, 11.50000000000000000 ) ) ;
#525 =( LENGTH_UNIT ( ) NAMED_UNIT ( * ) SI_UNIT ( .MILLI., .METRE. ) );
#526 = DIRECTION ( 'NONE',  ( 0.0000000000000000000, 2.182085317882000006E-16, 1.000000000000000000 ) ) ;
#527 =( LENGTH_UNIT ( ) NAMED_UNIT ( * ) SI_UNIT ( .MILLI., .METRE. ) );
#528 = VERTEX_POINT ( 'NONE', #794 ) ;
#529 = DIRECTION ( 'NONE',  ( -0.0000000000000000000, 0.0000000000000000000, -1.000000000000000000 ) ) ;
#530 =( GEOMETRIC_REPRESENTATION_CONTEXT ( 3 ) GLOBAL_UNCERTAINTY_ASSIGNED_CONTEXT ( ( #812 ) ) GLOBAL_UNIT_ASSIGNED_CONTEXT ( ( #1878, #1577, #46 ) ) REPRESENTATION_CONTEXT ( 'NONE', 'WORKASPACE' ) );
#531 = EDGE_LOOP ( 'NONE', ( #54, #27, #760, #1402, #1983, #1341 ) ) ;
#532 = VERTEX_POINT ( 'NONE', #744 ) ;
#533 = STYLED_ITEM ( 'NONE', ( #1117 ), #656 ) ;
#534 = APPLICATION_PROTOCOL_DEFINITION ( 'draft international standard', 'automotive_design', 1998, #1224 ) ;
#535 = ADVANCED_FACE ( 'NONE', ( #1386 ), #22, .F. ) ;
#536 = LINE ( 'NONE', #494, #1128 ) ;
#537 = DIRECTION ( 'NONE',  ( -0.0000000000000000000, -1.000000000000000000, 2.220446049250000002E-16 ) ) ;
#538 = SURFACE_STYLE_FILL_AREA ( #699 ) ;
#539 = CARTESIAN_POINT ( 'NONE',  ( 0.6500000000000001332, -0.5999999999999994227, 3.953165825626910213 ) ) ;
#540 = VECTOR ( 'NONE', #930, 1000.000000000000000 ) ;
#541 = AXIS2_PLACEMENT_3D ( 'NONE', #1571, #1383, #320 ) ;
#542 = PRESENTATION_LAYER_ASSIGNMENT (  '', '', ( #1492 ) ) ;
#543 = ORIENTED_EDGE ( 'NONE', *, *, #944, .F. ) ;
#544 = DIRECTION ( 'NONE',  ( 0.0000000000000000000, -0.0000000000000000000, 1.000000000000000000 ) ) ;
#545 = LINE ( 'NONE', #564, #1686 ) ;
#546 = ORIENTED_EDGE ( 'NONE', *, *, #5, .T. ) ;
#547 = EDGE_CURVE ( 'NONE', #1866, #1110, #42, .T. ) ;
#548 = DIRECTION ( 'NONE',  ( 1.000000000000000000, 0.0000000000000000000, -0.0000000000000000000 ) ) ;
#549 = DIRECTION ( 'NONE',  ( 0.0000000000000000000, 1.845450506358305818E-16, 1.000000000000000000 ) ) ;
#550 = DIRECTION ( 'NONE',  ( 0.0000000000000000000, -1.784715406657999971E-16, -1.000000000000000000 ) ) ;
#551 = ORIENTED_EDGE ( 'NONE', *, *, #1015, .T. ) ;
#552 = FACE_OUTER_BOUND ( 'NONE', #1400, .T. ) ;
#553 = ORIENTED_EDGE ( 'NONE', *, *, #97, .T. ) ;
#554 = CARTESIAN_POINT ( 'NONE',  ( 5.049999999999999822, 16.39999999999999858, 11.50000000000000000 ) ) ;
#555 = LINE ( 'NONE', #877, #634 ) ;
#556 = EDGE_CURVE ( 'NONE', #2000, #932, #1527, .T. ) ;
#557 = PLANE ( 'NONE',  #34 ) ;
#558 = EDGE_CURVE ( 'NONE', #48, #1250, #625, .T. ) ;
#559 = AXIS2_PLACEMENT_3D ( 'NONE', #1003, #358, #992 ) ;
#560 = CARTESIAN_POINT ( 'NONE',  ( -5.049999999999999822, -2.399999999999999911, 0.0000000000000000000 ) ) ;
#561 = AXIS2_PLACEMENT_3D ( 'NONE', #80, #1943, #1312 ) ;
#562 = PRESENTATION_STYLE_ASSIGNMENT (( #1040 ) ) ;
#563 = PRESENTATION_LAYER_ASSIGNMENT (  '', '', ( #954 ) ) ;
#564 = CARTESIAN_POINT ( 'NONE',  ( 0.6500000000000003553, -2.399999999999999911, 0.0000000000000000000 ) ) ;
#565 = VECTOR ( 'NONE', #942, 1000.000000000000000 ) ;
#566 = VECTOR ( 'NONE', #1470, 1000.000000000000000 ) ;
#567 = ADVANCED_FACE ( 'NONE', ( #927 ), #487, .F. ) ;
#568 = CARTESIAN_POINT ( 'NONE',  ( 0.0000000000000000000, -2.399999999999999023, 12.59999999999999964 ) ) ;
#569 = COLOUR_RGB ( '',0.8000000000000000444, 0.8000000000000000444, 0.8000000000000000444 ) ;
#570 = DIRECTION ( 'NONE',  ( -0.0000000000000000000, 0.0000000000000000000, 1.000000000000000000 ) ) ;
#571 = ORIENTED_EDGE ( 'NONE', *, *, #1345, .F. ) ;
#572 = CARTESIAN_POINT ( 'NONE',  ( -5.049999999999999822, 19.00000000000000000, 0.0000000000000000000 ) ) ;
#573 =( NAMED_UNIT ( * ) PLANE_ANGLE_UNIT ( ) SI_UNIT ( $, .RADIAN. ) );
#574 = FACE_OUTER_BOUND ( 'NONE', #441, .T. ) ;
#575 = CARTESIAN_POINT ( 'NONE',  ( 0.6499999999600000189, 16.10000000000000142, -5.799999999999998046 ) ) ;
#576 = EDGE_CURVE ( 'NONE', #681, #590, #511, .T. ) ;
#577 = DIRECTION ( 'NONE',  ( 0.0000000000000000000, 2.230894258320999957E-16, 1.000000000000000000 ) ) ;
#578 = ORIENTED_EDGE ( 'NONE', *, *, #251, .F. ) ;
#579 = UNCERTAINTY_MEASURE_WITH_UNIT (LENGTH_MEASURE( 1.000000000000000082E-05 ), #1638, 'distance_accuracy_value', 'NONE');
#580 = LINE ( 'NONE', #1852, #460 ) ;
#581 = CARTESIAN_POINT ( 'NONE',  ( -4.049999999999999822, 1.500000000000000000, 12.00000000000000000 ) ) ;
#582 = DIRECTION ( 'NONE',  ( 0.0000000000000000000, -1.000000000000000000, 1.784715406657999971E-16 ) ) ;
#583 = ORIENTED_EDGE ( 'NONE', *, *, #1952, .F. ) ;
#584 = CARTESIAN_POINT ( 'NONE',  ( 5.650000000000000355, 16.39999999999999858, 0.0000000000000000000 ) ) ;
#585 =( GEOMETRIC_REPRESENTATION_CONTEXT ( 3 ) GLOBAL_UNCERTAINTY_ASSIGNED_CONTEXT ( ( #1599 ) ) GLOBAL_UNIT_ASSIGNED_CONTEXT ( ( #1140, #978, #1772 ) ) REPRESENTATION_CONTEXT ( 'NONE', 'WORKASPACE' ) );
#586 = VERTEX_POINT ( 'NONE', #1774 ) ;
#587 = EDGE_CURVE ( 'NONE', #1142, #393, #645, .T. ) ;
#588 =( NAMED_UNIT ( * ) PLANE_ANGLE_UNIT ( ) SI_UNIT ( $, .RADIAN. ) );
#589 = DIRECTION ( 'NONE',  ( -1.000000000000000000, 0.0000000000000000000, 0.0000000000000000000 ) ) ;
#590 = VERTEX_POINT ( 'NONE', #76 ) ;
#591 = DIRECTION ( 'NONE',  ( 0.0000000000000000000, 0.0000000000000000000, 1.000000000000000000 ) ) ;
#592 = DIRECTION ( 'NONE',  ( 0.7071067811865475727, 1.891604777041789590E-16, 0.7071067811865475727 ) ) ;
#593 = ORIENTED_EDGE ( 'NONE', *, *, #749, .F. ) ;
#594 = PRESENTATION_LAYER_ASSIGNMENT (  '', '', ( #698 ) ) ;
#595 = DIRECTION ( 'NONE',  ( -0.0000000000000000000, -2.182085317882000006E-16, -1.000000000000000000 ) ) ;
#596 =( NAMED_UNIT ( * ) SI_UNIT ( $, .STERADIAN. ) SOLID_ANGLE_UNIT ( ) );
#597 = CIRCLE ( 'NONE', #1297, 4.000000000000000000 ) ;
#598 = AXIS2_PLACEMENT_3D ( 'NONE', #1586, #385, #1129 ) ;
#599 = DIRECTION ( 'NONE',  ( 0.0000000000000000000, -1.784715406657999971E-16, -1.000000000000000000 ) ) ;
#600 = ORIENTED_EDGE ( 'NONE', *, *, #1381, .F. ) ;
#601 = FILL_AREA_STYLE_COLOUR ( '', #475 ) ;
#602 = ADVANCED_FACE ( 'NONE', ( #1310 ), #203, .F. ) ;
#603 = ORIENTED_EDGE ( 'NONE', *, *, #350, .F. ) ;
#604 = CARTESIAN_POINT ( 'NONE',  ( 5.049999999999999822, 16.39999999999999858, 11.50000000000000000 ) ) ;
#605 = EDGE_CURVE ( 'NONE', #1718, #881, #823, .T. ) ;
#606 = VERTEX_POINT ( 'NONE', #376 ) ;
#607 = PLANE ( 'NONE',  #1512 ) ;
#608 = SURFACE_STYLE_USAGE ( .BOTH. , #459 ) ;
#609 = ORIENTED_EDGE ( 'NONE', *, *, #446, .F. ) ;
#610 = LINE ( 'NONE', #136, #687 ) ;
#611 = SURFACE_STYLE_USAGE ( .BOTH. , #473 ) ;
#612 = CARTESIAN_POINT ( 'NONE',  ( 5.049999999999999822, 1.500000000000000000, 11.50000000000000000 ) ) ;
#613 = EDGE_LOOP ( 'NONE', ( #853, #1282, #282, #1874 ) ) ;
#614 = EDGE_CURVE ( 'NONE', #1889, #528, #1469, .T. ) ;
#615 = ORIENTED_EDGE ( 'NONE', *, *, #1543, .T. ) ;
#616 = EDGE_CURVE ( 'NONE', #166, #1757, #805, .T. ) ;
#617 = DIRECTION ( 'NONE',  ( 0.0000000000000000000, -1.000000000000000000, 0.0000000000000000000 ) ) ;
#618 = CARTESIAN_POINT ( 'NONE',  ( -4.049999999999999822, 19.00000000000000000, 12.00000000000000000 ) ) ;
#619 = VERTEX_POINT ( 'NONE', #1428 ) ;
#620 = CARTESIAN_POINT ( 'NONE',  ( 5.650000000000000355, 15.10000000000000142, 11.50000000000000000 ) ) ;
#621 =( NAMED_UNIT ( * ) SI_UNIT ( $, .STERADIAN. ) SOLID_ANGLE_UNIT ( ) );
#622 = VECTOR ( 'NONE', #529, 1000.000000000000000 ) ;
#623 = ORIENTED_EDGE ( 'NONE', *, *, #556, .T. ) ;
#624 = ORIENTED_EDGE ( 'NONE', *, *, #1436, .F. ) ;
#625 = LINE ( 'NONE', #1267, #1833 ) ;
#626 = EDGE_LOOP ( 'NONE', ( #1130, #1132, #1880, #690 ) ) ;
#627 = DIRECTION ( 'NONE',  ( 0.0000000000000000000, 2.230894258320999957E-16, 1.000000000000000000 ) ) ;
#628 = ADVANCED_FACE ( 'NONE', ( #1897 ), #1941, .T. ) ;
#629 = VECTOR ( 'NONE', #817, 1000.000000000000000 ) ;
#630 = CARTESIAN_POINT ( 'NONE',  ( -0.6499999999799999095, -2.399999999999999911, 0.0000000000000000000 ) ) ;
#631 = PRESENTATION_STYLE_ASSIGNMENT (( #842 ) ) ;
#632 = VECTOR ( 'NONE', #896, 1000.000000000000000 ) ;
#633 = DIRECTION ( 'NONE',  ( 0.0000000000000000000, 0.7071067811865474617, 0.7071067811865474617 ) ) ;
#634 = VECTOR ( 'NONE', #1668, 1000.000000000000000 ) ;
#635 = COLOUR_RGB ( '',0.8000000000000000444, 0.8000000000000000444, 0.8000000000000000444 ) ;
#636 = ORIENTED_EDGE ( 'NONE', *, *, #1811, .F. ) ;
#637 = CARTESIAN_POINT ( 'NONE',  ( -5.049999999999999822, -2.399999999999999911, 0.0000000000000000000 ) ) ;
#638 = EDGE_LOOP ( 'NONE', ( #464, #1198, #1561, #91 ) ) ;
#639 = FACE_OUTER_BOUND ( 'NONE', #1375, .T. ) ;
#640 = VERTEX_POINT ( 'NONE', #1458 ) ;
#641 = EDGE_CURVE ( 'NONE', #1918, #606, #1449, .T. ) ;
#642 = LINE ( 'NONE', #1616, #1510 ) ;
#643 =( LENGTH_UNIT ( ) NAMED_UNIT ( * ) SI_UNIT ( .MILLI., .METRE. ) );
#644 = CARTESIAN_POINT ( 'NONE',  ( -0.6499999999733334644, 14.90000000000000213, 0.0000000000000000000 ) ) ;
#645 = LINE ( 'NONE', #980, #920 ) ;
#646 = LINE ( 'NONE', #1166, #1780 ) ;
#647 = DIRECTION ( 'NONE',  ( -0.0000000000000000000, -1.000000000000000000, 2.220446049250000002E-16 ) ) ;
#648 = ORIENTED_EDGE ( 'NONE', *, *, #258, .F. ) ;
#649 = ORIENTED_EDGE ( 'NONE', *, *, #341, .F. ) ;
#650 = LINE ( 'NONE', #1284, #1384 ) ;
#651 = SURFACE_STYLE_FILL_AREA ( #1582 ) ;
#652 = SURFACE_STYLE_FILL_AREA ( #1113 ) ;
#653 = DIRECTION ( 'NONE',  ( 1.000000000000000000, -0.0000000000000000000, 0.0000000000000000000 ) ) ;
#654 = COLOUR_RGB ( '',0.8000000000000000444, 0.8000000000000000444, 0.8000000000000000444 ) ;
#655 = ORIENTED_EDGE ( 'NONE', *, *, #1575, .F. ) ;
#656 = ADVANCED_FACE ( 'NONE', ( #86 ), #1106, .F. ) ;
#657 = COLOUR_RGB ( '',0.8000000000000000444, 0.8000000000000000444, 0.8000000000000000444 ) ;
#658 = LINE ( 'NONE', #379, #156 ) ;
#659 = ORIENTED_EDGE ( 'NONE', *, *, #1811, .T. ) ;
#660 = ORIENTED_EDGE ( 'NONE', *, *, #1610, .F. ) ;
#661 = CARTESIAN_POINT ( 'NONE',  ( -5.049999999999999822, -2.399999999999999911, 0.0000000000000000000 ) ) ;
#662 = FACE_OUTER_BOUND ( 'NONE', #531, .T. ) ;
#663 = AXIS2_PLACEMENT_3D ( 'NONE', #1396, #310, #1985 ) ;
#664 = CARTESIAN_POINT ( 'NONE',  ( -0.6499999999800000205, 16.10000000000000142, 0.0000000000000000000 ) ) ;
#665 = AXIS2_PLACEMENT_3D ( 'NONE', #1323, #1946, #1017 ) ;
#666 = ORIENTED_EDGE ( 'NONE', *, *, #1022, .F. ) ;
#667 = SURFACE_SIDE_STYLE ('',( #968 ) ) ;
#668 = CIRCLE ( 'NONE', #1422, 4.699999999999999289 ) ;
#669 = EDGE_CURVE ( 'NONE', #311, #331, #1748, .T. ) ;
#670 = ORIENTED_EDGE ( 'NONE', *, *, #705, .F. ) ;
#671 = MECHANICAL_DESIGN_GEOMETRIC_PRESENTATION_REPRESENTATION (  '', ( #1492 ), #478 ) ;
#672 = FACE_OUTER_BOUND ( 'NONE', #1521, .T. ) ;
#673 = ORIENTED_EDGE ( 'NONE', *, *, #1819, .F. ) ;
#674 = ORIENTED_EDGE ( 'NONE', *, *, #1485, .T. ) ;
#675 = DIRECTION ( 'NONE',  ( 0.0000000000000000000, 1.000000000000000000, 0.0000000000000000000 ) ) ;
#676 = DIRECTION ( 'NONE',  ( -1.000000000000000000, -0.0000000000000000000, 0.0000000000000000000 ) ) ;
#677 = DIRECTION ( 'NONE',  ( -0.0000000000000000000, 1.000000000000000000, 0.0000000000000000000 ) ) ;
#678 = FILL_AREA_STYLE_COLOUR ( '', #1968 ) ;
#679 = ORIENTED_EDGE ( 'NONE', *, *, #1462, .F. ) ;
#680 =( NAMED_UNIT ( * ) PLANE_ANGLE_UNIT ( ) SI_UNIT ( $, .RADIAN. ) );
#681 = VERTEX_POINT ( 'NONE', #709 ) ;
#682 = ORIENTED_EDGE ( 'NONE', *, *, #209, .F. ) ;
#683 = ADVANCED_FACE ( 'NONE', ( #410 ), #1173, .T. ) ;
#684 = FILL_AREA_STYLE_COLOUR ( '', #202 ) ;
#685 = CARTESIAN_POINT ( 'NONE',  ( 5.049999999999999822, -2.399999999999999911, 0.0000000000000000000 ) ) ;
#686 = CARTESIAN_POINT ( 'NONE',  ( 5.049999999999999822, 15.10000000000000142, 0.0000000000000000000 ) ) ;
#687 = VECTOR ( 'NONE', #922, 1000.000000000000000 ) ;
#688 = LINE ( 'NONE', #1614, #857 ) ;
#689 = VECTOR ( 'NONE', #1075, 1000.000000000000000 ) ;
#690 = ORIENTED_EDGE ( 'NONE', *, *, #1303, .T. ) ;
#691 = MECHANICAL_DESIGN_GEOMETRIC_PRESENTATION_REPRESENTATION (  '', ( #1150 ), #157 ) ;
#692 = CYLINDRICAL_SURFACE ( 'NONE', #1720, 1.000000000000000888 ) ;
#693 = CARTESIAN_POINT ( 'NONE',  ( -4.049999999999999822, 0.2000000000000000944, 12.00000000000000000 ) ) ;
#694 = EDGE_CURVE ( 'NONE', #1834, #1429, #1667, .T. ) ;
#695 = DIRECTION ( 'NONE',  ( 0.0000000000000000000, 1.000000000000000000, 0.0000000000000000000 ) ) ;
#696 = EDGE_CURVE ( 'NONE', #78, #1538, #723, .T. ) ;
#697 = CARTESIAN_POINT ( 'NONE',  ( -4.250000000000000000, 16.39999999999999858, 15.00000000000000000 ) ) ;
#698 = STYLED_ITEM ( 'NONE', ( #471 ), #895 ) ;
#699 = FILL_AREA_STYLE ('',( #1810 ) ) ;
#700 = CARTESIAN_POINT ( 'NONE',  ( 4.049999999999999822, -2.399999999999999911, 13.00000000000000178 ) ) ;
#701 = VECTOR ( 'NONE', #197, 1000.000000000000000 ) ;
#702 = VECTOR ( 'NONE', #267, 1000.000000000000000 ) ;
#703 = CARTESIAN_POINT ( 'NONE',  ( 0.0000000000000000000, -0.5999999999999999778, 7.900000000000000355 ) ) ;
#704 = VECTOR ( 'NONE', #1601, 1000.000000000000000 ) ;
#705 = EDGE_CURVE ( 'NONE', #139, #411, #1363, .T. ) ;
#706 = DIRECTION ( 'NONE',  ( 0.0000000000000000000, -0.0000000000000000000, 1.000000000000000000 ) ) ;
#707 = CARTESIAN_POINT ( 'NONE',  ( 0.6499999999600000189, 14.90000000000000036, -5.799999999999999822 ) ) ;
#708 = ADVANCED_FACE ( 'NONE', ( #1801 ), #1026, .T. ) ;
#709 = CARTESIAN_POINT ( 'NONE',  ( 5.049999999999999822, 1.500000000000000222, 11.50000000000000178 ) ) ;
#710 = LINE ( 'NONE', #1822, #1684 ) ;
#711 = DIRECTION ( 'NONE',  ( 0.0000000000000000000, 1.845450506358305818E-16, 1.000000000000000000 ) ) ;
#712 = DIRECTION ( 'NONE',  ( 0.0000000000000000000, 0.0000000000000000000, 1.000000000000000000 ) ) ;
#713 = LINE ( 'NONE', #1033, #1554 ) ;
#714 = ADVANCED_FACE ( 'NONE', ( #1043 ), #1500, .F. ) ;
#715 = DIRECTION ( 'NONE',  ( 0.0000000000000000000, -1.000000000000000000, 2.220446049250000002E-16 ) ) ;
#716 = AXIS2_PLACEMENT_3D ( 'NONE', #1563, #171, #591 ) ;
#717 = MECHANICAL_DESIGN_GEOMETRIC_PRESENTATION_REPRESENTATION (  '', ( #125 ), #1650 ) ;
#718 = DIRECTION ( 'NONE',  ( 0.0000000000000000000, 0.0000000000000000000, 1.000000000000000000 ) ) ;
#719 = VECTOR ( 'NONE', #1141, 1000.000000000000000 ) ;
#720 = APPLICATION_CONTEXT ( 'automotive_design' ) ;
#721 = ORIENTED_EDGE ( 'NONE', *, *, #1713, .T. ) ;
#722 = UNCERTAINTY_MEASURE_WITH_UNIT (LENGTH_MEASURE( 1.000000000000000082E-05 ), #741, 'distance_accuracy_value', 'NONE');
#723 = LINE ( 'NONE', #266, #196 ) ;
#724 = FACE_OUTER_BOUND ( 'NONE', #315, .T. ) ;
#725 = VECTOR ( 'NONE', #1114, 1000.000000000000000 ) ;
#726 = ADVANCED_FACE ( 'NONE', ( #168 ), #145, .F. ) ;
#727 = CIRCLE ( 'NONE', #1090, 2.049999999999999822 ) ;
#728 = DIRECTION ( 'NONE',  ( -2.736911063134000260E-48, -3.761954308170465814E-80, -1.000000000000000000 ) ) ;
#729 = STYLED_ITEM ( 'NONE', ( #943 ), #1562 ) ;
#730 = CARTESIAN_POINT ( 'NONE',  ( 0.6500000000000003553, -2.399999999999999911, 0.0000000000000000000 ) ) ;
#731 = SURFACE_SIDE_STYLE ('',( #1342 ) ) ;
#732 = ORIENTED_EDGE ( 'NONE', *, *, #936, .F. ) ;
#733 = PLANE ( 'NONE',  #1213 ) ;
#734 = CARTESIAN_POINT ( 'NONE',  ( -5.049999999999999822, 1.500000000000000000, 0.0000000000000000000 ) ) ;
#735 = SURFACE_STYLE_USAGE ( .BOTH. , #1823 ) ;
#736 = VERTEX_POINT ( 'NONE', #911 ) ;
#737 = CARTESIAN_POINT ( 'NONE',  ( -0.6499999999716666865, 16.10000000000166764, -5.799999999998332711 ) ) ;
#738 = EDGE_CURVE ( 'NONE', #31, #736, #1254, .T. ) ;
#739 = VERTEX_POINT ( 'NONE', #1838 ) ;
#740 = UNCERTAINTY_MEASURE_WITH_UNIT (LENGTH_MEASURE( 1.000000000000000082E-05 ), #1884, 'distance_accuracy_value', 'NONE');
#741 =( LENGTH_UNIT ( ) NAMED_UNIT ( * ) SI_UNIT ( .MILLI., .METRE. ) );
#742 = ORIENTED_EDGE ( 'NONE', *, *, #472, .T. ) ;
#743 = VERTEX_POINT ( 'NONE', #20 ) ;
#744 = CARTESIAN_POINT ( 'NONE',  ( -0.6500000000000003553, -2.399999999999999911, 0.0000000000000000000 ) ) ;
#745 = SURFACE_STYLE_FILL_AREA ( #306 ) ;
#746 = VECTOR ( 'NONE', #676, 1000.000000000000000 ) ;
#747 = VERTEX_POINT ( 'NONE', #442 ) ;
#748 = MECHANICAL_DESIGN_GEOMETRIC_PRESENTATION_REPRESENTATION (  '', ( #1081 ), #530 ) ;
#749 = EDGE_CURVE ( 'NONE', #78, #1836, #1788, .T. ) ;
#750 = DIRECTION ( 'NONE',  ( 0.0000000000000000000, 1.000000000000000000, 0.0000000000000000000 ) ) ;
#751 = PRESENTATION_LAYER_ASSIGNMENT (  '', '', ( #533 ) ) ;
#752 = ORIENTED_EDGE ( 'NONE', *, *, #556, .F. ) ;
#753 = DIRECTION ( 'NONE',  ( 0.0000000000000000000, 1.000000000000000000, 0.0000000000000000000 ) ) ;
#754 = ORIENTED_EDGE ( 'NONE', *, *, #484, .T. ) ;
#755 = CARTESIAN_POINT ( 'NONE',  ( -0.4499999999600004519, 14.90000000000000036, -6.000000000000000000 ) ) ;
#756 = DIRECTION ( 'NONE',  ( 0.5773502691896256200, -0.5773502691896269523, 0.5773502691896246208 ) ) ;
#757 = AXIS2_PLACEMENT_3D ( 'NONE', #373, #1125, #828 ) ;
#758 = DIRECTION ( 'NONE',  ( 1.000000000000000000, 0.0000000000000000000, -0.0000000000000000000 ) ) ;
#759 = PRESENTATION_STYLE_ASSIGNMENT (( #608 ) ) ;
#760 = ORIENTED_EDGE ( 'NONE', *, *, #1767, .T. ) ;
#761 = UNCERTAINTY_MEASURE_WITH_UNIT (LENGTH_MEASURE( 1.000000000000000082E-05 ), #427, 'distance_accuracy_value', 'NONE');
#762 = AXIS2_PLACEMENT_3D ( 'NONE', #1455, #1779, #986 ) ;
#763 = EDGE_CURVE ( 'NONE', #1953, #1392, #338, .T. ) ;
#764 = DIRECTION ( 'NONE',  ( 0.0000000000000000000, 1.845450506358305818E-16, 1.000000000000000000 ) ) ;
#765 = DIRECTION ( 'NONE',  ( 0.0000000000000000000, 0.0000000000000000000, 1.000000000000000000 ) ) ;
#766 = ADVANCED_FACE ( 'NONE', ( #1406 ), #1694, .T. ) ;
#767 = LINE ( 'NONE', #1257, #32 ) ;
#768 = LINE ( 'NONE', #192, #689 ) ;
#769 = ORIENTED_EDGE ( 'NONE', *, *, #1896, .F. ) ;
#770 = FILL_AREA_STYLE ('',( #1069 ) ) ;
#771 = ORIENTED_EDGE ( 'NONE', *, *, #1184, .T. ) ;
#772 = CARTESIAN_POINT ( 'NONE',  ( -0.6500000000000001332, -2.400000000000000355, 3.245163805245065092 ) ) ;
#773 =( NAMED_UNIT ( * ) PLANE_ANGLE_UNIT ( ) SI_UNIT ( $, .RADIAN. ) );
#774 = VERTEX_POINT ( 'NONE', #1861 ) ;
#775 = CARTESIAN_POINT ( 'NONE',  ( 0.6500000000000001332, 0.5999999999999999778, 3.953165825626999919 ) ) ;
#776 = DIRECTION ( 'NONE',  ( 0.0000000000000000000, 1.000000000000000000, 0.0000000000000000000 ) ) ;
#777 = FILL_AREA_STYLE ('',( #601 ) ) ;
#778 = ORIENTED_EDGE ( 'NONE', *, *, #119, .T. ) ;
#779 = ORIENTED_EDGE ( 'NONE', *, *, #1459, .T. ) ;
#780 =( LENGTH_UNIT ( ) NAMED_UNIT ( * ) SI_UNIT ( .MILLI., .METRE. ) );
#781 = EDGE_CURVE ( 'NONE', #1005, #1429, #329, .T. ) ;
#782 = ORIENTED_EDGE ( 'NONE', *, *, #984, .F. ) ;
#783 = CARTESIAN_POINT ( 'NONE',  ( 0.6500000000000001332, -5.000000000000000888, 3.245163805245065092 ) ) ;
#784 = CARTESIAN_POINT ( 'NONE',  ( -0.6500000000000001332, -0.5999999999999999778, -6.000000000000000000 ) ) ;
#785 = ORIENTED_EDGE ( 'NONE', *, *, #1381, .T. ) ;
#786 = CARTESIAN_POINT ( 'NONE',  ( 0.0000000000000000000, 16.10000000000000142, 7.899999999999997691 ) ) ;
#787 = CARTESIAN_POINT ( 'NONE',  ( -0.4500000000000003997, 0.5999999999999999778, -6.000000000000000000 ) ) ;
#788 = VECTOR ( 'NONE', #875, 1000.000000000000000 ) ;
#789 = FACE_OUTER_BOUND ( 'NONE', #1765, .T. ) ;
#790 = DIRECTION ( 'NONE',  ( 0.0000000000000000000, 0.0000000000000000000, 1.000000000000000000 ) ) ;
#791 = AXIS2_PLACEMENT_3D ( 'NONE', #1420, #617, #1099 ) ;
#792 = CARTESIAN_POINT ( 'NONE',  ( -0.6500000000000001332, 0.5999999999999999778, -6.000000000000000000 ) ) ;
#793 = CYLINDRICAL_SURFACE ( 'NONE', #716, 4.000000000000000000 ) ;
#794 = CARTESIAN_POINT ( 'NONE',  ( -5.049999999999999822, 0.2000000000000000944, 12.00000000000000000 ) ) ;
#795 = EDGE_CURVE ( 'NONE', #1450, #774, #1534, .T. ) ;
#796 = LINE ( 'NONE', #949, #800 ) ;
#797 = ORIENTED_EDGE ( 'NONE', *, *, #1289, .F. ) ;
#798 = VECTOR ( 'NONE', #1727, 1000.000000000000000 ) ;
#799 = EDGE_CURVE ( 'NONE', #1826, #78, #29, .T. ) ;
#800 = VECTOR ( 'NONE', #1942, 1000.000000000000000 ) ;
#801 = DIRECTION ( 'NONE',  ( -0.0000000000000000000, -1.000000000000000000, -0.0000000000000000000 ) ) ;
#802 = CIRCLE ( 'NONE', #81, 1.000000000000000888 ) ;
#803 = DIRECTION ( 'NONE',  ( 1.000000000000000000, 0.0000000000000000000, -0.0000000000000000000 ) ) ;
#804 = VECTOR ( 'NONE', #1393, 1000.000000000000000 ) ;
#805 = LINE ( 'NONE', #240, #127 ) ;
#806 = EDGE_LOOP ( 'NONE', ( #148, #809, #1034, #947 ) ) ;
#807 = DIRECTION ( 'NONE',  ( -0.0000000000000000000, -0.0000000000000000000, -1.000000000000000000 ) ) ;
#808 = DIRECTION ( 'NONE',  ( -0.0000000000000000000, 0.0000000000000000000, -1.000000000000000000 ) ) ;
#809 = ORIENTED_EDGE ( 'NONE', *, *, #861, .F. ) ;
#810 = CARTESIAN_POINT ( 'NONE',  ( 0.6500000000000001332, -5.000000000000000000, 3.245163805244999811 ) ) ;
#811 = DIRECTION ( 'NONE',  ( -0.7071067811865475727, 1.874250604774800747E-16, 0.7071067811865475727 ) ) ;
#812 = UNCERTAINTY_MEASURE_WITH_UNIT (LENGTH_MEASURE( 1.000000000000000082E-05 ), #1878, 'distance_accuracy_value', 'NONE');
#813 = DIRECTION ( 'NONE',  ( 1.000000000000000000, 0.0000000000000000000, 0.0000000000000000000 ) ) ;
#814 = ORIENTED_EDGE ( 'NONE', *, *, #763, .F. ) ;
#815 = ORIENTED_EDGE ( 'NONE', *, *, #1927, .F. ) ;
#816 = ORIENTED_EDGE ( 'NONE', *, *, #1856, .T. ) ;
#817 = DIRECTION ( 'NONE',  ( 0.0000000000000000000, 1.000000000000000000, -2.220446049250000002E-16 ) ) ;
#818 = EDGE_CURVE ( 'NONE', #739, #21, #923, .T. ) ;
#819 = FACE_OUTER_BOUND ( 'NONE', #935, .T. ) ;
#820 = CIRCLE ( 'NONE', #1964, 4.699999999999999289 ) ;
#821 = ORIENTED_EDGE ( 'NONE', *, *, #1994, .F. ) ;
#822 = EDGE_CURVE ( 'NONE', #2000, #945, #1703, .T. ) ;
#823 = LINE ( 'NONE', #1004, #69 ) ;
#824 = AXIS2_PLACEMENT_3D ( 'NONE', #1131, #53, #228 ) ;
#825 = ORIENTED_EDGE ( 'NONE', *, *, #258, .T. ) ;
#826 = EDGE_LOOP ( 'NONE', ( #950, #1670, #899, #1091 ) ) ;
#827 = ORIENTED_EDGE ( 'NONE', *, *, #484, .F. ) ;
#828 = DIRECTION ( 'NONE',  ( 0.0000000000000000000, 0.0000000000000000000, 1.000000000000000000 ) ) ;
#829 =( NAMED_UNIT ( * ) PLANE_ANGLE_UNIT ( ) SI_UNIT ( $, .RADIAN. ) );
#830 = PRESENTATION_STYLE_ASSIGNMENT (( #1893 ) ) ;
#831 = MECHANICAL_DESIGN_GEOMETRIC_PRESENTATION_REPRESENTATION (  '', ( #698 ), #130 ) ;
#832 = VECTOR ( 'NONE', #1111, 1000.000000000000000 ) ;
#833 = DIRECTION ( 'NONE',  ( 0.0000000000000000000, -0.0000000000000000000, 1.000000000000000000 ) ) ;
#834 = DIRECTION ( 'NONE',  ( 0.0000000000000000000, 0.0000000000000000000, -1.000000000000000000 ) ) ;
#835 = EDGE_CURVE ( 'NONE', #1256, #836, #214, .T. ) ;
#836 = VERTEX_POINT ( 'NONE', #964 ) ;
#837 = COLOUR_RGB ( '',0.8000000000000000444, 0.8000000000000000444, 0.8000000000000000444 ) ;
#838 = DIRECTION ( 'NONE',  ( -1.000000000000000000, 0.0000000000000000000, -0.0000000000000000000 ) ) ;
#839 = ORIENTED_EDGE ( 'NONE', *, *, #1157, .F. ) ;
#840 = ORIENTED_EDGE ( 'NONE', *, *, #1912, .F. ) ;
#841 = LINE ( 'NONE', #1009, #413 ) ;
#842 = SURFACE_STYLE_USAGE ( .BOTH. , #1747 ) ;
#843 = DIRECTION ( 'NONE',  ( -1.374525595238999975E-32, 1.000000000000000000, -2.182085317882000006E-16 ) ) ;
#844 = DIRECTION ( 'NONE',  ( -8.835302081861660988E-17, -1.000000000000000000, 8.835302081861660988E-17 ) ) ;
#845 = DIRECTION ( 'NONE',  ( 0.0000000000000000000, -1.000000000000000000, 2.220446049250000002E-16 ) ) ;
#846 = LINE ( 'NONE', #345, #566 ) ;
#847 = EDGE_CURVE ( 'NONE', #1380, #1304, #1763, .T. ) ;
#848 = EDGE_LOOP ( 'NONE', ( #1322, #958, #1423, #1385 ) ) ;
#849 = ORIENTED_EDGE ( 'NONE', *, *, #1713, .F. ) ;
#850 = CARTESIAN_POINT ( 'NONE',  ( -0.6499999999600000189, 14.90000000000000036, 0.0000000000000000000 ) ) ;
#851 =( NAMED_UNIT ( * ) SI_UNIT ( $, .STERADIAN. ) SOLID_ANGLE_UNIT ( ) );
#852 = CARTESIAN_POINT ( 'NONE',  ( 5.049999999999999822, 19.00000000000000000, 12.00000000000000000 ) ) ;
#853 = ORIENTED_EDGE ( 'NONE', *, *, #1624, .F. ) ;
#854 = FACE_OUTER_BOUND ( 'NONE', #1119, .T. ) ;
#855 = PLANE ( 'NONE',  #1813 ) ;
#856 = COLOUR_RGB ( '',0.8000000000000000444, 0.8000000000000000444, 0.8000000000000000444 ) ;
#857 = VECTOR ( 'NONE', #807, 1000.000000000000000 ) ;
#858 = EDGE_CURVE ( 'NONE', #13, #343, #249, .T. ) ;
#859 = VERTEX_POINT ( 'NONE', #1367 ) ;
#860 =( LENGTH_UNIT ( ) NAMED_UNIT ( * ) SI_UNIT ( .MILLI., .METRE. ) );
#861 = EDGE_CURVE ( 'NONE', #747, #932, #1678, .T. ) ;
#862 =( LENGTH_UNIT ( ) NAMED_UNIT ( * ) SI_UNIT ( .MILLI., .METRE. ) );
#863 = ORIENTED_EDGE ( 'NONE', *, *, #151, .F. ) ;
#864 = LINE ( 'NONE', #1189, #429 ) ;
#865 = DIRECTION ( 'NONE',  ( 0.0000000000000000000, 2.230894258320999957E-16, 1.000000000000000000 ) ) ;
#866 = CARTESIAN_POINT ( 'NONE',  ( 0.6499999999799808137, 16.10000000000000142, 3.953165825623527585 ) ) ;
#867 = MECHANICAL_DESIGN_GEOMETRIC_PRESENTATION_REPRESENTATION (  '', ( #1751 ), #6 ) ;
#868 = MECHANICAL_DESIGN_GEOMETRIC_PRESENTATION_REPRESENTATION (  '', ( #1419 ), #961 ) ;
#869 = MECHANICAL_DESIGN_GEOMETRIC_PRESENTATION_REPRESENTATION (  '', ( #1659 ), #1357 ) ;
#870 = DIRECTION ( 'NONE',  ( -0.7071067811865475727, 1.249500403183200498E-16, 0.7071067811865475727 ) ) ;
#871 = VECTOR ( 'NONE', #507, 1000.000000000000000 ) ;
#872 = ORIENTED_EDGE ( 'NONE', *, *, #1290, .T. ) ;
#873 = ADVANCED_FACE ( 'NONE', ( #1556 ), #1205, .T. ) ;
#874 = DIRECTION ( 'NONE',  ( 0.0000000000000000000, -0.0000000000000000000, 1.000000000000000000 ) ) ;
#875 = DIRECTION ( 'NONE',  ( 1.000000000000000000, 0.0000000000000000000, 0.0000000000000000000 ) ) ;
#876 = DIRECTION ( 'NONE',  ( 0.0000000000000000000, 1.000000000000000000, -2.230894258320999957E-16 ) ) ;
#877 = CARTESIAN_POINT ( 'NONE',  ( 0.6499999999600000189, 16.10000000000000142, -5.799999999999999822 ) ) ;
#878 = LINE ( 'NONE', #1654, #497 ) ;
#879 = CARTESIAN_POINT ( 'NONE',  ( -0.6499999999933335770, 19.00000000000000000, 0.0000000000000000000 ) ) ;
#880 = LINE ( 'NONE', #1947, #1919 ) ;
#881 = VERTEX_POINT ( 'NONE', #1403 ) ;
#882 = EDGE_CURVE ( 'NONE', #1335, #859, #163, .T. ) ;
#883 = CARTESIAN_POINT ( 'NONE',  ( -0.6500000000000002442, -5.000000000000000888, 3.245163805245065092 ) ) ;
#884 = ORIENTED_EDGE ( 'NONE', *, *, #1990, .T. ) ;
#885 = EDGE_CURVE ( 'NONE', #1250, #1953, #295, .T. ) ;
#886 = CARTESIAN_POINT ( 'NONE',  ( 5.049999999999999822, -2.399999999999999911, 0.0000000000000000000 ) ) ;
#887 = PRODUCT_CONTEXT ( 'NONE', #720, 'mechanical' ) ;
#888 = STYLED_ITEM ( 'NONE', ( #1062 ), #714 ) ;
#889 =( NAMED_UNIT ( * ) PLANE_ANGLE_UNIT ( ) SI_UNIT ( $, .RADIAN. ) );
#890 = VERTEX_POINT ( 'NONE', #772 ) ;
#891 = CARTESIAN_POINT ( 'NONE',  ( -0.6500000000000001332, 0.5000000000000000000, -5.900000000000000355 ) ) ;
#892 = AXIS2_PLACEMENT_3D ( 'NONE', #440, #1230, #599 ) ;
#893 =( NAMED_UNIT ( * ) SI_UNIT ( $, .STERADIAN. ) SOLID_ANGLE_UNIT ( ) );
#894 = STYLED_ITEM ( 'NONE', ( #122 ), #1171 ) ;
#895 = ADVANCED_FACE ( 'NONE', ( #16 ), #1991, .T. ) ;
#896 = DIRECTION ( 'NONE',  ( -0.0000000000000000000, 0.0000000000000000000, -1.000000000000000000 ) ) ;
#897 = VECTOR ( 'NONE', #118, 1000.000000000000000 ) ;
#898 =( LENGTH_UNIT ( ) NAMED_UNIT ( * ) SI_UNIT ( .MILLI., .METRE. ) );
#899 = ORIENTED_EDGE ( 'NONE', *, *, #976, .F. ) ;
#900 = DIRECTION ( 'NONE',  ( 0.0000000000000000000, 1.000000000000000000, -2.220446049250000002E-16 ) ) ;
#901 = DIRECTION ( 'NONE',  ( -0.0000000000000000000, -1.000000000000000000, -0.0000000000000000000 ) ) ;
#902 = PLANE ( 'NONE',  #541 ) ;
#903 = ORIENTED_EDGE ( 'NONE', *, *, #976, .T. ) ;
#904 = VERTEX_POINT ( 'NONE', #1059 ) ;
#905 = EDGE_CURVE ( 'NONE', #528, #2003, #1689, .T. ) ;
#906 = CARTESIAN_POINT ( 'NONE',  ( 0.0000000000000000000, 19.00000000000000000, 11.90000000000000036 ) ) ;
#907 = ORIENTED_EDGE ( 'NONE', *, *, #641, .T. ) ;
#908 =( NAMED_UNIT ( * ) SI_UNIT ( $, .STERADIAN. ) SOLID_ANGLE_UNIT ( ) );
#909 = CARTESIAN_POINT ( 'NONE',  ( -4.250000000000000000, 15.10000000000000142, 12.97979589711313686 ) ) ;
#910 = EDGE_LOOP ( 'NONE', ( #1460, #365, #1332, #1626, #1647 ) ) ;
#911 = CARTESIAN_POINT ( 'NONE',  ( 0.6499999999600000189, 14.90000000000000213, 0.0000000000000000000 ) ) ;
#912 = ORIENTED_EDGE ( 'NONE', *, *, #861, .T. ) ;
#913 = LINE ( 'NONE', #1741, #261 ) ;
#914 = SURFACE_SIDE_STYLE ('',( #745 ) ) ;
#915 = AXIS2_PLACEMENT_3D ( 'NONE', #1416, #483, #493 ) ;
#916 = EDGE_CURVE ( 'NONE', #532, #368, #1849, .T. ) ;
#917 = ORIENTED_EDGE ( 'NONE', *, *, #1610, .T. ) ;
#918 = FILL_AREA_STYLE ('',( #1252 ) ) ;
#919 = EDGE_CURVE ( 'NONE', #932, #1691, #642, .T. ) ;
#920 = VECTOR ( 'NONE', #1625, 1000.000000000000000 ) ;
#921 = ORIENTED_EDGE ( 'NONE', *, *, #1687, .T. ) ;
#922 = DIRECTION ( 'NONE',  ( 0.0000000000000000000, 1.000000000000000000, 0.0000000000000000000 ) ) ;
#923 = LINE ( 'NONE', #1523, #959 ) ;
#924 = PRESENTATION_STYLE_ASSIGNMENT (( #1704 ) ) ;
#925 = ORIENTED_EDGE ( 'NONE', *, *, #1840, .T. ) ;
#926 = ORIENTED_EDGE ( 'NONE', *, *, #1575, .T. ) ;
#927 = FACE_OUTER_BOUND ( 'NONE', #1379, .T. ) ;
#928 = ORIENTED_EDGE ( 'NONE', *, *, #696, .F. ) ;
#929 = VECTOR ( 'NONE', #901, 1000.000000000000000 ) ;
#930 = DIRECTION ( 'NONE',  ( -0.0000000000000000000, -1.000000000000000000, -0.0000000000000000000 ) ) ;
#931 = VECTOR ( 'NONE', #728, 1000.000000000000000 ) ;
#932 = VERTEX_POINT ( 'NONE', #58 ) ;
#933 = VECTOR ( 'NONE', #1027, 1000.000000000000000 ) ;
#934 = CARTESIAN_POINT ( 'NONE',  ( 0.6499999999600000189, 15.00000000000000000, -5.900000000000000355 ) ) ;
#935 = EDGE_LOOP ( 'NONE', ( #354, #863, #480, #518, #1237, #1167, #1240, #377, #1629, #1216, #1738, #1503, #994, #1313, #583, #1572, #1830, #1875, #682, #1372, #571, #1107, #1926, #1607, #1863, #1576, #670, #490, #603, #246, #68, #1473 ) ) ;
#936 = EDGE_CURVE ( 'NONE', #1778, #340, #1734, .T. ) ;
#937 = CARTESIAN_POINT ( 'NONE',  ( -4.049999999999999822, 16.39999999999999858, 12.00000000000000000 ) ) ;
#938 = FILL_AREA_STYLE_COLOUR ( '', #1480 ) ;
#939 = ORIENTED_EDGE ( 'NONE', *, *, #291, .T. ) ;
#940 = CARTESIAN_POINT ( 'NONE',  ( -0.6500000000000001332, -0.6000000000000000888, -5.799999999999999822 ) ) ;
#941 = CARTESIAN_POINT ( 'NONE',  ( 5.049999999999999822, 19.00000000000000000, 0.0000000000000000000 ) ) ;
#942 = DIRECTION ( 'NONE',  ( 0.0000000000000000000, -0.0000000000000000000, 1.000000000000000000 ) ) ;
#943 = PRESENTATION_STYLE_ASSIGNMENT (( #1086 ) ) ;
#944 = EDGE_CURVE ( 'NONE', #1392, #331, #491, .T. ) ;
#945 = VERTEX_POINT ( 'NONE', #1890 ) ;
#946 = EDGE_LOOP ( 'NONE', ( #190, #1050, #543, #1531 ) ) ;
#947 = ORIENTED_EDGE ( 'NONE', *, *, #1236, .F. ) ;
#948 = LINE ( 'NONE', #755, #1707 ) ;
#949 = CARTESIAN_POINT ( 'NONE',  ( -5.049999999999999822, -2.399999999999999911, 0.0000000000000000000 ) ) ;
#950 = ORIENTED_EDGE ( 'NONE', *, *, #818, .T. ) ;
#951 = CARTESIAN_POINT ( 'NONE',  ( 4.049999999999999822, -2.399999999999999911, 12.00000000000000000 ) ) ;
#952 = DIRECTION ( 'NONE',  ( -0.0000000000000000000, 0.0000000000000000000, -1.000000000000000000 ) ) ;
#953 = LINE ( 'NONE', #52, #512 ) ;
#954 = STYLED_ITEM ( 'NONE', ( #1696 ), #567 ) ;
#955 = ORIENTED_EDGE ( 'NONE', *, *, #1927, .T. ) ;
#956 = CARTESIAN_POINT ( 'NONE',  ( -4.250000000000000000, 1.500000000000000222, 0.0000000000000000000 ) ) ;
#957 = CARTESIAN_POINT ( 'NONE',  ( 0.6500000000000001332, 19.00000000000000000, -6.000000000000000000 ) ) ;
#958 = ORIENTED_EDGE ( 'NONE', *, *, #1147, .F. ) ;
#959 = VECTOR ( 'NONE', #1073, 1000.000000000000000 ) ;
#960 = DIRECTION ( 'NONE',  ( -0.0000000000000000000, -1.000000000000000000, 2.220446049250000002E-16 ) ) ;
#961 =( GEOMETRIC_REPRESENTATION_CONTEXT ( 3 ) GLOBAL_UNCERTAINTY_ASSIGNED_CONTEXT ( ( #18 ) ) GLOBAL_UNIT_ASSIGNED_CONTEXT ( ( #1070, #1982, #596 ) ) REPRESENTATION_CONTEXT ( 'NONE', 'WORKASPACE' ) );
#962 = CARTESIAN_POINT ( 'NONE',  ( -4.250000000000000000, 1.500000000000000000, 12.97979589711300008 ) ) ;
#963 = COLOUR_RGB ( '',0.8000000000000000444, 0.8000000000000000444, 0.8000000000000000444 ) ;
#964 = CARTESIAN_POINT ( 'NONE',  ( -0.6499999999700001307, 14.90000000000000036, -5.799999999999999822 ) ) ;
#965 = DIRECTION ( 'NONE',  ( -0.5773502691896215122, 0.5773502691896279515, 0.5773502691896279515 ) ) ;
#966 = VECTOR ( 'NONE', #706, 1000.000000000000000 ) ;
#967 = FACE_OUTER_BOUND ( 'NONE', #1769, .T. ) ;
#968 = SURFACE_STYLE_FILL_AREA ( #1932 ) ;
#969 = ORIENTED_EDGE ( 'NONE', *, *, #455, .T. ) ;
#970 = CARTESIAN_POINT ( 'NONE',  ( -0.6500000000000001332, -0.5999999999999996447, 0.0000000000000000000 ) ) ;
#971 = FACE_OUTER_BOUND ( 'NONE', #1122, .T. ) ;
#972 = EDGE_CURVE ( 'NONE', #1072, #31, #235, .T. ) ;
#973 = ORIENTED_EDGE ( 'NONE', *, *, #1960, .T. ) ;
#974 = ORIENTED_EDGE ( 'NONE', *, *, #705, .T. ) ;
#975 = CARTESIAN_POINT ( 'NONE',  ( -5.049999999999999822, -2.399999999999999911, 0.0000000000000000000 ) ) ;
#976 = EDGE_CURVE ( 'NONE', #1100, #1243, #650, .T. ) ;
#977 = UNCERTAINTY_MEASURE_WITH_UNIT (LENGTH_MEASURE( 1.000000000000000082E-05 ), #1846, 'distance_accuracy_value', 'NONE');
#978 =( NAMED_UNIT ( * ) PLANE_ANGLE_UNIT ( ) SI_UNIT ( $, .RADIAN. ) );
#979 = DIRECTION ( 'NONE',  ( 0.5773502691896263972, 0.5773502691896258421, -0.5773502691896250649 ) ) ;
#980 = CARTESIAN_POINT ( 'NONE',  ( 0.0000000000000000000, -0.6000000000000004219, 5.850000000000001421 ) ) ;
#981 = ORIENTED_EDGE ( 'NONE', *, *, #614, .F. ) ;
#982 =( NAMED_UNIT ( * ) PLANE_ANGLE_UNIT ( ) SI_UNIT ( $, .RADIAN. ) );
#983 = ORIENTED_EDGE ( 'NONE', *, *, #1753, .F. ) ;
#984 = EDGE_CURVE ( 'NONE', #1494, #606, #1101, .T. ) ;
#985 = LINE ( 'NONE', #1306, #1260 ) ;
#986 = DIRECTION ( 'NONE',  ( -0.0000000000000000000, 0.0000000000000000000, 1.000000000000000000 ) ) ;
#987 = FILL_AREA_STYLE_COLOUR ( '', #1996 ) ;
#988 = EDGE_CURVE ( 'NONE', #1153, #1866, #185, .T. ) ;
#989 = LINE ( 'NONE', #94, #1389 ) ;
#990 =( GEOMETRIC_REPRESENTATION_CONTEXT ( 3 ) GLOBAL_UNCERTAINTY_ASSIGNED_CONTEXT ( ( #1922 ) ) GLOBAL_UNIT_ASSIGNED_CONTEXT ( ( #1984, #1370, #1208 ) ) REPRESENTATION_CONTEXT ( 'NONE', 'WORKASPACE' ) );
#991 = EDGE_LOOP ( 'NONE', ( #1528, #983, #648, #82 ) ) ;
#992 = DIRECTION ( 'NONE',  ( 0.0000000000000000000, 0.0000000000000000000, 1.000000000000000000 ) ) ;
#993 = PRESENTATION_LAYER_ASSIGNMENT (  '', '', ( #1150 ) ) ;
#994 = ORIENTED_EDGE ( 'NONE', *, *, #694, .F. ) ;
#995 = FACE_OUTER_BOUND ( 'NONE', #946, .T. ) ;
#996 = ORIENTED_EDGE ( 'NONE', *, *, #905, .T. ) ;
#997 = EDGE_LOOP ( 'NONE', ( #674, #1231, #233, #1442, #771, #309, #955, #1152, #1362, #1388, #659, #1744 ) ) ;
#998 = CARTESIAN_POINT ( 'NONE',  ( 4.049999999999999822, 19.00000000000000000, 12.00000000000000000 ) ) ;
#999 = LINE ( 'NONE', #524, #871 ) ;
#1000 = VECTOR ( 'NONE', #1365, 1000.000000000000000 ) ;
#1001 = FACE_OUTER_BOUND ( 'NONE', #910, .T. ) ;
#1002 = EDGE_CURVE ( 'NONE', #1889, #63, #506, .T. ) ;
#1003 = CARTESIAN_POINT ( 'NONE',  ( 4.049999999999999822, -2.399999999999999911, 12.00000000000000000 ) ) ;
#1004 = CARTESIAN_POINT ( 'NONE',  ( -0.6500000000000001332, -5.000000000000000000, 3.953165825627000807 ) ) ;
#1005 = VERTEX_POINT ( 'NONE', #1443 ) ;
#1006 =( GEOMETRIC_REPRESENTATION_CONTEXT ( 3 ) GLOBAL_UNCERTAINTY_ASSIGNED_CONTEXT ( ( #1522 ) ) GLOBAL_UNIT_ASSIGNED_CONTEXT ( ( #643, #829, #1609 ) ) REPRESENTATION_CONTEXT ( 'NONE', 'WORKASPACE' ) );
#1007 = LINE ( 'NONE', #1627, #1183 ) ;
#1008 = ORIENTED_EDGE ( 'NONE', *, *, #1994, .T. ) ;
#1009 = CARTESIAN_POINT ( 'NONE',  ( 0.4500000000000003997, -0.4000000000000004663, -6.000000000000000000 ) ) ;
#1010 = FILL_AREA_STYLE ('',( #1350 ) ) ;
#1011 = SURFACE_STYLE_USAGE ( .BOTH. , #731 ) ;
#1012 = DIRECTION ( 'NONE',  ( -1.000000000000000000, -0.0000000000000000000, -0.0000000000000000000 ) ) ;
#1013 =( LENGTH_UNIT ( ) NAMED_UNIT ( * ) SI_UNIT ( .MILLI., .METRE. ) );
#1014 = LINE ( 'NONE', #1280, #701 ) ;
#1015 = EDGE_CURVE ( 'NONE', #1429, #1225, #1905, .T. ) ;
#1016 = PLANE ( 'NONE',  #431 ) ;
#1017 = DIRECTION ( 'NONE',  ( 0.0000000000000000000, -0.0000000000000000000, -1.000000000000000000 ) ) ;
#1018 = CARTESIAN_POINT ( 'NONE',  ( -4.250000000000000000, 16.39999999999999858, 12.97979589711313686 ) ) ;
#1019 = PLANE ( 'NONE',  #230 ) ;
#1020 = CARTESIAN_POINT ( 'NONE',  ( -0.6500000000000001332, 0.5999999999999999778, -6.000000000000000000 ) ) ;
#1021 = CARTESIAN_POINT ( 'NONE',  ( -4.049999999999999822, -2.399999999999999911, 12.00000000000000000 ) ) ;
#1022 = EDGE_CURVE ( 'NONE', #21, #340, #357, .T. ) ;
#1023 = CARTESIAN_POINT ( 'NONE',  ( 0.0000000000000000000, 16.10000000000000142, 11.90000000000000036 ) ) ;
#1024 = DIRECTION ( 'NONE',  ( 0.0000000000000000000, 0.0000000000000000000, -1.000000000000000000 ) ) ;
#1025 = AXIS2_PLACEMENT_3D ( 'NONE', #581, #776, #790 ) ;
#1026 = PLANE ( 'NONE',  #1446 ) ;
#1027 = DIRECTION ( 'NONE',  ( 0.0000000000000000000, 0.0000000000000000000, 1.000000000000000000 ) ) ;
#1028 = AXIS2_PLACEMENT_3D ( 'NONE', #199, #960, #211 ) ;
#1029 = ORIENTED_EDGE ( 'NONE', *, *, #799, .T. ) ;
#1030 =( GEOMETRIC_REPRESENTATION_CONTEXT ( 3 ) GLOBAL_UNCERTAINTY_ASSIGNED_CONTEXT ( ( #222 ) ) GLOBAL_UNIT_ASSIGNED_CONTEXT ( ( #860, #1484, #1955 ) ) REPRESENTATION_CONTEXT ( 'NONE', 'WORKASPACE' ) );
#1031 = LINE ( 'NONE', #850, #270 ) ;
#1032 = EDGE_CURVE ( 'NONE', #1870, #1826, #510, .T. ) ;
#1033 = CARTESIAN_POINT ( 'NONE',  ( -4.250000000000000000, 16.39999999999999858, 0.0000000000000000000 ) ) ;
#1034 = ORIENTED_EDGE ( 'NONE', *, *, #472, .F. ) ;
#1035 = UNCERTAINTY_MEASURE_WITH_UNIT (LENGTH_MEASURE( 1.000000000000000082E-05 ), #159, 'distance_accuracy_value', 'NONE');
#1036 = CARTESIAN_POINT ( 'NONE',  ( 0.6499999999600000189, 14.90000000000000213, 0.0000000000000000000 ) ) ;
#1037 = DIRECTION ( 'NONE',  ( 0.0000000000000000000, -0.7071067811865475727, 0.7071067811865475727 ) ) ;
#1038 = DIRECTION ( 'NONE',  ( -0.0000000000000000000, -1.000000000000000000, 0.0000000000000000000 ) ) ;
#1039 = LINE ( 'NONE', #568, #1000 ) ;
#1040 = SURFACE_STYLE_USAGE ( .BOTH. , #1334 ) ;
#1041 = DIRECTION ( 'NONE',  ( -0.0000000000000000000, -1.000000000000000000, 0.0000000000000000000 ) ) ;
#1042 = EDGE_CURVE ( 'NONE', #63, #2003, #1760, .T. ) ;
#1043 = FACE_OUTER_BOUND ( 'NONE', #1196, .T. ) ;
#1044 = ORIENTED_EDGE ( 'NONE', *, *, #781, .F. ) ;
#1045 = VECTOR ( 'NONE', #1200, 1000.000000000000000 ) ;
#1046 = VECTOR ( 'NONE', #1269, 1000.000000000000000 ) ;
#1047 = CARTESIAN_POINT ( 'NONE',  ( 5.650000000000000355, 1.500000000000000000, 11.50000000000000000 ) ) ;
#1048 = AXIS2_PLACEMENT_3D ( 'NONE', #1201, #1190, #549 ) ;
#1049 = FILL_AREA_STYLE ('',( #296 ) ) ;
#1050 = ORIENTED_EDGE ( 'NONE', *, *, #669, .T. ) ;
#1051 = DIRECTION ( 'NONE',  ( 0.0000000000000000000, 1.000000000000000000, -0.0000000000000000000 ) ) ;
#1052 = DIRECTION ( 'NONE',  ( 0.0000000000000000000, 0.0000000000000000000, 1.000000000000000000 ) ) ;
#1053 = EDGE_CURVE ( 'NONE', #1142, #743, #727, .T. ) ;
#1054 = ORIENTED_EDGE ( 'NONE', *, *, #1854, .T. ) ;
#1055 = ORIENTED_EDGE ( 'NONE', *, *, #1095, .F. ) ;
#1056 = PRESENTATION_LAYER_ASSIGNMENT (  '', '', ( #1659 ) ) ;
#1057 = VECTOR ( 'NONE', #570, 1000.000000000000000 ) ;
#1058 = ORIENTED_EDGE ( 'NONE', *, *, #1506, .F. ) ;
#1059 = CARTESIAN_POINT ( 'NONE',  ( 0.6500000000000001332, -0.6000000000000000888, -5.799999999999999822 ) ) ;
#1060 = LINE ( 'NONE', #1690, #360 ) ;
#1061 = VERTEX_POINT ( 'NONE', #221 ) ;
#1062 = PRESENTATION_STYLE_ASSIGNMENT (( #611 ) ) ;
#1063 =( NAMED_UNIT ( * ) PLANE_ANGLE_UNIT ( ) SI_UNIT ( $, .RADIAN. ) );
#1064 = ORIENTED_EDGE ( 'NONE', *, *, #522, .F. ) ;
#1065 = EDGE_CURVE ( 'NONE', #1866, #1061, #1295, .T. ) ;
#1066 = SURFACE_STYLE_USAGE ( .BOTH. , #445 ) ;
#1067 = ORIENTED_EDGE ( 'NONE', *, *, #1530, .T. ) ;
#1068 = EDGE_CURVE ( 'NONE', #1870, #1757, #985, .T. ) ;
#1069 = FILL_AREA_STYLE_COLOUR ( '', #1181 ) ;
#1070 =( LENGTH_UNIT ( ) NAMED_UNIT ( * ) SI_UNIT ( .MILLI., .METRE. ) );
#1071 = DIRECTION ( 'NONE',  ( -0.0000000000000000000, 1.000000000000000000, 0.0000000000000000000 ) ) ;
#1072 = VERTEX_POINT ( 'NONE', #1928 ) ;
#1073 = DIRECTION ( 'NONE',  ( 1.000000000000000000, 0.0000000000000000000, -0.0000000000000000000 ) ) ;
#1074 = SURFACE_SIDE_STYLE ('',( #1104 ) ) ;
#1075 = DIRECTION ( 'NONE',  ( 1.000000000000000000, 0.0000000000000000000, -0.0000000000000000000 ) ) ;
#1076 = VERTEX_POINT ( 'NONE', #940 ) ;
#1077 = CARTESIAN_POINT ( 'NONE',  ( 0.4499999999600004519, 15.10000000000000142, -6.000000000000000000 ) ) ;
#1078 = AXIS2_PLACEMENT_3D ( 'NONE', #697, #1329, #1951 ) ;
#1079 = EDGE_CURVE ( 'NONE', #1666, #1153, #1413, .T. ) ;
#1080 = ORIENTED_EDGE ( 'NONE', *, *, #1697, .F. ) ;
#1081 = STYLED_ITEM ( 'NONE', ( #1410 ), #302 ) ;
#1082 =( NAMED_UNIT ( * ) SI_UNIT ( $, .STERADIAN. ) SOLID_ANGLE_UNIT ( ) );
#1083 = VECTOR ( 'NONE', #1795, 1000.000000000000000 ) ;
#1084 = ORIENTED_EDGE ( 'NONE', *, *, #1546, .F. ) ;
#1085 = CARTESIAN_POINT ( 'NONE',  ( -0.4499999999600003964, 15.90000000000000036, -6.000000000000000888 ) ) ;
#1086 = SURFACE_STYLE_USAGE ( .BOTH. , #1097 ) ;
#1087 = DIRECTION ( 'NONE',  ( 0.0000000000000000000, -1.000000000000000000, -0.0000000000000000000 ) ) ;
#1088 = CARTESIAN_POINT ( 'NONE',  ( 0.4500000000000004552, -0.4000000000000005773, -6.000000000000000888 ) ) ;
#1089 = LINE ( 'NONE', #1121, #1299 ) ;
#1090 = AXIS2_PLACEMENT_3D ( 'NONE', #786, #1608, #336 ) ;
#1091 = ORIENTED_EDGE ( 'NONE', *, *, #1711, .T. ) ;
#1092 = STYLED_ITEM ( 'NONE', ( #924 ), #1595 ) ;
#1093 = ADVANCED_FACE ( 'NONE', ( #1581 ), #1263, .F. ) ;
#1094 = DIRECTION ( 'NONE',  ( 0.0000000000000000000, -0.7071067811865474617, 0.7071067811865474617 ) ) ;
#1095 = EDGE_CURVE ( 'NONE', #606, #1278, #1873, .T. ) ;
#1096 = DIRECTION ( 'NONE',  ( 0.0000000000000000000, 1.000000000000000000, -2.220446049250000002E-16 ) ) ;
#1097 = SURFACE_SIDE_STYLE ('',( #330 ) ) ;
#1098 = FACE_OUTER_BOUND ( 'NONE', #848, .T. ) ;
#1099 = DIRECTION ( 'NONE',  ( 0.0000000000000000000, -0.0000000000000000000, -1.000000000000000000 ) ) ;
#1100 = VERTEX_POINT ( 'NONE', #271 ) ;
#1101 = LINE ( 'NONE', #1568, #629 ) ;
#1102 = FACE_OUTER_BOUND ( 'NONE', #638, .T. ) ;
#1103 = DIRECTION ( 'NONE',  ( 1.000000000000000000, -0.0000000000000000000, 0.0000000000000000000 ) ) ;
#1104 = SURFACE_STYLE_FILL_AREA ( #443 ) ;
#1105 = EDGE_CURVE ( 'NONE', #1243, #1778, #1487, .T. ) ;
#1106 = PLANE ( 'NONE',  #2002 ) ;
#1107 = ORIENTED_EDGE ( 'NONE', *, *, #1002, .F. ) ;
#1108 = CARTESIAN_POINT ( 'NONE',  ( 0.0000000000000000000, -4.999999999999998224, 12.59999999999999964 ) ) ;
#1109 = CARTESIAN_POINT ( 'NONE',  ( 0.6500000000000002442, -5.000000000000000888, 3.953165825626911989 ) ) ;
#1110 = VERTEX_POINT ( 'NONE', #1963 ) ;
#1111 = DIRECTION ( 'NONE',  ( 0.0000000000000000000, -0.0000000000000000000, 1.000000000000000000 ) ) ;
#1112 = STYLED_ITEM ( 'NONE', ( #830 ), #281 ) ;
#1113 = FILL_AREA_STYLE ('',( #1457 ) ) ;
#1114 = DIRECTION ( 'NONE',  ( 0.0000000000000000000, -1.000000000000000000, -0.0000000000000000000 ) ) ;
#1115 = CARTESIAN_POINT ( 'NONE',  ( -4.049999999999999822, -2.399999999999999911, 13.00000000000000178 ) ) ;
#1116 = PRESENTATION_LAYER_ASSIGNMENT (  '', '', ( #1809 ) ) ;
#1117 = PRESENTATION_STYLE_ASSIGNMENT (( #1301 ) ) ;
#1118 = ADVANCED_FACE ( 'NONE', ( #1632 ), #1146, .T. ) ;
#1119 = EDGE_LOOP ( 'NONE', ( #1831, #370, #432, #1588 ) ) ;
#1120 = DIRECTION ( 'NONE',  ( 0.0000000000000000000, 0.0000000000000000000, -1.000000000000000000 ) ) ;
#1121 = CARTESIAN_POINT ( 'NONE',  ( -0.6500000000000001332, -0.5999999999999998668, -6.000000000000000000 ) ) ;
#1122 = EDGE_LOOP ( 'NONE', ( #1934, #1903, #229, #981 ) ) ;
#1123 = ORIENTED_EDGE ( 'NONE', *, *, #101, .F. ) ;
#1124 = VECTOR ( 'NONE', #1433, 1000.000000000000000 ) ;
#1125 = DIRECTION ( 'NONE',  ( -0.0000000000000000000, -1.000000000000000000, -0.0000000000000000000 ) ) ;
#1126 = PRODUCT_DEFINITION_FORMATION_WITH_SPECIFIED_SOURCE ( 'ANY', '', #1786, .NOT_KNOWN. ) ;
#1127 = LINE ( 'NONE', #1444, #247 ) ;
#1128 = VECTOR ( 'NONE', #250, 1000.000000000000000 ) ;
#1129 = DIRECTION ( 'NONE',  ( 0.0000000000000000000, -2.168404344971008868E-16, -1.000000000000000000 ) ) ;
#1130 = ORIENTED_EDGE ( 'NONE', *, *, #1589, .T. ) ;
#1131 = CARTESIAN_POINT ( 'NONE',  ( -5.049999999999999822, -2.399999999999999911, 0.0000000000000000000 ) ) ;
#1132 = ORIENTED_EDGE ( 'NONE', *, *, #576, .F. ) ;
#1133 = ADVANCED_FACE ( 'NONE', ( #117 ), #692, .T. ) ;
#1134 = PRESENTATION_STYLE_ASSIGNMENT (( #391 ) ) ;
#1135 = VERTEX_POINT ( 'NONE', #1023 ) ;
#1136 = ORIENTED_EDGE ( 'NONE', *, *, #1869, .F. ) ;
#1137 = EDGE_CURVE ( 'NONE', #1700, #1666, #1031, .T. ) ;
#1138 = CARTESIAN_POINT ( 'NONE',  ( 5.650000000000000355, 0.2000000000000000111, 0.0000000000000000000 ) ) ;
#1139 = CARTESIAN_POINT ( 'NONE',  ( 0.6500000000000001332, -5.000000000000000000, 3.953165825626999919 ) ) ;
#1140 =( LENGTH_UNIT ( ) NAMED_UNIT ( * ) SI_UNIT ( .MILLI., .METRE. ) );
#1141 = DIRECTION ( 'NONE',  ( -0.0000000000000000000, 0.0000000000000000000, -1.000000000000000000 ) ) ;
#1142 = VERTEX_POINT ( 'NONE', #92 ) ;
#1143 = DIRECTION ( 'NONE',  ( 0.0000000000000000000, 0.0000000000000000000, -1.000000000000000000 ) ) ;
#1144 = ORIENTED_EDGE ( 'NONE', *, *, #1697, .T. ) ;
#1145 = ORIENTED_EDGE ( 'NONE', *, *, #1645, .T. ) ;
#1146 = PLANE ( 'NONE',  #1159 ) ;
#1147 = EDGE_CURVE ( 'NONE', #501, #1135, #597, .T. ) ;
#1148 = LINE ( 'NONE', #1308, #1725 ) ;
#1149 = VECTOR ( 'NONE', #1800, 1000.000000000000000 ) ;
#1150 = STYLED_ITEM ( 'NONE', ( #2001 ), #535 ) ;
#1151 =( GEOMETRIC_REPRESENTATION_CONTEXT ( 3 ) GLOBAL_UNCERTAINTY_ASSIGNED_CONTEXT ( ( #722 ) ) GLOBAL_UNIT_ASSIGNED_CONTEXT ( ( #741, #588, #621 ) ) REPRESENTATION_CONTEXT ( 'NONE', 'WORKASPACE' ) );
#1152 = ORIENTED_EDGE ( 'NONE', *, *, #576, .T. ) ;
#1153 = VERTEX_POINT ( 'NONE', #879 ) ;
#1154 = PRODUCT_DEFINITION_SHAPE ( 'NONE', 'NONE',  #1217 ) ;
#1155 = DIRECTION ( 'NONE',  ( 0.0000000000000000000, 0.0000000000000000000, 1.000000000000000000 ) ) ;
#1156 = DIRECTION ( 'NONE',  ( 1.000000000000000000, 0.0000000000000000000, -0.0000000000000000000 ) ) ;
#1157 = EDGE_CURVE ( 'NONE', #343, #904, #841, .T. ) ;
#1158 = AXIS2_PLACEMENT_3D ( 'NONE', #1475, #718, #1324 ) ;
#1159 = AXIS2_PLACEMENT_3D ( 'NONE', #1186, #1641, #544 ) ;
#1160 = CARTESIAN_POINT ( 'NONE',  ( 0.6499999999600000189, 14.90000000000000036, -6.000000000000000000 ) ) ;
#1161 = CIRCLE ( 'NONE', #1514, 4.000000000000000000 ) ;
#1162 = CARTESIAN_POINT ( 'NONE',  ( 0.4500000000000003997, 0.4000000000000004663, -6.000000000000000000 ) ) ;
#1163 = SURFACE_STYLE_USAGE ( .BOTH. , #128 ) ;
#1164 = DIRECTION ( 'NONE',  ( 0.0000000000000000000, 0.0000000000000000000, 1.000000000000000000 ) ) ;
#1165 = AXIS2_PLACEMENT_3D ( 'NONE', #73, #843, #526 ) ;
#1166 = CARTESIAN_POINT ( 'NONE',  ( -0.6500000000000001332, 0.5999999999999999778, -5.799999999999999822 ) ) ;
#1167 = ORIENTED_EDGE ( 'NONE', *, *, #1485, .F. ) ;
#1168 = FILL_AREA_STYLE ('',( #684 ) ) ;
#1169 = DIRECTION ( 'NONE',  ( 0.0000000000000000000, 1.000000000000000000, -2.230894258320999957E-16 ) ) ;
#1170 = EDGE_LOOP ( 'NONE', ( #90, #252, #1775, #57 ) ) ;
#1171 = MANIFOLD_SOLID_BREP ( 'Imported1', #1249 ) ;
#1172 = LINE ( 'NONE', #1162, #1149 ) ;
#1173 = PLANE ( 'NONE',  #1540 ) ;
#1174 = DIRECTION ( 'NONE',  ( -0.0000000000000000000, -1.000000000000000000, -0.0000000000000000000 ) ) ;
#1175 = ADVANCED_FACE ( 'NONE', ( #100 ), #1483, .T. ) ;
#1176 =( NAMED_UNIT ( * ) PLANE_ANGLE_UNIT ( ) SI_UNIT ( $, .RADIAN. ) );
#1177 = DIRECTION ( 'NONE',  ( 0.0000000000000000000, 1.000000000000000000, 0.0000000000000000000 ) ) ;
#1178 = CARTESIAN_POINT ( 'NONE',  ( -5.049999999999999822, 16.39999999999999858, 0.0000000000000000000 ) ) ;
#1179 = DIRECTION ( 'NONE',  ( 1.000000000000000000, 0.0000000000000000000, -0.0000000000000000000 ) ) ;
#1180 = CARTESIAN_POINT ( 'NONE',  ( -5.049999999999999822, 15.10000000000000142, 0.0000000000000000000 ) ) ;
#1181 = COLOUR_RGB ( '',0.8000000000000000444, 0.8000000000000000444, 0.8000000000000000444 ) ;
#1182 =( LENGTH_UNIT ( ) NAMED_UNIT ( * ) SI_UNIT ( .MILLI., .METRE. ) );
#1183 = VECTOR ( 'NONE', #362, 1000.000000000000000 ) ;
#1184 = EDGE_CURVE ( 'NONE', #640, #1834, #1805, .T. ) ;
#1185 = ADVANCED_FACE ( 'NONE', ( #552 ), #407, .T. ) ;
#1186 = CARTESIAN_POINT ( 'NONE',  ( -5.049999999999999822, 19.00000000000000000, 0.0000000000000000000 ) ) ;
#1187 =( LENGTH_UNIT ( ) NAMED_UNIT ( * ) SI_UNIT ( .MILLI., .METRE. ) );
#1188 = LINE ( 'NONE', #1206, #1194 ) ;
#1189 = CARTESIAN_POINT ( 'NONE',  ( 0.0000000000000000000, 19.00000000000000000, 11.90000000000000036 ) ) ;
#1190 = DIRECTION ( 'NONE',  ( 0.0000000000000000000, 1.000000000000000000, -2.220446049250000002E-16 ) ) ;
#1191 = LINE ( 'NONE', #1986, #933 ) ;
#1192 = AXIS2_PLACEMENT_3D ( 'NONE', #951, #675, #1273 ) ;
#1193 = VECTOR ( 'NONE', #1560, 1000.000000000000000 ) ;
#1194 = VECTOR ( 'NONE', #2, 1000.000000000000000 ) ;
#1195 = ADVANCED_FACE ( 'NONE', ( #141 ), #2004, .T. ) ;
#1196 = EDGE_LOOP ( 'NONE', ( #1797, #1606, #754, #1714 ) ) ;
#1197 = DIRECTION ( 'NONE',  ( 0.0000000000000000000, -1.000000000000000000, -0.0000000000000000000 ) ) ;
#1198 = ORIENTED_EDGE ( 'NONE', *, *, #858, .F. ) ;
#1199 = UNCERTAINTY_MEASURE_WITH_UNIT (LENGTH_MEASURE( 1.000000000000000082E-05 ), #189, 'distance_accuracy_value', 'NONE');
#1200 = DIRECTION ( 'NONE',  ( -1.000000000000000000, -0.0000000000000000000, 0.0000000000000000000 ) ) ;
#1201 = CARTESIAN_POINT ( 'NONE',  ( 0.0000000000000000000, -4.999999999999999112, 7.900000000000000355 ) ) ;
#1202 = FILL_AREA_STYLE_COLOUR ( '', #1537 ) ;
#1203 = DIRECTION ( 'NONE',  ( 0.0000000000000000000, -0.7071067811865475727, -0.7071067811865475727 ) ) ;
#1204 = EDGE_CURVE ( 'NONE', #311, #619, #1039, .T. ) ;
#1205 = PLANE ( 'NONE',  #1717 ) ;
#1206 = CARTESIAN_POINT ( 'NONE',  ( 5.049999999999999822, 15.10000000000000142, 0.0000000000000000000 ) ) ;
#1207 = ORIENTED_EDGE ( 'NONE', *, *, #1022, .T. ) ;
#1208 =( NAMED_UNIT ( * ) SI_UNIT ( $, .STERADIAN. ) SOLID_ANGLE_UNIT ( ) );
#1209 = FILL_AREA_STYLE ('',( #1979 ) ) ;
#1210 = ORIENTED_EDGE ( 'NONE', *, *, #404, .F. ) ;
#1211 = LINE ( 'NONE', #560, #1743 ) ;
#1212 = DIRECTION ( 'NONE',  ( 0.7071067811865474617, 0.0000000000000000000, 0.7071067811865474617 ) ) ;
#1213 = AXIS2_PLACEMENT_3D ( 'NONE', #1395, #19, #1860 ) ;
#1214 = ORIENTED_EDGE ( 'NONE', *, *, #1737, .F. ) ;
#1215 = COLOUR_RGB ( '',0.8000000000000000444, 0.8000000000000000444, 0.8000000000000000444 ) ;
#1216 = ORIENTED_EDGE ( 'NONE', *, *, #224, .F. ) ;
#1217 = PRODUCT_DEFINITION ( 'UNKNOWN', '', #1126, #283 ) ;
#1218 = FILL_AREA_STYLE ('',( #154 ) ) ;
#1219 = CARTESIAN_POINT ( 'NONE',  ( 0.6499999999600000189, 14.90000000000000036, 0.0000000000000000000 ) ) ;
#1220 = DIRECTION ( 'NONE',  ( 0.0000000000000000000, 0.0000000000000000000, 1.000000000000000000 ) ) ;
#1221 = EDGE_CURVE ( 'NONE', #340, #640, #1847, .T. ) ;
#1222 = DIRECTION ( 'NONE',  ( 1.000000000000000000, 0.0000000000000000000, -0.0000000000000000000 ) ) ;
#1223 = VECTOR ( 'NONE', #1677, 1000.000000000000000 ) ;
#1224 = APPLICATION_CONTEXT ( 'automotive_design' ) ;
#1225 = VERTEX_POINT ( 'NONE', #1699 ) ;
#1226 = AXIS2_PLACEMENT_3D ( 'NONE', #792, #589, #765 ) ;
#1227 = PLANE ( 'NONE',  #1937 ) ;
#1228 = DIRECTION ( 'NONE',  ( -0.0000000000000000000, 0.0000000000000000000, -1.000000000000000000 ) ) ;
#1229 = AXIS2_PLACEMENT_3D ( 'NONE', #1658, #1476, #1642 ) ;
#1230 = DIRECTION ( 'NONE',  ( 0.0000000000000000000, -1.000000000000000000, 1.784715406657999971E-16 ) ) ;
#1231 = ORIENTED_EDGE ( 'NONE', *, *, #1896, .T. ) ;
#1232 = DIRECTION ( 'NONE',  ( 0.0000000000000000000, 1.000000000000000000, 0.0000000000000000000 ) ) ;
#1233 = CARTESIAN_POINT ( 'NONE',  ( 0.0000000000000000000, 19.00000000000000000, 7.900000000000000355 ) ) ;
#1234 = FILL_AREA_STYLE_COLOUR ( '', #1756 ) ;
#1235 = ORIENTED_EDGE ( 'NONE', *, *, #988, .T. ) ;
#1236 = EDGE_CURVE ( 'NONE', #1691, #517, #449, .T. ) ;
#1237 = ORIENTED_EDGE ( 'NONE', *, *, #74, .F. ) ;
#1238 = CARTESIAN_POINT ( 'NONE',  ( -0.6500000000000001332, 0.6000000000000004219, 0.0000000000000000000 ) ) ;
#1239 = CARTESIAN_POINT ( 'NONE',  ( 0.6499999999600000189, 15.90000000000000036, -6.000000000000000000 ) ) ;
#1240 = ORIENTED_EDGE ( 'NONE', *, *, #1844, .F. ) ;
#1241 = UNCERTAINTY_MEASURE_WITH_UNIT (LENGTH_MEASURE( 1.000000000000000082E-05 ), #862, 'distance_accuracy_value', 'NONE');
#1242 = DIRECTION ( 'NONE',  ( 0.0000000000000000000, 0.0000000000000000000, 1.000000000000000000 ) ) ;
#1243 = VERTEX_POINT ( 'NONE', #1553 ) ;
#1244 = FILL_AREA_STYLE_COLOUR ( '', #1215 ) ;
#1245 = ORIENTED_EDGE ( 'NONE', *, *, #209, .T. ) ;
#1246 = EDGE_CURVE ( 'NONE', #774, #586, #1519, .T. ) ;
#1247 = DIRECTION ( 'NONE',  ( -1.337566565171116687E-16, 1.000000000000000000, -1.337566565171116687E-16 ) ) ;
#1248 = CARTESIAN_POINT ( 'NONE',  ( -5.049999999999999822, 15.10000000000000142, 15.00000000000000000 ) ) ;
#1249 = CLOSED_SHELL ( 'NONE', ( #726, #499, #714, #110, #1118, #1671, #194, #873, #1175, #1971, #1275, #36, #62, #50, #326, #129, #628, #9, #1398, #1936, #384, #1409, #602, #766, #1195, #422, #1133, #314, #1518, #1730, #1093, #515, #1366, #683, #1701, #167, #302, #273, #457, #238, #1185, #361, #1595, #1969, #1949, #1562, #567, #895, #535, #495, #281, #708, #1881, #656 ) ) ;
#1250 = VERTEX_POINT ( 'NONE', #131 ) ;
#1251 = AXIS2_PLACEMENT_3D ( 'NONE', #1899, #1279, #1605 ) ;
#1252 = FILL_AREA_STYLE_COLOUR ( '', #1679 ) ;
#1253 = AXIS2_PLACEMENT_3D ( 'NONE', #498, #813, #834 ) ;
#1254 = LINE ( 'NONE', #1219, #1913 ) ;
#1255 = LINE ( 'NONE', #146, #1193 ) ;
#1256 = VERTEX_POINT ( 'NONE', #737 ) ;
#1257 = CARTESIAN_POINT ( 'NONE',  ( -0.6500000000000001332, 0.4000000000000000222, -6.000000000000000000 ) ) ;
#1258 = VECTOR ( 'NONE', #750, 1000.000000000000000 ) ;
#1259 = ORIENTED_EDGE ( 'NONE', *, *, #972, .T. ) ;
#1260 = VECTOR ( 'NONE', #84, 1000.000000000000000 ) ;
#1261 = VECTOR ( 'NONE', #1505, 1000.000000000000000 ) ;
#1262 = VECTOR ( 'NONE', #695, 1000.000000000000000 ) ;
#1263 = CYLINDRICAL_SURFACE ( 'NONE', #1387, 4.000000000000000000 ) ;
#1264 = DIRECTION ( 'NONE',  ( -1.000000000000000000, -1.374525595238999975E-32, 2.736911063134000260E-48 ) ) ;
#1265 = EDGE_CURVE ( 'NONE', #1304, #1250, #1529, .T. ) ;
#1266 = ORIENTED_EDGE ( 'NONE', *, *, #1053, .F. ) ;
#1267 = CARTESIAN_POINT ( 'NONE',  ( 0.6500000000000001332, 0.5999999999999999778, 0.0000000000000000000 ) ) ;
#1268 = EDGE_LOOP ( 'NONE', ( #1902, #839, #1439, #778 ) ) ;
#1269 = DIRECTION ( 'NONE',  ( 1.000000000000000000, 0.0000000000000000000, 0.0000000000000000000 ) ) ;
#1270 = DIRECTION ( 'NONE',  ( -1.000000000000000000, 0.0000000000000000000, 0.0000000000000000000 ) ) ;
#1271 = ORIENTED_EDGE ( 'NONE', *, *, #1042, .F. ) ;
#1272 = ADVANCED_BREP_SHAPE_REPRESENTATION ( '5BB4E6F7-DB29-4447-84BD-F52909E66D74', ( #1171, #1158 ), #1030 ) ;
#1273 = DIRECTION ( 'NONE',  ( 0.0000000000000000000, 0.0000000000000000000, 1.000000000000000000 ) ) ;
#1274 = DIRECTION ( 'NONE',  ( 0.0000000000000000000, 0.7071067811865475727, -0.7071067811865475727 ) ) ;
#1275 = ADVANCED_FACE ( 'NONE', ( #313 ), #607, .T. ) ;
#1276 = CARTESIAN_POINT ( 'NONE',  ( 5.049999999999999822, 19.00000000000000000, 0.0000000000000000000 ) ) ;
#1277 =( NAMED_UNIT ( * ) PLANE_ANGLE_UNIT ( ) SI_UNIT ( $, .RADIAN. ) );
#1278 = VERTEX_POINT ( 'NONE', #906 ) ;
#1279 = DIRECTION ( 'NONE',  ( 1.000000000000000000, 1.374525595238999975E-32, -2.736911063134000260E-48 ) ) ;
#1280 = CARTESIAN_POINT ( 'NONE',  ( 0.4499999999600005074, 14.90000000000000036, -6.000000000000000000 ) ) ;
#1281 = ORIENTED_EDGE ( 'NONE', *, *, #1637, .F. ) ;
#1282 = ORIENTED_EDGE ( 'NONE', *, *, #1817, .T. ) ;
#1283 = PRESENTATION_LAYER_ASSIGNMENT (  '', '', ( #1477 ) ) ;
#1284 = CARTESIAN_POINT ( 'NONE',  ( -5.049999999999999822, 19.00000000000000000, 13.00000000000000178 ) ) ;
#1285 = CIRCLE ( 'NONE', #1675, 4.000000000000000000 ) ;
#1286 = UNCERTAINTY_MEASURE_WITH_UNIT (LENGTH_MEASURE( 1.000000000000000082E-05 ), #1798, 'distance_accuracy_value', 'NONE');
#1287 = LINE ( 'NONE', #1735, #1806 ) ;
#1288 = AXIS2_PLACEMENT_3D ( 'NONE', #1706, #592, #33 ) ;
#1289 = EDGE_CURVE ( 'NONE', #150, #226, #174, .T. ) ;
#1290 = EDGE_CURVE ( 'NONE', #1072, #150, #1377, .T. ) ;
#1291 = ORIENTED_EDGE ( 'NONE', *, *, #151, .T. ) ;
#1292 = LINE ( 'NONE', #1915, #1346 ) ;
#1293 = ORIENTED_EDGE ( 'NONE', *, *, #835, .F. ) ;
#1294 = ORIENTED_EDGE ( 'NONE', *, *, #1817, .F. ) ;
#1295 = LINE ( 'NONE', #1454, #832 ) ;
#1296 = FILL_AREA_STYLE_COLOUR ( '', #635 ) ;
#1297 = AXIS2_PLACEMENT_3D ( 'NONE', #1465, #280, #1155 ) ;
#1298 = CARTESIAN_POINT ( 'NONE',  ( -5.049999999999999822, -2.399999999999999911, 12.00000000000000000 ) ) ;
#1299 = VECTOR ( 'NONE', #26, 1000.000000000000000 ) ;
#1300 = FACE_OUTER_BOUND ( 'NONE', #1702, .T. ) ;
#1301 = SURFACE_STYLE_USAGE ( .BOTH. , #667 ) ;
#1302 = VERTEX_POINT ( 'NONE', #293 ) ;
#1303 = EDGE_CURVE ( 'NONE', #297, #1005, #428, .T. ) ;
#1304 = VERTEX_POINT ( 'NONE', #539 ) ;
#1305 = ORIENTED_EDGE ( 'NONE', *, *, #1711, .F. ) ;
#1306 = CARTESIAN_POINT ( 'NONE',  ( -4.250000000000000000, 16.39999999999999858, 12.97979589711300008 ) ) ;
#1307 = CARTESIAN_POINT ( 'NONE',  ( 0.6500000000000003553, -2.399999999999999911, 0.0000000000000000000 ) ) ;
#1308 = CARTESIAN_POINT ( 'NONE',  ( -0.4499999999600003964, 15.90000000000000036, -6.000000000000000000 ) ) ;
#1309 = CARTESIAN_POINT ( 'NONE',  ( 0.6500000000000001332, 0.6000000000000004219, 0.0000000000000000000 ) ) ;
#1310 = FACE_OUTER_BOUND ( 'NONE', #1630, .T. ) ;
#1311 = ORIENTED_EDGE ( 'NONE', *, *, #835, .T. ) ;
#1312 = DIRECTION ( 'NONE',  ( 0.0000000000000000000, 1.845450506358305818E-16, 1.000000000000000000 ) ) ;
#1313 = ORIENTED_EDGE ( 'NONE', *, *, #1184, .F. ) ;
#1314 = DIRECTION ( 'NONE',  ( 0.0000000000000000000, 1.000000000000000000, 0.0000000000000000000 ) ) ;
#1315 = CARTESIAN_POINT ( 'NONE',  ( -0.6500000000000001332, -0.5999999999999994227, 3.953165825626911101 ) ) ;
#1316 = DIRECTION ( 'NONE',  ( -0.0000000000000000000, 0.0000000000000000000, -1.000000000000000000 ) ) ;
#1317 =( GEOMETRIC_REPRESENTATION_CONTEXT ( 3 ) GLOBAL_UNCERTAINTY_ASSIGNED_CONTEXT ( ( #579 ) ) GLOBAL_UNIT_ASSIGNED_CONTEXT ( ( #1638, #982, #138 ) ) REPRESENTATION_CONTEXT ( 'NONE', 'WORKASPACE' ) );
#1318 = DIRECTION ( 'NONE',  ( 0.0000000000000000000, -1.000000000000000000, -0.0000000000000000000 ) ) ;
#1319 = COLOUR_RGB ( '',0.8000000000000000444, 0.8000000000000000444, 0.8000000000000000444 ) ;
#1320 = LINE ( 'NONE', #502, #232 ) ;
#1321 = EDGE_LOOP ( 'NONE', ( #1364, #974, #1555, #198 ) ) ;
#1322 = ORIENTED_EDGE ( 'NONE', *, *, #140, .F. ) ;
#1323 = CARTESIAN_POINT ( 'NONE',  ( 5.049999999999999822, 15.10000000000000142, 0.0000000000000000000 ) ) ;
#1324 = DIRECTION ( 'NONE',  ( 1.000000000000000000, 0.0000000000000000000, 0.0000000000000000000 ) ) ;
#1325 = PRESENTATION_LAYER_ASSIGNMENT (  '', '', ( #1419 ) ) ;
#1326 = EDGE_CURVE ( 'NONE', #1225, #297, #846, .T. ) ;
#1327 = CARTESIAN_POINT ( 'NONE',  ( 5.049999999999999822, 0.2000000000000000666, 0.0000000000000000000 ) ) ;
#1328 = AXIS2_PLACEMENT_3D ( 'NONE', #957, #1270, #1888 ) ;
#1329 = DIRECTION ( 'NONE',  ( -1.000000000000000000, 0.0000000000000000000, -0.0000000000000000000 ) ) ;
#1330 = SURFACE_STYLE_FILL_AREA ( #1209 ) ;
#1331 = DIRECTION ( 'NONE',  ( -1.000000000000000000, -0.0000000000000000000, 0.0000000000000000000 ) ) ;
#1332 = ORIENTED_EDGE ( 'NONE', *, *, #669, .F. ) ;
#1333 = CARTESIAN_POINT ( 'NONE',  ( 5.049999999999999822, -2.399999999999999911, 0.0000000000000000000 ) ) ;
#1334 = SURFACE_SIDE_STYLE ('',( #1656 ) ) ;
#1335 = VERTEX_POINT ( 'NONE', #686 ) ;
#1336 = EDGE_CURVE ( 'NONE', #836, #1450, #1742, .T. ) ;
#1337 = PLANE ( 'NONE',  #1344 ) ;
#1338 = LINE ( 'NONE', #418, #1261 ) ;
#1339 = EDGE_CURVE ( 'NONE', #1594, #501, #397, .T. ) ;
#1340 = CARTESIAN_POINT ( 'NONE',  ( -0.6500000000000001332, 16.10000000000000142, 3.953165825626911989 ) ) ;
#1341 = ORIENTED_EDGE ( 'NONE', *, *, #885, .T. ) ;
#1342 = SURFACE_STYLE_FILL_AREA ( #521 ) ;
#1343 =( NAMED_UNIT ( * ) PLANE_ANGLE_UNIT ( ) SI_UNIT ( $, .RADIAN. ) );
#1344 = AXIS2_PLACEMENT_3D ( 'NONE', #554, #1232, #299 ) ;
#1345 = EDGE_CURVE ( 'NONE', #63, #532, #796, .T. ) ;
#1346 = VECTOR ( 'NONE', #371, 1000.000000000000000 ) ;
#1347 = CARTESIAN_POINT ( 'NONE',  ( -0.6499999999600000189, 14.90000000000000036, 3.953165825620000184 ) ) ;
#1348 = AXIS2_PLACEMENT_3D ( 'NONE', #1911, #1587, #845 ) ;
#1349 = SURFACE_SIDE_STYLE ('',( #253 ) ) ;
#1350 = FILL_AREA_STYLE_COLOUR ( '', #364 ) ;
#1351 = ORIENTED_EDGE ( 'NONE', *, *, #1506, .T. ) ;
#1352 = CARTESIAN_POINT ( 'NONE',  ( 5.049999999999999822, 16.39999999999999858, 0.0000000000000000000 ) ) ;
#1353 = ORIENTED_EDGE ( 'NONE', *, *, #1326, .T. ) ;
#1354 = AXIS2_PLACEMENT_3D ( 'NONE', #420, #1989, #1228 ) ;
#1355 = PLANE ( 'NONE',  #1978 ) ;
#1356 = VECTOR ( 'NONE', #1882, 1000.000000000000000 ) ;
#1357 =( GEOMETRIC_REPRESENTATION_CONTEXT ( 3 ) GLOBAL_UNCERTAINTY_ASSIGNED_CONTEXT ( ( #1977 ) ) GLOBAL_UNIT_ASSIGNED_CONTEXT ( ( #1182, #573, #1661 ) ) REPRESENTATION_CONTEXT ( 'NONE', 'WORKASPACE' ) );
#1358 = AXIS2_PLACEMENT_3D ( 'NONE', #693, #93, #421 ) ;
#1359 = EDGE_CURVE ( 'NONE', #1278, #1594, #1945, .T. ) ;
#1360 = CARTESIAN_POINT ( 'NONE',  ( 5.049999999999999822, 0.2000000000000000111, 11.50000000000000000 ) ) ;
#1361 = SURFACE_STYLE_USAGE ( .BOTH. , #1871 ) ;
#1362 = ORIENTED_EDGE ( 'NONE', *, *, #224, .T. ) ;
#1363 = LINE ( 'NONE', #1180, #1083 ) ;
#1364 = ORIENTED_EDGE ( 'NONE', *, *, #433, .T. ) ;
#1365 = DIRECTION ( 'NONE',  ( 0.0000000000000000000, 1.000000000000000000, -2.220446049250000002E-16 ) ) ;
#1366 = ADVANCED_FACE ( 'NONE', ( #1796 ), #47, .T. ) ;
#1367 = CARTESIAN_POINT ( 'NONE',  ( 5.049999999999999822, 15.10000000000000142, 11.50000000000000178 ) ) ;
#1368 = DIRECTION ( 'NONE',  ( 0.0000000000000000000, -0.0000000000000000000, 1.000000000000000000 ) ) ;
#1369 = ORIENTED_EDGE ( 'NONE', *, *, #1645, .F. ) ;
#1370 =( NAMED_UNIT ( * ) PLANE_ANGLE_UNIT ( ) SI_UNIT ( $, .RADIAN. ) );
#1371 = CARTESIAN_POINT ( 'NONE',  ( 2.510525938252073693E-16, -0.5999999999999995337, 9.950000000000001066 ) ) ;
#1372 = ORIENTED_EDGE ( 'NONE', *, *, #916, .F. ) ;
#1373 = ORIENTED_EDGE ( 'NONE', *, *, #1517, .T. ) ;
#1374 = MECHANICAL_DESIGN_GEOMETRIC_PRESENTATION_REPRESENTATION (  '', ( #193 ), #1317 ) ;
#1375 = EDGE_LOOP ( 'NONE', ( #346, #655, #1976, #1850 ) ) ;
#1376 = PRESENTATION_STYLE_ASSIGNMENT (( #14 ) ) ;
#1377 = LINE ( 'NONE', #575, #79 ) ;
#1378 =( GEOMETRIC_REPRESENTATION_CONTEXT ( 3 ) GLOBAL_UNCERTAINTY_ASSIGNED_CONTEXT ( ( #1035 ) ) GLOBAL_UNIT_ASSIGNED_CONTEXT ( ( #159, #1277, #369 ) ) REPRESENTATION_CONTEXT ( 'NONE', 'WORKASPACE' ) );
#1379 = EDGE_LOOP ( 'NONE', ( #64, #797, #785, #1680 ) ) ;
#1380 = VERTEX_POINT ( 'NONE', #1109 ) ;
#1381 = EDGE_CURVE ( 'NONE', #150, #774, #1014, .T. ) ;
#1382 = CARTESIAN_POINT ( 'NONE',  ( 0.6499999999600000189, 15.10000000000000142, -6.000000000000000000 ) ) ;
#1383 = DIRECTION ( 'NONE',  ( 0.7071067811865475727, 1.891604777041789590E-16, 0.7071067811865475727 ) ) ;
#1384 = VECTOR ( 'NONE', #1597, 1000.000000000000000 ) ;
#1385 = ORIENTED_EDGE ( 'NONE', *, *, #1359, .F. ) ;
#1386 = FACE_OUTER_BOUND ( 'NONE', #1924, .T. ) ;
#1387 = AXIS2_PLACEMENT_3D ( 'NONE', #355, #481, #347 ) ;
#1388 = ORIENTED_EDGE ( 'NONE', *, *, #882, .T. ) ;
#1389 = VECTOR ( 'NONE', #979, 999.9999999999998863 ) ;
#1390 = DIRECTION ( 'NONE',  ( 1.000000000000000000, 0.0000000000000000000, -0.0000000000000000000 ) ) ;
#1391 = MECHANICAL_DESIGN_GEOMETRIC_PRESENTATION_REPRESENTATION (  '', ( #1980 ), #1006 ) ;
#1392 = VERTEX_POINT ( 'NONE', #1644 ) ;
#1393 = DIRECTION ( 'NONE',  ( -1.337566565171116687E-16, 1.000000000000000000, -1.337566565171116687E-16 ) ) ;
#1394 = EDGE_LOOP ( 'NONE', ( #1259, #342, #721, #917 ) ) ;
#1395 = CARTESIAN_POINT ( 'NONE',  ( 0.6499999999600000189, 14.90000000000000036, -6.000000000000000000 ) ) ;
#1396 = CARTESIAN_POINT ( 'NONE',  ( 5.650000000000000355, 15.10000000000000142, 11.50000000000000000 ) ) ;
#1397 = DIRECTION ( 'NONE',  ( 0.0000000000000000000, 1.000000000000000000, 0.0000000000000000000 ) ) ;
#1398 = ADVANCED_FACE ( 'NONE', ( #256 ), #503, .T. ) ;
#1399 = VERTEX_POINT ( 'NONE', #489 ) ;
#1400 = EDGE_LOOP ( 'NONE', ( #486, #1768, #1864, #1733 ) ) ;
#1401 = SURFACE_STYLE_USAGE ( .BOTH. , #1698 ) ;
#1402 = ORIENTED_EDGE ( 'NONE', *, *, #847, .T. ) ;
#1403 = CARTESIAN_POINT ( 'NONE',  ( -0.6500000000000002442, -5.000000000000000888, 3.953165825626911989 ) ) ;
#1404 = ORIENTED_EDGE ( 'NONE', *, *, #847, .F. ) ;
#1405 = SURFACE_STYLE_USAGE ( .BOTH. , #1545 ) ;
#1406 = FACE_OUTER_BOUND ( 'NONE', #806, .T. ) ;
#1407 = ORIENTED_EDGE ( 'NONE', *, *, #1289, .T. ) ;
#1408 = ORIENTED_EDGE ( 'NONE', *, *, #398, .F. ) ;
#1409 = ADVANCED_FACE ( 'NONE', ( #971 ), #855, .F. ) ;
#1410 = PRESENTATION_STYLE_ASSIGNMENT (( #1401 ) ) ;
#1411 = CARTESIAN_POINT ( 'NONE',  ( -5.049999999999999822, -2.399999999999999911, 0.0000000000000000000 ) ) ;
#1412 = MECHANICAL_DESIGN_GEOMETRIC_PRESENTATION_REPRESENTATION (  '', ( #317 ), #990 ) ;
#1413 = LINE ( 'NONE', #630, #1974 ) ;
#1414 = FACE_OUTER_BOUND ( 'NONE', #205, .T. ) ;
#1415 = MECHANICAL_DESIGN_GEOMETRIC_PRESENTATION_REPRESENTATION (  '', ( #954 ), #1378 ) ;
#1416 = CARTESIAN_POINT ( 'NONE',  ( -0.6500000000000001332, 0.5999999999999999778, -6.000000000000000000 ) ) ;
#1417 = LINE ( 'NONE', #1371, #1489 ) ;
#1418 = CARTESIAN_POINT ( 'NONE',  ( 5.649999999999999467, 15.10000000000000142, 0.0000000000000000000 ) ) ;
#1419 = STYLED_ITEM ( 'NONE', ( #15 ), #1185 ) ;
#1420 = CARTESIAN_POINT ( 'NONE',  ( -5.049999999999999822, 16.39999999999999858, 0.0000000000000000000 ) ) ;
#1421 = CARTESIAN_POINT ( 'NONE',  ( -0.6500000000000001332, 19.00000000000000000, 3.953165825626999919 ) ) ;
#1422 = AXIS2_PLACEMENT_3D ( 'NONE', #183, #37, #279 ) ;
#1423 = ORIENTED_EDGE ( 'NONE', *, *, #1339, .F. ) ;
#1424 = AXIS2_PLACEMENT_3D ( 'NONE', #395, #287, #1024 ) ;
#1425 = DIRECTION ( 'NONE',  ( -0.0000000000000000000, 1.784715406657999971E-16, 1.000000000000000000 ) ) ;
#1426 = SURFACE_STYLE_USAGE ( .BOTH. , #1762 ) ;
#1427 = DIRECTION ( 'NONE',  ( 0.0000000000000000000, -0.0000000000000000000, -1.000000000000000000 ) ) ;
#1428 = CARTESIAN_POINT ( 'NONE',  ( 0.0000000000000000000, -2.399999999999999023, 12.59999999999999964 ) ) ;
#1429 = VERTEX_POINT ( 'NONE', #56 ) ;
#1430 =( NAMED_UNIT ( * ) SI_UNIT ( $, .STERADIAN. ) SOLID_ANGLE_UNIT ( ) );
#1431 = DIRECTION ( 'NONE',  ( 0.0000000000000000000, -0.0000000000000000000, 1.000000000000000000 ) ) ;
#1432 = EDGE_LOOP ( 'NONE', ( #821, #75, #816, #742 ) ) ;
#1433 = DIRECTION ( 'NONE',  ( 1.374525595238999975E-32, -1.000000000000000000, 0.0000000000000000000 ) ) ;
#1434 = LINE ( 'NONE', #59, #1877 ) ;
#1435 =( NAMED_UNIT ( * ) PLANE_ANGLE_UNIT ( ) SI_UNIT ( $, .RADIAN. ) );
#1436 = EDGE_CURVE ( 'NONE', #1076, #368, #1900, .T. ) ;
#1437 = PLANE ( 'NONE',  #514 ) ;
#1438 = CARTESIAN_POINT ( 'NONE',  ( 5.049999999999999822, 1.500000000000000000, 0.0000000000000000000 ) ) ;
#1439 = ORIENTED_EDGE ( 'NONE', *, *, #88, .F. ) ;
#1440 = CARTESIAN_POINT ( 'NONE',  ( -1.204597442425547305E-47, -4.999999999999999112, 7.900000000000000355 ) ) ;
#1441 = ORIENTED_EDGE ( 'NONE', *, *, #101, .T. ) ;
#1442 = ORIENTED_EDGE ( 'NONE', *, *, #1221, .T. ) ;
#1443 = CARTESIAN_POINT ( 'NONE',  ( 5.649999999999999467, 1.500000000000000222, 0.0000000000000000000 ) ) ;
#1444 = CARTESIAN_POINT ( 'NONE',  ( 0.6500000000000001332, 16.10000000000000142, -6.000000000000000000 ) ) ;
#1445 = STYLED_ITEM ( 'NONE', ( #1676 ), #495 ) ;
#1446 = AXIS2_PLACEMENT_3D ( 'NONE', #1020, #876, #865 ) ;
#1447 = CARTESIAN_POINT ( 'NONE',  ( -5.049999999999999822, -2.399999999999999911, 0.0000000000000000000 ) ) ;
#1448 = EDGE_CURVE ( 'NONE', #368, #1718, #1089, .T. ) ;
#1449 = LINE ( 'NONE', #216, #234 ) ;
#1450 = VERTEX_POINT ( 'NONE', #1724 ) ;
#1451 = ORIENTED_EDGE ( 'NONE', *, *, #1530, .F. ) ;
#1452 = ORIENTED_EDGE ( 'NONE', *, *, #140, .T. ) ;
#1453 = VECTOR ( 'NONE', #1103, 1000.000000000000000 ) ;
#1454 = CARTESIAN_POINT ( 'NONE',  ( -5.049999999999999822, 19.00000000000000000, 0.0000000000000000000 ) ) ;
#1455 = CARTESIAN_POINT ( 'NONE',  ( -4.250000000000000000, 1.500000000000000000, 15.00000000000000000 ) ) ;
#1456 = VECTOR ( 'NONE', #1770, 1000.000000000000000 ) ;
#1457 = FILL_AREA_STYLE_COLOUR ( '', #856 ) ;
#1458 = CARTESIAN_POINT ( 'NONE',  ( 5.049999999999999822, -2.399999999999999911, 0.0000000000000000000 ) ) ;
#1459 = EDGE_CURVE ( 'NONE', #1100, #1061, #244, .T. ) ;
#1460 = ORIENTED_EDGE ( 'NONE', *, *, #446, .T. ) ;
#1461 = CARTESIAN_POINT ( 'NONE',  ( -5.049999999999999822, 15.10000000000000142, 0.0000000000000000000 ) ) ;
#1462 = EDGE_CURVE ( 'NONE', #904, #1076, #469, .T. ) ;
#1463 = ORIENTED_EDGE ( 'NONE', *, *, #1637, .T. ) ;
#1464 = ORIENTED_EDGE ( 'NONE', *, *, #1221, .F. ) ;
#1465 = CARTESIAN_POINT ( 'NONE',  ( 0.0000000000000000000, 16.10000000000000142, 7.900000000000000355 ) ) ;
#1466 = FACE_OUTER_BOUND ( 'NONE', #1544, .T. ) ;
#1467 = LINE ( 'NONE', #1115, #704 ) ;
#1468 = CARTESIAN_POINT ( 'NONE',  ( 0.0000000000000000000, -2.399999999999999911, 7.900000000000000355 ) ) ;
#1469 = LINE ( 'NONE', #1612, #353 ) ;
#1470 = DIRECTION ( 'NONE',  ( 0.0000000000000000000, 1.000000000000000000, 0.0000000000000000000 ) ) ;
#1471 = CARTESIAN_POINT ( 'NONE',  ( -4.250000000000000000, 15.10000000000000142, 15.00000000000000000 ) ) ;
#1472 = ORIENTED_EDGE ( 'NONE', *, *, #919, .T. ) ;
#1473 = ORIENTED_EDGE ( 'NONE', *, *, #1079, .F. ) ;
#1474 = EDGE_CURVE ( 'NONE', #1392, #619, #668, .T. ) ;
#1475 = CARTESIAN_POINT ( 'NONE',  ( 0.0000000000000000000, 0.0000000000000000000, 0.0000000000000000000 ) ) ;
#1476 = DIRECTION ( 'NONE',  ( 0.0000000000000000000, -1.000000000000000000, 2.220446049250000002E-16 ) ) ;
#1477 = STYLED_ITEM ( 'NONE', ( #223 ), #273 ) ;
#1478 = EDGE_LOOP ( 'NONE', ( #1909, #381, #372, #969, #1145, #1604 ) ) ;
#1479 = PLANE ( 'NONE',  #1078 ) ;
#1480 = COLOUR_RGB ( '',0.8000000000000000444, 0.8000000000000000444, 0.8000000000000000444 ) ;
#1481 = FACE_OUTER_BOUND ( 'NONE', #1268, .T. ) ;
#1482 = ORIENTED_EDGE ( 'NONE', *, *, #799, .F. ) ;
#1483 = PLANE ( 'NONE',  #665 ) ;
#1484 =( NAMED_UNIT ( * ) PLANE_ANGLE_UNIT ( ) SI_UNIT ( $, .RADIAN. ) );
#1485 = EDGE_CURVE ( 'NONE', #945, #1640, #1338, .T. ) ;
#1486 = PRESENTATION_LAYER_ASSIGNMENT (  '', '', ( #1751 ) ) ;
#1487 = CIRCLE ( 'NONE', #1837, 1.000000000000000888 ) ;
#1488 = EDGE_CURVE ( 'NONE', #836, #1700, #1191, .T. ) ;
#1489 = VECTOR ( 'NONE', #225, 1000.000000000000000 ) ;
#1490 = CARTESIAN_POINT ( 'NONE',  ( 0.4499999999600001743, 15.90000000000000036, -6.000000000000000888 ) ) ;
#1491 = CARTESIAN_POINT ( 'NONE',  ( -0.6500000000000001332, 0.6000000000000004219, -5.800000000000000711 ) ) ;
#1492 = STYLED_ITEM ( 'NONE', ( #759 ), #1881 ) ;
#1493 = CARTESIAN_POINT ( 'NONE',  ( 0.0000000000000000000, -2.399999999999999911, 7.900000000000000355 ) ) ;
#1494 = VERTEX_POINT ( 'NONE', #866 ) ;
#1495 = CARTESIAN_POINT ( 'NONE',  ( 5.049999999999999822, 16.39999999999999858, 11.50000000000000178 ) ) ;
#1496 = EDGE_CURVE ( 'NONE', #328, #1914, #1802, .T. ) ;
#1497 =( NAMED_UNIT ( * ) PLANE_ANGLE_UNIT ( ) SI_UNIT ( $, .RADIAN. ) );
#1498 = DIRECTION ( 'NONE',  ( 0.0000000000000000000, 1.000000000000000000, -2.220446049250000002E-16 ) ) ;
#1499 = EDGE_CURVE ( 'NONE', #322, #1542, #1674, .T. ) ;
#1500 = CYLINDRICAL_SURFACE ( 'NONE', #1583, 2.049999999999999822 ) ;
#1501 = SURFACE_STYLE_USAGE ( .BOTH. , #1829 ) ;
#1502 = DIRECTION ( 'NONE',  ( 0.5773502691896263972, -0.5773502691896259531, 0.5773502691896251759 ) ) ;
#1503 = ORIENTED_EDGE ( 'NONE', *, *, #781, .T. ) ;
#1504 = AXIS2_PLACEMENT_3D ( 'NONE', #1967, #1179, #265 ) ;
#1505 = DIRECTION ( 'NONE',  ( 0.0000000000000000000, 1.000000000000000000, 0.0000000000000000000 ) ) ;
#1506 = EDGE_CURVE ( 'NONE', #322, #1076, #710, .T. ) ;
#1507 = ORIENTED_EDGE ( 'NONE', *, *, #1844, .T. ) ;
#1508 = MECHANICAL_DESIGN_GEOMETRIC_PRESENTATION_REPRESENTATION (  '', ( #1445 ), #1865 ) ;
#1509 =( NAMED_UNIT ( * ) SI_UNIT ( $, .STERADIAN. ) SOLID_ANGLE_UNIT ( ) );
#1510 = VECTOR ( 'NONE', #1920, 1000.000000000000000 ) ;
#1511 = ORIENTED_EDGE ( 'NONE', *, *, #455, .F. ) ;
#1512 = AXIS2_PLACEMENT_3D ( 'NONE', #1360, #1835, #1710 ) ;
#1513 = CARTESIAN_POINT ( 'NONE',  ( 0.6499999999600000189, 16.10000000000000142, -6.000000000000000000 ) ) ;
#1514 = AXIS2_PLACEMENT_3D ( 'NONE', #1683, #435, #1052 ) ;
#1515 = VERTEX_POINT ( 'NONE', #883 ) ;
#1516 = VECTOR ( 'NONE', #215, 1000.000000000000000 ) ;
#1517 = EDGE_CURVE ( 'NONE', #1256, #1072, #555, .T. ) ;
#1518 = ADVANCED_FACE ( 'NONE', ( #1959, #724 ), #1355, .F. ) ;
#1519 = LINE ( 'NONE', #1077, #388 ) ;
#1520 = PLANE ( 'NONE',  #1759 ) ;
#1521 = EDGE_LOOP ( 'NONE', ( #921, #1311, #466, #1613 ) ) ;
#1522 = UNCERTAINTY_MEASURE_WITH_UNIT (LENGTH_MEASURE( 1.000000000000000082E-05 ), #643, 'distance_accuracy_value', 'NONE');
#1523 = CARTESIAN_POINT ( 'NONE',  ( -5.049999999999999822, -2.399999999999999911, 13.00000000000000178 ) ) ;
#1524 = DIRECTION ( 'NONE',  ( 0.0000000000000000000, 0.0000000000000000000, 1.000000000000000000 ) ) ;
#1525 = ORIENTED_EDGE ( 'NONE', *, *, #1336, .T. ) ;
#1526 = EDGE_LOOP ( 'NONE', ( #1740, #417, #939, #1758 ) ) ;
#1527 = LINE ( 'NONE', #604, #1938 ) ;
#1528 = ORIENTED_EDGE ( 'NONE', *, *, #547, .T. ) ;
#1529 = LINE ( 'NONE', #1688, #931 ) ;
#1530 = EDGE_CURVE ( 'NONE', #1135, #1494, #1161, .T. ) ;
#1531 = ORIENTED_EDGE ( 'NONE', *, *, #1474, .T. ) ;
#1532 = DIRECTION ( 'NONE',  ( -0.0000000000000000000, -1.000000000000000000, -0.0000000000000000000 ) ) ;
#1533 = ORIENTED_EDGE ( 'NONE', *, *, #1015, .F. ) ;
#1534 = LINE ( 'NONE', #1382, #1628 ) ;
#1535 = ORIENTED_EDGE ( 'NONE', *, *, #822, .F. ) ;
#1536 = AXIS2_PLACEMENT_3D ( 'NONE', #1931, #1602, #833 ) ;
#1537 = COLOUR_RGB ( '',0.8000000000000000444, 0.8000000000000000444, 0.8000000000000000444 ) ;
#1538 = VERTEX_POINT ( 'NONE', #300 ) ;
#1539 = CARTESIAN_POINT ( 'NONE',  ( -5.049999999999999822, -2.399999999999999911, 13.00000000000000178 ) ) ;
#1540 = AXIS2_PLACEMENT_3D ( 'NONE', #734, #1814, #120 ) ;
#1541 = FILL_AREA_STYLE_COLOUR ( '', #1631 ) ;
#1542 = VERTEX_POINT ( 'NONE', #103 ) ;
#1543 = EDGE_CURVE ( 'NONE', #1243, #21, #403, .T. ) ;
#1544 = EDGE_LOOP ( 'NONE', ( #389, #660, #1750, #600 ) ) ;
#1545 = SURFACE_SIDE_STYLE ('',( #1715 ) ) ;
#1546 = EDGE_CURVE ( 'NONE', #2003, #739, #133, .T. ) ;
#1547 = DIRECTION ( 'NONE',  ( -0.0000000000000000000, 0.0000000000000000000, -1.000000000000000000 ) ) ;
#1548 =( NAMED_UNIT ( * ) SI_UNIT ( $, .STERADIAN. ) SOLID_ANGLE_UNIT ( ) );
#1549 = ORIENTED_EDGE ( 'NONE', *, *, #1619, .F. ) ;
#1550 = CARTESIAN_POINT ( 'NONE',  ( -5.049999999999999822, 0.2000000000000000111, 15.00000000000000000 ) ) ;
#1551 = PRESENTATION_LAYER_ASSIGNMENT (  '', '', ( #894 ) ) ;
#1552 = VECTOR ( 'NONE', #509, 1000.000000000000000 ) ;
#1553 = CARTESIAN_POINT ( 'NONE',  ( 4.049999999999999822, 19.00000000000000000, 13.00000000000000178 ) ) ;
#1554 = VECTOR ( 'NONE', #1041, 1000.000000000000000 ) ;
#1555 = ORIENTED_EDGE ( 'NONE', *, *, #1781, .T. ) ;
#1556 = FACE_OUTER_BOUND ( 'NONE', #210, .T. ) ;
#1557 = VERTEX_POINT ( 'NONE', #1862 ) ;
#1558 = LINE ( 'NONE', #775, #349 ) ;
#1559 = CARTESIAN_POINT ( 'NONE',  ( 5.049999999999999822, 16.39999999999999858, 0.0000000000000000000 ) ) ;
#1560 = DIRECTION ( 'NONE',  ( -1.000000000000000000, -0.0000000000000000000, 0.0000000000000000000 ) ) ;
#1561 = ORIENTED_EDGE ( 'NONE', *, *, #1912, .T. ) ;
#1562 = ADVANCED_FACE ( 'NONE', ( #1716 ), #902, .F. ) ;
#1563 = CARTESIAN_POINT ( 'NONE',  ( 0.0000000000000000000, 19.00000000000000000, 7.900000000000000355 ) ) ;
#1564 = DIRECTION ( 'NONE',  ( 0.0000000000000000000, -0.0000000000000000000, 1.000000000000000000 ) ) ;
#1565 = SURFACE_STYLE_FILL_AREA ( #488 ) ;
#1566 = CARTESIAN_POINT ( 'NONE',  ( -0.6500000000000001332, -0.5999999999999999778, -5.799999999999999822 ) ) ;
#1567 = EDGE_LOOP ( 'NONE', ( #1064, #1214, #447, #551 ) ) ;
#1568 = CARTESIAN_POINT ( 'NONE',  ( 0.6499999999599614942, 19.00000000000000000, 3.953165825620229779 ) ) ;
#1569 = DIRECTION ( 'NONE',  ( -0.0000000000000000000, 0.7071067811865475727, 0.7071067811865475727 ) ) ;
#1570 = DIRECTION ( 'NONE',  ( 0.0000000000000000000, -2.115516434118057709E-16, -1.000000000000000000 ) ) ;
#1571 = CARTESIAN_POINT ( 'NONE',  ( -0.5499999999600000411, 14.90000000000000036, -5.900000000000000355 ) ) ;
#1572 = ORIENTED_EDGE ( 'NONE', *, *, #885, .F. ) ;
#1573 = CARTESIAN_POINT ( 'NONE',  ( 5.049999999999999822, 0.2000000000000000111, 0.0000000000000000000 ) ) ;
#1574 = SURFACE_STYLE_USAGE ( .BOTH. , #181 ) ;
#1575 = EDGE_CURVE ( 'NONE', #28, #1757, #802, .T. ) ;
#1576 = ORIENTED_EDGE ( 'NONE', *, *, #5, .F. ) ;
#1577 =( NAMED_UNIT ( * ) PLANE_ANGLE_UNIT ( ) SI_UNIT ( $, .RADIAN. ) );
#1578 = DIRECTION ( 'NONE',  ( 0.0000000000000000000, 1.000000000000000000, 0.0000000000000000000 ) ) ;
#1579 = AXIS2_PLACEMENT_3D ( 'NONE', #1827, #900, #764 ) ;
#1580 = VERTEX_POINT ( 'NONE', #40 ) ;
#1581 = FACE_OUTER_BOUND ( 'NONE', #1726, .T. ) ;
#1582 = FILL_AREA_STYLE ('',( #1296 ) ) ;
#1583 = AXIS2_PLACEMENT_3D ( 'NONE', #178, #188, #1570 ) ;
#1584 = DIRECTION ( 'NONE',  ( -0.0000000000000000000, -0.0000000000000000000, 1.000000000000000000 ) ) ;
#1585 = CARTESIAN_POINT ( 'NONE',  ( -0.6500000000000001332, -0.4000000000000004663, -6.000000000000000000 ) ) ;
#1586 = CARTESIAN_POINT ( 'NONE',  ( -6.047912619051601969E-32, -0.5999999999999989786, 7.899999999999999467 ) ) ;
#1587 = DIRECTION ( 'NONE',  ( 0.0000000000000000000, 2.220446049250000002E-16, 1.000000000000000000 ) ) ;
#1588 = ORIENTED_EDGE ( 'NONE', *, *, #616, .F. ) ;
#1589 = EDGE_CURVE ( 'NONE', #1005, #590, #1255, .T. ) ;
#1590 = AXIS2_PLACEMENT_3D ( 'NONE', #1248, #1578, #1431 ) ;
#1591 = CARTESIAN_POINT ( 'NONE',  ( 5.049999999999999822, -2.399999999999999911, 12.00000000000000000 ) ) ;
#1592 = DIRECTION ( 'NONE',  ( 1.000000000000000000, 0.0000000000000000000, -0.0000000000000000000 ) ) ;
#1593 = MECHANICAL_DESIGN_GEOMETRIC_PRESENTATION_REPRESENTATION (  '', ( #1092 ), #108 ) ;
#1594 = VERTEX_POINT ( 'NONE', #7 ) ;
#1595 = ADVANCED_FACE ( 'NONE', ( #485 ), #169, .T. ) ;
#1596 = VECTOR ( 'NONE', #1669, 1000.000000000000000 ) ;
#1597 = DIRECTION ( 'NONE',  ( 1.000000000000000000, 0.0000000000000000000, -0.0000000000000000000 ) ) ;
#1598 = PLANE ( 'NONE',  #206 ) ;
#1599 = UNCERTAINTY_MEASURE_WITH_UNIT (LENGTH_MEASURE( 1.000000000000000082E-05 ), #1140, 'distance_accuracy_value', 'NONE');
#1600 = SURFACE_SIDE_STYLE ('',( #213 ) ) ;
#1601 = DIRECTION ( 'NONE',  ( 0.0000000000000000000, -1.000000000000000000, -0.0000000000000000000 ) ) ;
#1602 = DIRECTION ( 'NONE',  ( 0.0000000000000000000, 1.000000000000000000, 0.0000000000000000000 ) ) ;
#1603 =( NAMED_UNIT ( * ) SI_UNIT ( $, .STERADIAN. ) SOLID_ANGLE_UNIT ( ) );
#1604 = ORIENTED_EDGE ( 'NONE', *, *, #916, .T. ) ;
#1605 = DIRECTION ( 'NONE',  ( -1.374525595238999975E-32, 1.000000000000000000, 0.0000000000000000000 ) ) ;
#1606 = ORIENTED_EDGE ( 'NONE', *, *, #1624, .T. ) ;
#1607 = ORIENTED_EDGE ( 'NONE', *, *, #1496, .F. ) ;
#1608 = DIRECTION ( 'NONE',  ( -0.0000000000000000000, 1.000000000000000000, -2.220446049250000002E-16 ) ) ;
#1609 =( NAMED_UNIT ( * ) SI_UNIT ( $, .STERADIAN. ) SOLID_ANGLE_UNIT ( ) );
#1610 = EDGE_CURVE ( 'NONE', #586, #1072, #30, .T. ) ;
#1611 = ORIENTED_EDGE ( 'NONE', *, *, #1204, .T. ) ;
#1612 = CARTESIAN_POINT ( 'NONE',  ( -5.049999999999999822, 0.2000000000000000944, 0.0000000000000000000 ) ) ;
#1613 = ORIENTED_EDGE ( 'NONE', *, *, #1137, .T. ) ;
#1614 = CARTESIAN_POINT ( 'NONE',  ( -0.6500000000000001332, 0.5999999999999999778, -6.000000000000000000 ) ) ;
#1615 = PRESENTATION_LAYER_ASSIGNMENT (  '', '', ( #317 ) ) ;
#1616 = CARTESIAN_POINT ( 'NONE',  ( 5.650000000000000355, 16.39999999999999858, 11.50000000000000000 ) ) ;
#1617 = PLANE ( 'NONE',  #1792 ) ;
#1618 = PRESENTATION_LAYER_ASSIGNMENT (  '', '', ( #1445 ) ) ;
#1619 = EDGE_CURVE ( 'NONE', #681, #297, #474, .T. ) ;
#1620 = DIRECTION ( 'NONE',  ( -1.374525595238999975E-32, 1.000000000000000000, -0.0000000000000000000 ) ) ;
#1621 = PRESENTATION_LAYER_ASSIGNMENT (  '', '', ( #888 ) ) ;
#1622 = PLANE ( 'NONE',  #170 ) ;
#1623 = ORIENTED_EDGE ( 'NONE', *, *, #795, .T. ) ;
#1624 = EDGE_CURVE ( 'NONE', #743, #1557, #1417, .T. ) ;
#1625 = DIRECTION ( 'NONE',  ( 0.0000000000000000000, -1.000000000000000000, 2.220446049250000002E-16 ) ) ;
#1626 = ORIENTED_EDGE ( 'NONE', *, *, #220, .F. ) ;
#1627 = CARTESIAN_POINT ( 'NONE',  ( -5.049999999999999822, 1.500000000000000000, 0.0000000000000000000 ) ) ;
#1628 = VECTOR ( 'NONE', #155, 1000.000000000000000 ) ;
#1629 = ORIENTED_EDGE ( 'NONE', *, *, #1856, .F. ) ;
#1630 = EDGE_LOOP ( 'NONE', ( #546, #928, #1482, #479 ) ) ;
#1631 = COLOUR_RGB ( '',0.8000000000000000444, 0.8000000000000000444, 0.8000000000000000444 ) ;
#1632 = FACE_OUTER_BOUND ( 'NONE', #143, .T. ) ;
#1633 = PLANE ( 'NONE',  #11 ) ;
#1634 = VECTOR ( 'NONE', #627, 1000.000000000000000 ) ;
#1635 = LINE ( 'NONE', #1895, #1552 ) ;
#1636 = DIRECTION ( 'NONE',  ( 0.0000000000000000000, -0.0000000000000000000, 1.000000000000000000 ) ) ;
#1637 = EDGE_CURVE ( 'NONE', #1718, #1304, #1722, .T. ) ;
#1638 =( LENGTH_UNIT ( ) NAMED_UNIT ( * ) SI_UNIT ( .MILLI., .METRE. ) );
#1639 = ORIENTED_EDGE ( 'NONE', *, *, #1068, .F. ) ;
#1640 = VERTEX_POINT ( 'NONE', #1276 ) ;
#1641 = DIRECTION ( 'NONE',  ( 0.0000000000000000000, 1.000000000000000000, 0.0000000000000000000 ) ) ;
#1642 = DIRECTION ( 'NONE',  ( 0.0000000000000000000, -2.115516434118057709E-16, -1.000000000000000000 ) ) ;
#1643 = DIRECTION ( 'NONE',  ( 0.0000000000000000000, 1.845450506358305818E-16, 1.000000000000000000 ) ) ;
#1644 = CARTESIAN_POINT ( 'NONE',  ( 0.6500000000000001332, -2.399999999999999467, 3.245163805245065092 ) ) ;
#1645 = EDGE_CURVE ( 'NONE', #890, #532, #536, .T. ) ;
#1646 = FILL_AREA_STYLE ('',( #516 ) ) ;
#1647 = ORIENTED_EDGE ( 'NONE', *, *, #305, .F. ) ;
#1648 = VECTOR ( 'NONE', #801, 1000.000000000000000 ) ;
#1649 = DIRECTION ( 'NONE',  ( 0.0000000000000000000, 2.182085317882000006E-16, 1.000000000000000000 ) ) ;
#1650 =( GEOMETRIC_REPRESENTATION_CONTEXT ( 3 ) GLOBAL_UNCERTAINTY_ASSIGNED_CONTEXT ( ( #977 ) ) GLOBAL_UNIT_ASSIGNED_CONTEXT ( ( #1846, #680, #1430 ) ) REPRESENTATION_CONTEXT ( 'NONE', 'WORKASPACE' ) );
#1651 = ORIENTED_EDGE ( 'NONE', *, *, #97, .F. ) ;
#1652 = LINE ( 'NONE', #425, #1705 ) ;
#1653 = DIRECTION ( 'NONE',  ( 0.0000000000000000000, 1.000000000000000000, 0.0000000000000000000 ) ) ;
#1654 = CARTESIAN_POINT ( 'NONE',  ( 5.650000000000000355, 15.10000000000000142, 0.0000000000000000000 ) ) ;
#1655 = EDGE_CURVE ( 'NONE', #325, #48, #1908, .T. ) ;
#1656 = SURFACE_STYLE_FILL_AREA ( #1010 ) ;
#1657 = EDGE_CURVE ( 'NONE', #1076, #13, #989, .T. ) ;
#1658 = CARTESIAN_POINT ( 'NONE',  ( 0.0000000000000000000, -0.5999999999999999778, 7.900000000000000355 ) ) ;
#1659 = STYLED_ITEM ( 'NONE', ( #285 ), #1518 ) ;
#1660 =( NAMED_UNIT ( * ) SI_UNIT ( $, .STERADIAN. ) SOLID_ANGLE_UNIT ( ) );
#1661 =( NAMED_UNIT ( * ) SI_UNIT ( $, .STERADIAN. ) SOLID_ANGLE_UNIT ( ) );
#1662 = CIRCLE ( 'NONE', #1358, 1.000000000000000888 ) ;
#1663 = DIRECTION ( 'NONE',  ( -0.0000000000000000000, 1.000000000000000000, 0.0000000000000000000 ) ) ;
#1664 = EDGE_CURVE ( 'NONE', #904, #1580, #953, .T. ) ;
#1665 = CARTESIAN_POINT ( 'NONE',  ( -4.250000000000000000, 1.500000000000000000, 0.0000000000000000000 ) ) ;
#1666 = VERTEX_POINT ( 'NONE', #664 ) ;
#1667 = LINE ( 'NONE', #1958, #321 ) ;
#1668 = DIRECTION ( 'NONE',  ( 1.000000000000000000, 0.0000000000000000000, 0.0000000000000000000 ) ) ;
#1669 = DIRECTION ( 'NONE',  ( -0.0000000000000000000, 0.0000000000000000000, -1.000000000000000000 ) ) ;
#1670 = ORIENTED_EDGE ( 'NONE', *, *, #1543, .F. ) ;
#1671 = ADVANCED_FACE ( 'NONE', ( #819 ), #1622, .F. ) ;
#1672 = LINE ( 'NONE', #572, #1045 ) ;
#1673 = AXIS2_PLACEMENT_3D ( 'NONE', #1573, #1910, #1427 ) ;
#1674 = LINE ( 'NONE', #1491, #390 ) ;
#1675 = AXIS2_PLACEMENT_3D ( 'NONE', #1440, #66, #243 ) ;
#1676 = PRESENTATION_STYLE_ASSIGNMENT (( #735 ) ) ;
#1677 = DIRECTION ( 'NONE',  ( -1.000000000000000000, 0.0000000000000000000, -0.0000000000000000000 ) ) ;
#1678 = LINE ( 'NONE', #620, #1258 ) ;
#1679 = COLOUR_RGB ( '',0.8000000000000000444, 0.8000000000000000444, 0.8000000000000000444 ) ;
#1680 = ORIENTED_EDGE ( 'NONE', *, *, #795, .F. ) ;
#1681 = VECTOR ( 'NONE', #1318, 1000.000000000000000 ) ;
#1682 = DIRECTION ( 'NONE',  ( -0.0000000000000000000, -1.000000000000000000, -0.0000000000000000000 ) ) ;
#1683 = CARTESIAN_POINT ( 'NONE',  ( 0.0000000000000000000, 16.10000000000000142, 7.900000000000000355 ) ) ;
#1684 = VECTOR ( 'NONE', #1038, 1000.000000000000000 ) ;
#1685 = DIRECTION ( 'NONE',  ( -1.000000000000000000, -0.0000000000000000000, -0.0000000000000000000 ) ) ;
#1686 = VECTOR ( 'NONE', #1197, 1000.000000000000000 ) ;
#1687 = EDGE_CURVE ( 'NONE', #1666, #1256, #1635, .T. ) ;
#1688 = CARTESIAN_POINT ( 'NONE',  ( 0.6500000000000001332, -0.5999999999999998668, 3.953165825626999919 ) ) ;
#1689 = LINE ( 'NONE', #308, #386 ) ;
#1690 = CARTESIAN_POINT ( 'NONE',  ( 0.6500000000000001332, -0.5999999999999999778, -6.000000000000000000 ) ) ;
#1691 = VERTEX_POINT ( 'NONE', #237 ) ;
#1692 = UNCERTAINTY_MEASURE_WITH_UNIT (LENGTH_MEASURE( 1.000000000000000082E-05 ), #1013, 'distance_accuracy_value', 'NONE');
#1693 = FACE_OUTER_BOUND ( 'NONE', #1394, .T. ) ;
#1694 = PLANE ( 'NONE',  #663 ) ;
#1695 = CARTESIAN_POINT ( 'NONE',  ( -0.4500000000000000666, -0.4000000000000006328, -6.000000000000000888 ) ) ;
#1696 = PRESENTATION_STYLE_ASSIGNMENT (( #1066 ) ) ;
#1697 = EDGE_CURVE ( 'NONE', #226, #1256, #1148, .T. ) ;
#1698 = SURFACE_SIDE_STYLE ('',( #1709 ) ) ;
#1699 = CARTESIAN_POINT ( 'NONE',  ( 5.649999999999999467, 0.2000000000000000111, 11.50000000000000178 ) ) ;
#1700 = VERTEX_POINT ( 'NONE', #644 ) ;
#1701 = ADVANCED_FACE ( 'NONE', ( #1001 ), #1930, .F. ) ;
#1702 = EDGE_LOOP ( 'NONE', ( #1136, #264, #1281, #1956, #624, #679 ) ) ;
#1703 = LINE ( 'NONE', #1559, #327 ) ;
#1704 = SURFACE_STYLE_USAGE ( .BOTH. , #1074 ) ;
#1705 = VECTOR ( 'NONE', #844, 1000.000000000000000 ) ;
#1706 = CARTESIAN_POINT ( 'NONE',  ( -0.5500000000000000444, 0.5999999999999999778, -5.900000000000000355 ) ) ;
#1707 = VECTOR ( 'NONE', #1247, 1000.000000000000000 ) ;
#1708 = ORIENTED_EDGE ( 'NONE', *, *, #251, .T. ) ;
#1709 = SURFACE_STYLE_FILL_AREA ( #770 ) ;
#1710 = DIRECTION ( 'NONE',  ( 1.000000000000000000, 0.0000000000000000000, -0.0000000000000000000 ) ) ;
#1711 = EDGE_CURVE ( 'NONE', #1100, #739, #1467, .T. ) ;
#1712 =( LENGTH_UNIT ( ) NAMED_UNIT ( * ) SI_UNIT ( .MILLI., .METRE. ) );
#1713 = EDGE_CURVE ( 'NONE', #736, #586, #1783, .T. ) ;
#1714 = ORIENTED_EDGE ( 'NONE', *, *, #587, .F. ) ;
#1715 = SURFACE_STYLE_FILL_AREA ( #1218 ) ;
#1716 = FACE_OUTER_BOUND ( 'NONE', #105, .T. ) ;
#1717 = AXIS2_PLACEMENT_3D ( 'NONE', #1825, #142, #758 ) ;
#1718 = VERTEX_POINT ( 'NONE', #1315 ) ;
#1719 = DIRECTION ( 'NONE',  ( 0.0000000000000000000, 1.000000000000000000, 0.0000000000000000000 ) ) ;
#1720 = AXIS2_PLACEMENT_3D ( 'NONE', #107, #260, #248 ) ;
#1721 = ORIENTED_EDGE ( 'NONE', *, *, #1687, .F. ) ;
#1722 = CIRCLE ( 'NONE', #598, 4.000000000000000000 ) ;
#1723 = LINE ( 'NONE', #1867, #1046 ) ;
#1724 = CARTESIAN_POINT ( 'NONE',  ( -0.4499999999600003409, 15.10000000000000142, -6.000000000000000888 ) ) ;
#1725 = VECTOR ( 'NONE', #965, 1000.000000000000114 ) ;
#1726 = EDGE_LOOP ( 'NONE', ( #1463, #1404, #609, #219 ) ) ;
#1727 = DIRECTION ( 'NONE',  ( 0.0000000000000000000, -1.000000000000000000, -0.0000000000000000000 ) ) ;
#1728 = CARTESIAN_POINT ( 'NONE',  ( -5.049999999999999822, 0.2000000000000000666, 0.0000000000000000000 ) ) ;
#1729 = CARTESIAN_POINT ( 'NONE',  ( -5.049999999999999822, 0.2000000000000000111, 0.0000000000000000000 ) ) ;
#1730 = ADVANCED_FACE ( 'NONE', ( #1939, #1300 ), #1437, .F. ) ;
#1731 = DIRECTION ( 'NONE',  ( -0.0000000000000000000, -1.000000000000000000, -0.0000000000000000000 ) ) ;
#1732 = PLANE ( 'NONE',  #1673 ) ;
#1733 = ORIENTED_EDGE ( 'NONE', *, *, #1157, .T. ) ;
#1734 = LINE ( 'NONE', #70, #1749 ) ;
#1735 = CARTESIAN_POINT ( 'NONE',  ( -0.6500000000000003553, 19.00000000000000000, 0.0000000000000000000 ) ) ;
#1736 = DIRECTION ( 'NONE',  ( 1.000000000000000000, 0.0000000000000000000, -0.0000000000000000000 ) ) ;
#1737 = EDGE_CURVE ( 'NONE', #1834, #1859, #134, .T. ) ;
#1738 = ORIENTED_EDGE ( 'NONE', *, *, #1589, .F. ) ;
#1739 = DIRECTION ( 'NONE',  ( 0.0000000000000000000, -0.0000000000000000000, 1.000000000000000000 ) ) ;
#1740 = ORIENTED_EDGE ( 'NONE', *, *, #1496, .T. ) ;
#1741 = CARTESIAN_POINT ( 'NONE',  ( -0.6500000000000003553, -5.000000000000000000, 7.900000000000000355 ) ) ;
#1742 = LINE ( 'NONE', #208, #1790 ) ;
#1743 = VECTOR ( 'NONE', #10, 1000.000000000000000 ) ;
#1744 = ORIENTED_EDGE ( 'NONE', *, *, #822, .T. ) ;
#1745 = AXIS2_PLACEMENT_3D ( 'NONE', #334, #468, #448 ) ;
#1746 = DIRECTION ( 'NONE',  ( -0.0000000000000000000, 1.000000000000000000, 0.0000000000000000000 ) ) ;
#1747 = SURFACE_SIDE_STYLE ('',( #651 ) ) ;
#1748 = CIRCLE ( 'NONE', #1048, 4.699999999999999289 ) ;
#1749 = VECTOR ( 'NONE', #519, 1000.000000000000000 ) ;
#1750 = ORIENTED_EDGE ( 'NONE', *, *, #1246, .F. ) ;
#1751 = STYLED_ITEM ( 'NONE', ( #562 ), #1272 ) ;
#1752 = VECTOR ( 'NONE', #1954, 1000.000000000000000 ) ;
#1753 = EDGE_CURVE ( 'NONE', #28, #1110, #409, .T. ) ;
#1754 = CARTESIAN_POINT ( 'NONE',  ( 0.6500000000000001332, 0.5999999999999999778, 3.953165825626999919 ) ) ;
#1755 = DIRECTION ( 'NONE',  ( 0.0000000000000000000, 0.0000000000000000000, 1.000000000000000000 ) ) ;
#1756 = COLOUR_RGB ( '',0.8000000000000000444, 0.8000000000000000444, 0.8000000000000000444 ) ;
#1757 = VERTEX_POINT ( 'NONE', #1018 ) ;
#1758 = ORIENTED_EDGE ( 'NONE', *, *, #1840, .F. ) ;
#1759 = AXIS2_PLACEMENT_3D ( 'NONE', #934, #1569, #1094 ) ;
#1760 = LINE ( 'NONE', #975, #1456 ) ;
#1761 = UNCERTAINTY_MEASURE_WITH_UNIT (LENGTH_MEASURE( 1.000000000000000082E-05 ), #527, 'distance_accuracy_value', 'NONE');
#1762 = SURFACE_SIDE_STYLE ('',( #652 ) ) ;
#1763 = LINE ( 'NONE', #1773, #77 ) ;
#1764 = CARTESIAN_POINT ( 'NONE',  ( -0.6500000000000001332, 0.6000000000000011990, 0.0000000000000000000 ) ) ;
#1765 = EDGE_LOOP ( 'NONE', ( #1373, #872, #1407, #1144 ) ) ;
#1766 = ORIENTED_EDGE ( 'NONE', *, *, #1436, .T. ) ;
#1767 = EDGE_CURVE ( 'NONE', #331, #1380, #1807, .T. ) ;
#1768 = ORIENTED_EDGE ( 'NONE', *, *, #1657, .T. ) ;
#1769 = EDGE_LOOP ( 'NONE', ( #1988, #1084, #1271, #177, #1369, #1651, #467, #814, #35, #1464, #666 ) ) ;
#1770 = DIRECTION ( 'NONE',  ( 0.0000000000000000000, -0.0000000000000000000, 1.000000000000000000 ) ) ;
#1771 = FACE_OUTER_BOUND ( 'NONE', #1526, .T. ) ;
#1772 =( NAMED_UNIT ( * ) SI_UNIT ( $, .STERADIAN. ) SOLID_ANGLE_UNIT ( ) );
#1773 = CARTESIAN_POINT ( 'NONE',  ( 0.6500000000000001332, -5.000000000000000000, 3.953165825626999919 ) ) ;
#1774 = CARTESIAN_POINT ( 'NONE',  ( 0.6499999999600001299, 14.90000000000000036, -5.799999999999999822 ) ) ;
#1775 = ORIENTED_EDGE ( 'NONE', *, *, #614, .T. ) ;
#1776 = PLANE ( 'NONE',  #1251 ) ;
#1777 = EDGE_LOOP ( 'NONE', ( #1766, #1245, #424, #1351 ) ) ;
#1778 = VERTEX_POINT ( 'NONE', #852 ) ;
#1779 = DIRECTION ( 'NONE',  ( -1.000000000000000000, 0.0000000000000000000, -0.0000000000000000000 ) ) ;
#1780 = VECTOR ( 'NONE', #838, 1000.000000000000000 ) ;
#1781 = EDGE_CURVE ( 'NONE', #411, #1826, #263, .T. ) ;
#1782 =( GEOMETRIC_REPRESENTATION_CONTEXT ( 3 ) GLOBAL_UNCERTAINTY_ASSIGNED_CONTEXT ( ( #1692 ) ) GLOBAL_UNIT_ASSIGNED_CONTEXT ( ( #1013, #1343, #1660 ) ) REPRESENTATION_CONTEXT ( 'NONE', 'WORKASPACE' ) );
#1783 = LINE ( 'NONE', #1160, #1516 ) ;
#1784 =( NAMED_UNIT ( * ) PLANE_ANGLE_UNIT ( ) SI_UNIT ( $, .RADIAN. ) );
#1785 = ORIENTED_EDGE ( 'NONE', *, *, #1960, .F. ) ;
#1786 = PRODUCT ( '5BB4E6F7-DB29-4447-84BD-F52909E66D74', '5BB4E6F7-DB29-4447-84BD-F52909E66D74', '', ( #887 ) ) ;
#1787 = SURFACE_SIDE_STYLE ('',( #231 ) ) ;
#1788 = CIRCLE ( 'NONE', #1025, 1.000000000000000888 ) ;
#1789 = EDGE_LOOP ( 'NONE', ( #513, #1853, #304, #289 ) ) ;
#1790 = VECTOR ( 'NONE', #96, 1000.000000000000114 ) ;
#1791 = PRESENTATION_LAYER_ASSIGNMENT (  '', '', ( #1092 ) ) ;
#1792 = AXIS2_PLACEMENT_3D ( 'NONE', #236, #1177, #394 ) ;
#1793 = CARTESIAN_POINT ( 'NONE',  ( 0.6500000000000003553, -5.000000000000000000, 7.900000000000000355 ) ) ;
#1794 = FACE_OUTER_BOUND ( 'NONE', #991, .T. ) ;
#1795 = DIRECTION ( 'NONE',  ( -1.000000000000000000, -0.0000000000000000000, 0.0000000000000000000 ) ) ;
#1796 = FACE_OUTER_BOUND ( 'NONE', #1321, .T. ) ;
#1797 = ORIENTED_EDGE ( 'NONE', *, *, #1053, .T. ) ;
#1798 =( LENGTH_UNIT ( ) NAMED_UNIT ( * ) SI_UNIT ( .MILLI., .METRE. ) );
#1799 = ORIENTED_EDGE ( 'NONE', *, *, #972, .F. ) ;
#1800 = DIRECTION ( 'NONE',  ( 0.5773502691896263972, 0.5773502691896259531, 0.5773502691896251759 ) ) ;
#1801 = FACE_OUTER_BOUND ( 'NONE', #173, .T. ) ;
#1802 = LINE ( 'NONE', #1815, #702 ) ;
#1803 = CARTESIAN_POINT ( 'NONE',  ( 0.5500000000000000444, 0.5999999999999999778, -5.900000000000000355 ) ) ;
#1804 = EDGE_CURVE ( 'NONE', #166, #139, #713, .T. ) ;
#1805 = LINE ( 'NONE', #1333, #1752 ) ;
#1806 = VECTOR ( 'NONE', #952, 1000.000000000000000 ) ;
#1807 = LINE ( 'NONE', #1793, #332 ) ;
#1808 = AXIS2_PLACEMENT_3D ( 'NONE', #1803, #870, #1212 ) ;
#1809 = STYLED_ITEM ( 'NONE', ( #278 ), #708 ) ;
#1810 = FILL_AREA_STYLE_COLOUR ( '', #465 ) ;
#1811 = EDGE_CURVE ( 'NONE', #859, #2000, #423, .T. ) ;
#1812 = SHAPE_DEFINITION_REPRESENTATION ( #1154, #1272 ) ;
#1813 = AXIS2_PLACEMENT_3D ( 'NONE', #1411, #1592, #808 ) ;
#1814 = DIRECTION ( 'NONE',  ( 0.0000000000000000000, -1.000000000000000000, 0.0000000000000000000 ) ) ;
#1815 = CARTESIAN_POINT ( 'NONE',  ( -4.250000000000000000, 1.500000000000000000, 0.0000000000000000000 ) ) ;
#1816 = CARTESIAN_POINT ( 'NONE',  ( -0.6500000000000001332, -0.5000000000000000000, -5.900000000000000355 ) ) ;
#1817 = EDGE_CURVE ( 'NONE', #743, #1142, #1879, .T. ) ;
#1818 = CARTESIAN_POINT ( 'NONE',  ( -0.6500000000000001332, -0.5999999999999999778, -6.000000000000000000 ) ) ;
#1819 = EDGE_CURVE ( 'NONE', #393, #1557, #1842, .T. ) ;
#1820 = ORIENTED_EDGE ( 'NONE', *, *, #1336, .F. ) ;
#1821 = CARTESIAN_POINT ( 'NONE',  ( -5.049999999999999822, -2.399999999999999911, 0.0000000000000000000 ) ) ;
#1822 = CARTESIAN_POINT ( 'NONE',  ( -0.6500000000000001332, 0.5999999999999999778, -5.799999999999999822 ) ) ;
#1823 = SURFACE_SIDE_STYLE ('',( #419 ) ) ;
#1824 = DIRECTION ( 'NONE',  ( -0.0000000000000000000, 0.0000000000000000000, -1.000000000000000000 ) ) ;
#1825 = CARTESIAN_POINT ( 'NONE',  ( 5.049999999999999822, 15.10000000000000142, 11.50000000000000000 ) ) ;
#1826 = VERTEX_POINT ( 'NONE', #275 ) ;
#1827 = CARTESIAN_POINT ( 'NONE',  ( 0.0000000000000000000, -4.999999999999999112, 7.900000000000000355 ) ) ;
#1828 = CARTESIAN_POINT ( 'NONE',  ( 5.650000000000000355, 1.500000000000000000, 0.0000000000000000000 ) ) ;
#1829 = SURFACE_SIDE_STYLE ('',( #1330 ) ) ;
#1830 = ORIENTED_EDGE ( 'NONE', *, *, #558, .F. ) ;
#1831 = ORIENTED_EDGE ( 'NONE', *, *, #1804, .T. ) ;
#1832 = CYLINDRICAL_SURFACE ( 'NONE', #1966, 4.699999999999999289 ) ;
#1833 = VECTOR ( 'NONE', #1087, 1000.000000000000000 ) ;
#1834 = VERTEX_POINT ( 'NONE', #1327 ) ;
#1835 = DIRECTION ( 'NONE',  ( 0.0000000000000000000, -0.0000000000000000000, 1.000000000000000000 ) ) ;
#1836 = VERTEX_POINT ( 'NONE', #1975 ) ;
#1837 = AXIS2_PLACEMENT_3D ( 'NONE', #998, #1314, #712 ) ;
#1838 = CARTESIAN_POINT ( 'NONE',  ( -4.049999999999999822, -2.399999999999999911, 13.00000000000000178 ) ) ;
#1839 = AXIS2_PLACEMENT_3D ( 'NONE', #618, #1868, #1755 ) ;
#1840 = EDGE_CURVE ( 'NONE', #328, #1836, #124, .T. ) ;
#1841 = CARTESIAN_POINT ( 'NONE',  ( 0.6499999999800001316, 16.10000000000000142, 0.0000000000000000000 ) ) ;
#1842 = CIRCLE ( 'NONE', #1229, 2.049999999999999822 ) ;
#1843 = SURFACE_STYLE_FILL_AREA ( #303 ) ;
#1844 = EDGE_CURVE ( 'NONE', #1691, #945, #1950, .T. ) ;
#1845 = ORIENTED_EDGE ( 'NONE', *, *, #412, .T. ) ;
#1846 =( LENGTH_UNIT ( ) NAMED_UNIT ( * ) SI_UNIT ( .MILLI., .METRE. ) );
#1847 = LINE ( 'NONE', #886, #132 ) ;
#1848 = EDGE_LOOP ( 'NONE', ( #1266, #1294 ) ) ;
#1849 = LINE ( 'NONE', #450, #356 ) ;
#1850 = ORIENTED_EDGE ( 'NONE', *, *, #350, .T. ) ;
#1851 = UNCERTAINTY_MEASURE_WITH_UNIT (LENGTH_MEASURE( 1.000000000000000082E-05 ), #525, 'distance_accuracy_value', 'NONE');
#1852 = CARTESIAN_POINT ( 'NONE',  ( -0.6500000000000001332, 0.5999999999999999778, 0.0000000000000000000 ) ) ;
#1853 = ORIENTED_EDGE ( 'NONE', *, *, #1079, .T. ) ;
#1854 = EDGE_CURVE ( 'NONE', #1918, #31, #545, .T. ) ;
#1855 = ORIENTED_EDGE ( 'NONE', *, *, #284, .T. ) ;
#1856 = EDGE_CURVE ( 'NONE', #1335, #517, #1188, .T. ) ;
#1857 = DIRECTION ( 'NONE',  ( -0.5773502691896216232, -0.5773502691896278405, -0.5773502691896278405 ) ) ;
#1858 = CARTESIAN_POINT ( 'NONE',  ( -5.049999999999999822, 19.00000000000000000, 0.0000000000000000000 ) ) ;
#1859 = VERTEX_POINT ( 'NONE', #164 ) ;
#1860 = DIRECTION ( 'NONE',  ( -0.0000000000000000000, 0.0000000000000000000, -1.000000000000000000 ) ) ;
#1861 = CARTESIAN_POINT ( 'NONE',  ( 0.4499999999600004519, 15.10000000000000142, -6.000000000000000888 ) ) ;
#1862 = CARTESIAN_POINT ( 'NONE',  ( 2.510525938252076158E-16, -0.5999999999999995337, 9.950000000000001066 ) ) ;
#1863 = ORIENTED_EDGE ( 'NONE', *, *, #412, .F. ) ;
#1864 = ORIENTED_EDGE ( 'NONE', *, *, #858, .T. ) ;
#1865 =( GEOMETRIC_REPRESENTATION_CONTEXT ( 3 ) GLOBAL_UNCERTAINTY_ASSIGNED_CONTEXT ( ( #761 ) ) GLOBAL_UNIT_ASSIGNED_CONTEXT ( ( #427, #268, #893 ) ) REPRESENTATION_CONTEXT ( 'NONE', 'WORKASPACE' ) );
#1866 = VERTEX_POINT ( 'NONE', #1858 ) ;
#1867 = CARTESIAN_POINT ( 'NONE',  ( -5.049999999999999822, 16.39999999999999858, 0.0000000000000000000 ) ) ;
#1868 = DIRECTION ( 'NONE',  ( -0.0000000000000000000, -1.000000000000000000, -0.0000000000000000000 ) ) ;
#1869 = EDGE_CURVE ( 'NONE', #1250, #904, #1060, .T. ) ;
#1870 = VERTEX_POINT ( 'NONE', #909 ) ;
#1871 = SURFACE_SIDE_STYLE ('',( #458 ) ) ;
#1872 = CARTESIAN_POINT ( 'NONE',  ( 0.6499999999600000189, 14.90000000000000036, -5.799999999999999822 ) ) ;
#1873 = CIRCLE ( 'NONE', #1028, 4.000000000000000000 ) ;
#1874 = ORIENTED_EDGE ( 'NONE', *, *, #1819, .T. ) ;
#1875 = ORIENTED_EDGE ( 'NONE', *, *, #1655, .F. ) ;
#1876 =( NAMED_UNIT ( * ) SI_UNIT ( $, .STERADIAN. ) SOLID_ANGLE_UNIT ( ) );
#1877 = VECTOR ( 'NONE', #1906, 1000.000000000000000 ) ;
#1878 =( LENGTH_UNIT ( ) NAMED_UNIT ( * ) SI_UNIT ( .MILLI., .METRE. ) );
#1879 = CIRCLE ( 'NONE', #1424, 2.049999999999999822 ) ;
#1880 = ORIENTED_EDGE ( 'NONE', *, *, #1619, .T. ) ;
#1881 = ADVANCED_FACE ( 'NONE', ( #1414 ), #1520, .F. ) ;
#1882 = DIRECTION ( 'NONE',  ( -0.0000000000000000000, 0.0000000000000000000, 1.000000000000000000 ) ) ;
#1883 = FILL_AREA_STYLE ('',( #987 ) ) ;
#1884 =( LENGTH_UNIT ( ) NAMED_UNIT ( * ) SI_UNIT ( .MILLI., .METRE. ) );
#1885 = DIRECTION ( 'NONE',  ( 0.0000000000000000000, -1.000000000000000000, -0.0000000000000000000 ) ) ;
#1886 = EDGE_LOOP ( 'NONE', ( #312, #444, #1708, #318 ) ) ;
#1887 = PLANE ( 'NONE',  #380 ) ;
#1888 = DIRECTION ( 'NONE',  ( 0.0000000000000000000, 0.0000000000000000000, 1.000000000000000000 ) ) ;
#1889 = VERTEX_POINT ( 'NONE', #1728 ) ;
#1890 = CARTESIAN_POINT ( 'NONE',  ( 5.049999999999999822, 16.39999999999999858, 0.0000000000000000000 ) ) ;
#1891 = CARTESIAN_POINT ( 'NONE',  ( 0.6500000000000003553, 19.00000000000000000, 0.0000000000000000000 ) ) ;
#1892 = UNCERTAINTY_MEASURE_WITH_UNIT (LENGTH_MEASURE( 1.000000000000000082E-05 ), #898, 'distance_accuracy_value', 'NONE');
#1893 = SURFACE_STYLE_USAGE ( .BOTH. , #1600 ) ;
#1894 = CARTESIAN_POINT ( 'NONE',  ( -0.6499999999600000189, 14.90000000000000036, -5.800000000000000711 ) ) ;
#1895 = CARTESIAN_POINT ( 'NONE',  ( -0.6499999999800001316, 16.10000000000000142, -6.000000000000000000 ) ) ;
#1896 = EDGE_CURVE ( 'NONE', #1640, #1778, #337, .T. ) ;
#1897 = FACE_OUTER_BOUND ( 'NONE', #1789, .T. ) ;
#1898 = ORIENTED_EDGE ( 'NONE', *, *, #1488, .F. ) ;
#1899 = CARTESIAN_POINT ( 'NONE',  ( -0.6500000000000001332, -5.000000000000000000, -6.000000000000000000 ) ) ;
#1900 = LINE ( 'NONE', #784, #1634 ) ;
#1901 = AXIS2_PLACEMENT_3D ( 'NONE', #703, #715, #1981 ) ;
#1902 = ORIENTED_EDGE ( 'NONE', *, *, #1664, .F. ) ;
#1903 = ORIENTED_EDGE ( 'NONE', *, *, #1042, .T. ) ;
#1904 = MECHANICAL_DESIGN_GEOMETRIC_PRESENTATION_REPRESENTATION (  '', ( #888 ), #1151 ) ;
#1905 = LINE ( 'NONE', #1138, #1356 ) ;
#1906 = DIRECTION ( 'NONE',  ( 1.000000000000000000, 0.0000000000000000000, -0.0000000000000000000 ) ) ;
#1907 = LINE ( 'NONE', #962, #65 ) ;
#1908 = LINE ( 'NONE', #1764, #272 ) ;
#1909 = ORIENTED_EDGE ( 'NONE', *, *, #1448, .T. ) ;
#1910 = DIRECTION ( 'NONE',  ( 0.0000000000000000000, -1.000000000000000000, 0.0000000000000000000 ) ) ;
#1911 = CARTESIAN_POINT ( 'NONE',  ( 0.6499999999600000189, 14.90000000000000036, -6.000000000000000000 ) ) ;
#1912 = EDGE_CURVE ( 'NONE', #13, #1542, #186, .T. ) ;
#1913 = VECTOR ( 'NONE', #1731, 1000.000000000000000 ) ;
#1914 = VERTEX_POINT ( 'NONE', #482 ) ;
#1915 = CARTESIAN_POINT ( 'NONE',  ( -0.6500000000000001332, -5.000000000000000000, 3.245163805244999811 ) ) ;
#1916 = MECHANICAL_DESIGN_GEOMETRIC_PRESENTATION_REPRESENTATION (  '', ( #729 ), #204 ) ;
#1917 = ORIENTED_EDGE ( 'NONE', *, *, #375, .F. ) ;
#1918 = VERTEX_POINT ( 'NONE', #1891 ) ;
#1919 = VECTOR ( 'NONE', #1156, 1000.000000000000000 ) ;
#1920 = DIRECTION ( 'NONE',  ( -0.0000000000000000000, 0.0000000000000000000, -1.000000000000000000 ) ) ;
#1921 = LINE ( 'NONE', #1729, #746 ) ;
#1922 = UNCERTAINTY_MEASURE_WITH_UNIT (LENGTH_MEASURE( 1.000000000000000082E-05 ), #1984, 'distance_accuracy_value', 'NONE');
#1923 = DIRECTION ( 'NONE',  ( -0.0000000000000000000, 0.0000000000000000000, 1.000000000000000000 ) ) ;
#1924 = EDGE_LOOP ( 'NONE', ( #505, #1058, #147, #840 ) ) ;
#1925 = DIRECTION ( 'NONE',  ( 1.000000000000000000, 0.0000000000000000000, 0.0000000000000000000 ) ) ;
#1926 = ORIENTED_EDGE ( 'NONE', *, *, #276, .F. ) ;
#1927 = EDGE_CURVE ( 'NONE', #1859, #681, #999, .T. ) ;
#1928 = CARTESIAN_POINT ( 'NONE',  ( 0.6499999999599999079, 16.10000000000000142, -5.799999999999999822 ) ) ;
#1929 =( NAMED_UNIT ( * ) SI_UNIT ( $, .STERADIAN. ) SOLID_ANGLE_UNIT ( ) );
#1930 = PLANE ( 'NONE',  #1165 ) ;
#1931 = CARTESIAN_POINT ( 'NONE',  ( -5.049999999999999822, -2.399999999999999911, 0.0000000000000000000 ) ) ;
#1932 = FILL_AREA_STYLE ('',( #678 ) ) ;
#1933 = LINE ( 'NONE', #1471, #622 ) ;
#1934 = ORIENTED_EDGE ( 'NONE', *, *, #1002, .T. ) ;
#1935 = MECHANICAL_DESIGN_GEOMETRIC_PRESENTATION_REPRESENTATION (  '', ( #1477 ), #585 ) ;
#1936 = ADVANCED_FACE ( 'NONE', ( #662 ), #1633, .T. ) ;
#1937 = AXIS2_PLACEMENT_3D ( 'NONE', #1539, #182, #1390 ) ;
#1938 = VECTOR ( 'NONE', #1222, 1000.000000000000000 ) ;
#1939 = FACE_BOUND ( 'NONE', #153, .T. ) ;
#1940 = PLANE ( 'NONE',  #1504 ) ;
#1941 = PLANE ( 'NONE',  #1253 ) ;
#1942 = DIRECTION ( 'NONE',  ( 1.000000000000000000, 0.0000000000000000000, -0.0000000000000000000 ) ) ;
#1943 = DIRECTION ( 'NONE',  ( 0.0000000000000000000, 1.000000000000000000, -2.220446049250000002E-16 ) ) ;
#1944 = EDGE_LOOP ( 'NONE', ( #973, #135, #324, #1054 ) ) ;
#1945 = CIRCLE ( 'NONE', #438, 4.000000000000000000 ) ;
#1946 = DIRECTION ( 'NONE',  ( 0.0000000000000000000, -1.000000000000000000, 0.0000000000000000000 ) ) ;
#1947 = CARTESIAN_POINT ( 'NONE',  ( 5.049999999999999822, 15.10000000000000142, 11.50000000000000000 ) ) ;
#1948 = PRESENTATION_LAYER_ASSIGNMENT (  '', '', ( #1980 ) ) ;
#1949 = ADVANCED_FACE ( 'NONE', ( #1466 ), #1598, .F. ) ;
#1950 = LINE ( 'NONE', #1352, #897 ) ;
#1951 = DIRECTION ( 'NONE',  ( -0.0000000000000000000, 0.0000000000000000000, 1.000000000000000000 ) ) ;
#1952 = EDGE_CURVE ( 'NONE', #1953, #640, #1434, .T. ) ;
#1953 = VERTEX_POINT ( 'NONE', #1307 ) ;
#1954 = DIRECTION ( 'NONE',  ( 0.0000000000000000000, 1.000000000000000000, 0.0000000000000000000 ) ) ;
#1955 =( NAMED_UNIT ( * ) SI_UNIT ( $, .STERADIAN. ) SOLID_ANGLE_UNIT ( ) );
#1956 = ORIENTED_EDGE ( 'NONE', *, *, #1448, .F. ) ;
#1957 = LINE ( 'NONE', #1036, #378 ) ;
#1958 = CARTESIAN_POINT ( 'NONE',  ( 5.049999999999999822, 0.2000000000000000111, 0.0000000000000000000 ) ) ;
#1959 = FACE_BOUND ( 'NONE', #1848, .T. ) ;
#1960 = EDGE_CURVE ( 'NONE', #31, #1494, #1127, .T. ) ;
#1961 = FACE_OUTER_BOUND ( 'NONE', #1170, .T. ) ;
#1962 = ORIENTED_EDGE ( 'NONE', *, *, #1655, .T. ) ;
#1963 = CARTESIAN_POINT ( 'NONE',  ( -5.049999999999999822, 16.39999999999999858, 0.0000000000000000000 ) ) ;
#1964 = AXIS2_PLACEMENT_3D ( 'NONE', #1468, #537, #1643 ) ;
#1965 = CARTESIAN_POINT ( 'NONE',  ( 5.049999999999999822, -2.399999999999999911, 11.50000000000000000 ) ) ;
#1966 = AXIS2_PLACEMENT_3D ( 'NONE', #1493, #115, #711 ) ;
#1967 = CARTESIAN_POINT ( 'NONE',  ( -5.049999999999999822, -2.399999999999999911, 0.0000000000000000000 ) ) ;
#1968 = COLOUR_RGB ( '',0.8000000000000000444, 0.8000000000000000444, 0.8000000000000000444 ) ;
#1969 = ADVANCED_FACE ( 'NONE', ( #1771 ), #374, .T. ) ;
#1970 = FILL_AREA_STYLE ('',( #1202 ) ) ;
#1971 = ADVANCED_FACE ( 'NONE', ( #85 ), #1617, .T. ) ;
#1972 = SURFACE_STYLE_USAGE ( .BOTH. , #1349 ) ;
#1973 =( NAMED_UNIT ( * ) PLANE_ANGLE_UNIT ( ) SI_UNIT ( $, .RADIAN. ) );
#1974 = VECTOR ( 'NONE', #1746, 1000.000000000000000 ) ;
#1975 = CARTESIAN_POINT ( 'NONE',  ( -4.250000000000000000, 1.500000000000000000, 12.97979589711313686 ) ) ;
#1976 = ORIENTED_EDGE ( 'NONE', *, *, #1753, .T. ) ;
#1977 = UNCERTAINTY_MEASURE_WITH_UNIT (LENGTH_MEASURE( 1.000000000000000082E-05 ), #1182, 'distance_accuracy_value', 'NONE');
#1978 = AXIS2_PLACEMENT_3D ( 'NONE', #1513, #582, #550 ) ;
#1979 = FILL_AREA_STYLE_COLOUR ( '', #963 ) ;
#1980 = STYLED_ITEM ( 'NONE', ( #631 ), #1949 ) ;
#1981 = DIRECTION ( 'NONE',  ( 0.0000000000000000000, -2.115516434118057709E-16, -1.000000000000000000 ) ) ;
#1982 =( NAMED_UNIT ( * ) PLANE_ANGLE_UNIT ( ) SI_UNIT ( $, .RADIAN. ) );
#1983 = ORIENTED_EDGE ( 'NONE', *, *, #1265, .T. ) ;
#1984 =( LENGTH_UNIT ( ) NAMED_UNIT ( * ) SI_UNIT ( .MILLI., .METRE. ) );
#1985 = DIRECTION ( 'NONE',  ( -0.0000000000000000000, 0.0000000000000000000, -1.000000000000000000 ) ) ;
#1986 = CARTESIAN_POINT ( 'NONE',  ( -0.6499999999600000189, 14.90000000000000036, 3.953165825620000184 ) ) ;
#1987 = PLANE ( 'NONE',  #1808 ) ;
#1988 = ORIENTED_EDGE ( 'NONE', *, *, #818, .F. ) ;
#1989 = DIRECTION ( 'NONE',  ( 1.000000000000000000, 0.0000000000000000000, -0.0000000000000000000 ) ) ;
#1990 = EDGE_CURVE ( 'NONE', #1302, #528, #1662, .T. ) ;
#1991 = PLANE ( 'NONE',  #892 ) ;
#1992 = ORIENTED_EDGE ( 'NONE', *, *, #1499, .F. ) ;
#1993 = UNCERTAINTY_MEASURE_WITH_UNIT (LENGTH_MEASURE( 1.000000000000000082E-05 ), #1187, 'distance_accuracy_value', 'NONE');
#1994 = EDGE_CURVE ( 'NONE', #859, #747, #880, .T. ) ;
#1995 = FILL_AREA_STYLE_COLOUR ( '', #1319 ) ;
#1996 = COLOUR_RGB ( '',0.8000000000000000444, 0.8000000000000000444, 0.8000000000000000444 ) ;
#1997 =( NAMED_UNIT ( * ) PLANE_ANGLE_UNIT ( ) SI_UNIT ( $, .RADIAN. ) );
#1998 = EDGE_LOOP ( 'NONE', ( #849, #1291, #1898, #1441 ) ) ;
#1999 = PRESENTATION_LAYER_ASSIGNMENT (  '', '', ( #1081 ) ) ;
#2000 = VERTEX_POINT ( 'NONE', #1495 ) ;
#2001 = PRESENTATION_STYLE_ASSIGNMENT (( #1574 ) ) ;
#2002 = AXIS2_PLACEMENT_3D ( 'NONE', #891, #1037, #113 ) ;
#2003 = VERTEX_POINT ( 'NONE', #286 ) ;
#2004 = PLANE ( 'NONE',  #1354 ) ;
ENDSEC;
END-ISO-10303-21;
