ISO-10303-21;
HEADER;
FILE_DESCRIPTION (( 'STEP AP214' ),
    '1' );
FILE_NAME ('DB0F7485-4686-4F0A-848F-A8C66739CDC7.STEP',
    '2026-06-27T15:02:36',
    ( '' ),
    ( '' ),
    'SwSTEP 2.0',
    'SolidWorks 2022',
    '' );
FILE_SCHEMA (( 'AUTOMOTIVE_DESIGN' ));
ENDSEC;

DATA;
#1 = CARTESIAN_POINT ( 'NONE',  ( 5.650000000000000355, 1.500000000000000000, 11.50000000000000000 ) ) ;
#2 = FILL_AREA_STYLE ('',( #1395 ) ) ;
#3 = SURFACE_STYLE_FILL_AREA ( #1407 ) ;
#4 = VERTEX_POINT ( 'NONE', #907 ) ;
#5 = FILL_AREA_STYLE_COLOUR ( '', #145 ) ;
#6 = VERTEX_POINT ( 'NONE', #455 ) ;
#7 = CARTESIAN_POINT ( 'NONE',  ( 5.049999999999999822, -2.399999999999999911, 0.0000000000000000000 ) ) ;
#8 = VECTOR ( 'NONE', #149, 1000.000000000000000 ) ;
#9 = VECTOR ( 'NONE', #358, 1000.000000000000000 ) ;
#10 = ADVANCED_FACE ( 'NONE', ( #1684 ), #1564, .T. ) ;
#11 = DIRECTION ( 'NONE',  ( -1.000000000000000000, -0.0000000000000000000, 0.0000000000000000000 ) ) ;
#12 = EDGE_LOOP ( 'NONE', ( #954, #1038, #1236, #1305 ) ) ;
#13 = VERTEX_POINT ( 'NONE', #771 ) ;
#14 = VECTOR ( 'NONE', #1277, 1000.000000000000000 ) ;
#15 = CARTESIAN_POINT ( 'NONE',  ( -4.049999999999999822, -2.399999999999999911, 12.00000000000000000 ) ) ;
#16 = DIRECTION ( 'NONE',  ( 0.0000000000000000000, -1.000000000000000000, 2.220446049250000002E-16 ) ) ;
#17 = PRESENTATION_LAYER_ASSIGNMENT (  '', '', ( #842 ) ) ;
#18 = ORIENTED_EDGE ( 'NONE', *, *, #1597, .T. ) ;
#19 = CARTESIAN_POINT ( 'NONE',  ( -5.049999999999999822, 16.39999999999999858, 0.0000000000000000000 ) ) ;
#20 = ORIENTED_EDGE ( 'NONE', *, *, #873, .T. ) ;
#21 = DIRECTION ( 'NONE',  ( 0.0000000000000000000, 0.0000000000000000000, 1.000000000000000000 ) ) ;
#22 = ORIENTED_EDGE ( 'NONE', *, *, #964, .F. ) ;
#23 = CARTESIAN_POINT ( 'NONE',  ( 0.6499999999600000189, 15.90000000000000036, -6.000000000000000000 ) ) ;
#24 = SURFACE_SIDE_STYLE ('',( #1408 ) ) ;
#25 = ORIENTED_EDGE ( 'NONE', *, *, #927, .F. ) ;
#26 = DIRECTION ( 'NONE',  ( -0.0000000000000000000, 0.0000000000000000000, -1.000000000000000000 ) ) ;
#27 = FACE_OUTER_BOUND ( 'NONE', #872, .T. ) ;
#28 = EDGE_LOOP ( 'NONE', ( #1005, #922, #638, #632, #530, #1507 ) ) ;
#29 = PLANE ( 'NONE',  #1422 ) ;
#30 = ORIENTED_EDGE ( 'NONE', *, *, #871, .T. ) ;
#31 = CARTESIAN_POINT ( 'NONE',  ( 0.0000000000000000000, -0.6000000000000004219, 5.850000000000001421 ) ) ;
#32 = PLANE ( 'NONE',  #1388 ) ;
#33 = CARTESIAN_POINT ( 'NONE',  ( -0.6500000000000001332, 19.00000000000000000, 3.953165825626911989 ) ) ;
#34 = CARTESIAN_POINT ( 'NONE',  ( -0.6499999999600000189, 14.90000000000000036, -5.800000000000000711 ) ) ;
#35 = ADVANCED_FACE ( 'NONE', ( #1555, #157 ), #1406, .F. ) ;
#36 = EDGE_CURVE ( 'NONE', #323, #691, #127, .T. ) ;
#37 = EDGE_LOOP ( 'NONE', ( #762, #350, #1717, #1028 ) ) ;
#38 = DIRECTION ( 'NONE',  ( -1.000000000000000000, -0.0000000000000000000, -0.0000000000000000000 ) ) ;
#39 = ORIENTED_EDGE ( 'NONE', *, *, #1151, .T. ) ;
#40 = STYLED_ITEM ( 'NONE', ( #84 ), #936 ) ;
#41 = CARTESIAN_POINT ( 'NONE',  ( 5.049999999999999822, -2.399999999999999911, 11.50000000000000000 ) ) ;
#42 = DIRECTION ( 'NONE',  ( 0.0000000000000000000, 0.0000000000000000000, 1.000000000000000000 ) ) ;
#43 = VECTOR ( 'NONE', #1693, 1000.000000000000000 ) ;
#44 = CARTESIAN_POINT ( 'NONE',  ( -5.049999999999999822, 19.00000000000000000, 0.0000000000000000000 ) ) ;
#45 = VECTOR ( 'NONE', #583, 1000.000000000000000 ) ;
#46 = CIRCLE ( 'NONE', #1073, 1.000000000000000888 ) ;
#47 = DIRECTION ( 'NONE',  ( 0.0000000000000000000, 1.000000000000000000, -2.220446049250000002E-16 ) ) ;
#48 = VECTOR ( 'NONE', #1362, 1000.000000000000000 ) ;
#49 = ORIENTED_EDGE ( 'NONE', *, *, #167, .F. ) ;
#50 = EDGE_CURVE ( 'NONE', #1520, #195, #1890, .T. ) ;
#51 = DIRECTION ( 'NONE',  ( -8.835302081861660988E-17, -1.000000000000000000, 8.835302081861660988E-17 ) ) ;
#52 = ORIENTED_EDGE ( 'NONE', *, *, #1152, .F. ) ;
#53 = UNCERTAINTY_MEASURE_WITH_UNIT (LENGTH_MEASURE( 1.000000000000000082E-05 ), #298, 'distance_accuracy_value', 'NONE');
#54 = CARTESIAN_POINT ( 'NONE',  ( 5.049999999999999822, 15.10000000000000142, 0.0000000000000000000 ) ) ;
#55 =( NAMED_UNIT ( * ) PLANE_ANGLE_UNIT ( ) SI_UNIT ( $, .RADIAN. ) );
#56 = LINE ( 'NONE', #1290, #1118 ) ;
#57 = ORIENTED_EDGE ( 'NONE', *, *, #1586, .T. ) ;
#58 = CARTESIAN_POINT ( 'NONE',  ( -0.5500000000000000444, 0.5999999999999999778, -5.900000000000000355 ) ) ;
#59 = DIRECTION ( 'NONE',  ( 0.0000000000000000000, 1.000000000000000000, 0.0000000000000000000 ) ) ;
#60 = CARTESIAN_POINT ( 'NONE',  ( -4.250000000000000000, 16.39999999999999858, 15.00000000000000000 ) ) ;
#61 = ORIENTED_EDGE ( 'NONE', *, *, #1681, .F. ) ;
#62 = EDGE_CURVE ( 'NONE', #595, #1026, #1449, .T. ) ;
#63 = DIRECTION ( 'NONE',  ( 0.0000000000000000000, 0.0000000000000000000, 1.000000000000000000 ) ) ;
#64 = CARTESIAN_POINT ( 'NONE',  ( 2.510525938252076158E-16, -0.5999999999999995337, 9.950000000000001066 ) ) ;
#65 = CARTESIAN_POINT ( 'NONE',  ( 5.649999999999999467, 16.39999999999999858, 11.50000000000000178 ) ) ;
#66 = LINE ( 'NONE', #1003, #276 ) ;
#67 = CARTESIAN_POINT ( 'NONE',  ( -0.6500000000000001332, 0.4000000000000000222, -6.000000000000000000 ) ) ;
#68 = VERTEX_POINT ( 'NONE', #1791 ) ;
#69 = CARTESIAN_POINT ( 'NONE',  ( -0.6500000000000003553, 19.00000000000000000, 0.0000000000000000000 ) ) ;
#70 = UNCERTAINTY_MEASURE_WITH_UNIT (LENGTH_MEASURE( 1.000000000000000082E-05 ), #1173, 'distance_accuracy_value', 'NONE');
#71 = EDGE_CURVE ( 'NONE', #935, #1378, #578, .T. ) ;
#72 =( LENGTH_UNIT ( ) NAMED_UNIT ( * ) SI_UNIT ( .MILLI., .METRE. ) );
#73 = PRESENTATION_LAYER_ASSIGNMENT (  '', '', ( #175 ) ) ;
#74 = EDGE_CURVE ( 'NONE', #962, #1852, #1623, .T. ) ;
#75 = DIRECTION ( 'NONE',  ( 0.0000000000000000000, 0.0000000000000000000, 1.000000000000000000 ) ) ;
#76 =( NAMED_UNIT ( * ) SI_UNIT ( $, .STERADIAN. ) SOLID_ANGLE_UNIT ( ) );
#77 = VECTOR ( 'NONE', #905, 999.9999999999998863 ) ;
#78 = VECTOR ( 'NONE', #1029, 1000.000000000000000 ) ;
#79 = STYLED_ITEM ( 'NONE', ( #385 ), #658 ) ;
#80 = VECTOR ( 'NONE', #1397, 1000.000000000000000 ) ;
#81 = VECTOR ( 'NONE', #16, 1000.000000000000000 ) ;
#82 = ORIENTED_EDGE ( 'NONE', *, *, #1753, .F. ) ;
#83 = CARTESIAN_POINT ( 'NONE',  ( 0.0000000000000000000, -2.399999999999999911, 7.900000000000000355 ) ) ;
#84 = PRESENTATION_STYLE_ASSIGNMENT (( #236 ) ) ;
#85 = PRESENTATION_STYLE_ASSIGNMENT (( #944 ) ) ;
#86 = EDGE_LOOP ( 'NONE', ( #1636, #1814 ) ) ;
#87 = CARTESIAN_POINT ( 'NONE',  ( -4.049999999999999822, 16.39999999999999858, 12.00000000000000000 ) ) ;
#88 = FACE_OUTER_BOUND ( 'NONE', #904, .T. ) ;
#89 = EDGE_CURVE ( 'NONE', #797, #935, #230, .T. ) ;
#90 = VERTEX_POINT ( 'NONE', #865 ) ;
#91 = DIRECTION ( 'NONE',  ( 1.374525595238999975E-32, -1.000000000000000000, -0.0000000000000000000 ) ) ;
#92 = UNCERTAINTY_MEASURE_WITH_UNIT (LENGTH_MEASURE( 1.000000000000000082E-05 ), #731, 'distance_accuracy_value', 'NONE');
#93 = SURFACE_STYLE_FILL_AREA ( #558 ) ;
#94 =( LENGTH_UNIT ( ) NAMED_UNIT ( * ) SI_UNIT ( .MILLI., .METRE. ) );
#95 = EDGE_LOOP ( 'NONE', ( #564, #1622, #1567, #1033 ) ) ;
#96 = FILL_AREA_STYLE ('',( #1829 ) ) ;
#97 = DIRECTION ( 'NONE',  ( 0.0000000000000000000, -0.0000000000000000000, -1.000000000000000000 ) ) ;
#98 = ADVANCED_FACE ( 'NONE', ( #835 ), #1968, .T. ) ;
#99 = DIRECTION ( 'NONE',  ( 1.000000000000000000, 0.0000000000000000000, -0.0000000000000000000 ) ) ;
#100 = VERTEX_POINT ( 'NONE', #1494 ) ;
#101 = LINE ( 'NONE', #1178, #663 ) ;
#102 = CARTESIAN_POINT ( 'NONE',  ( 0.6500000000000001332, 0.5999999999999999778, 3.953165825626999919 ) ) ;
#103 = VERTEX_POINT ( 'NONE', #1483 ) ;
#104 = SURFACE_STYLE_FILL_AREA ( #1384 ) ;
#105 = AXIS2_PLACEMENT_3D ( 'NONE', #1253, #1092, #322 ) ;
#106 = COLOUR_RGB ( '',0.8000000000000000444, 0.8000000000000000444, 0.8000000000000000444 ) ;
#107 = VECTOR ( 'NONE', #1588, 1000.000000000000000 ) ;
#108 = EDGE_LOOP ( 'NONE', ( #588, #538, #1455, #1680, #1463, #156, #1997 ) ) ;
#109 = VECTOR ( 'NONE', #489, 1000.000000000000000 ) ;
#110 = PRESENTATION_STYLE_ASSIGNMENT (( #1492 ) ) ;
#111 = STYLED_ITEM ( 'NONE', ( #482 ), #908 ) ;
#112 = ORIENTED_EDGE ( 'NONE', *, *, #1084, .F. ) ;
#113 = DIRECTION ( 'NONE',  ( 1.000000000000000000, 0.0000000000000000000, 0.0000000000000000000 ) ) ;
#114 = ADVANCED_FACE ( 'NONE', ( #1317 ), #557, .T. ) ;
#115 = DIRECTION ( 'NONE',  ( 0.0000000000000000000, -1.000000000000000000, -0.0000000000000000000 ) ) ;
#116 = LINE ( 'NONE', #717, #888 ) ;
#117 = AXIS2_PLACEMENT_3D ( 'NONE', #177, #1413, #297 ) ;
#118 = ORIENTED_EDGE ( 'NONE', *, *, #813, .T. ) ;
#119 =( NAMED_UNIT ( * ) SI_UNIT ( $, .STERADIAN. ) SOLID_ANGLE_UNIT ( ) );
#120 = PRESENTATION_STYLE_ASSIGNMENT (( #1175 ) ) ;
#121 = EDGE_LOOP ( 'NONE', ( #388, #831, #1719, #593, #1723, #1276, #932, #841, #864, #225, #1231 ) ) ;
#122 = FACE_OUTER_BOUND ( 'NONE', #1900, .T. ) ;
#123 = ORIENTED_EDGE ( 'NONE', *, *, #1170, .T. ) ;
#124 = CARTESIAN_POINT ( 'NONE',  ( -5.049999999999999822, 15.10000000000000142, 12.00000000000000000 ) ) ;
#125 = EDGE_CURVE ( 'NONE', #68, #1259, #1642, .T. ) ;
#126 = FILL_AREA_STYLE_COLOUR ( '', #1174 ) ;
#127 = LINE ( 'NONE', #31, #688 ) ;
#128 = FACE_OUTER_BOUND ( 'NONE', #1357, .T. ) ;
#129 = EDGE_CURVE ( 'NONE', #502, #1295, #1154, .T. ) ;
#130 = LINE ( 'NONE', #1534, #1485 ) ;
#131 = VERTEX_POINT ( 'NONE', #1780 ) ;
#132 = DIRECTION ( 'NONE',  ( 0.0000000000000000000, -1.000000000000000000, 0.0000000000000000000 ) ) ;
#133 = SURFACE_SIDE_STYLE ('',( #93 ) ) ;
#134 = DIRECTION ( 'NONE',  ( -0.0000000000000000000, 0.0000000000000000000, 1.000000000000000000 ) ) ;
#135 = ORIENTED_EDGE ( 'NONE', *, *, #1446, .F. ) ;
#136 = SURFACE_STYLE_FILL_AREA ( #2 ) ;
#137 = ADVANCED_FACE ( 'NONE', ( #587 ), #397, .T. ) ;
#138 = LINE ( 'NONE', #749, #600 ) ;
#139 = EDGE_CURVE ( 'NONE', #100, #1336, #420, .T. ) ;
#140 = UNCERTAINTY_MEASURE_WITH_UNIT (LENGTH_MEASURE( 1.000000000000000082E-05 ), #1594, 'distance_accuracy_value', 'NONE');
#141 = CIRCLE ( 'NONE', #401, 4.000000000000000000 ) ;
#142 = CARTESIAN_POINT ( 'NONE',  ( 5.649999999999999467, 15.10000000000000142, 0.0000000000000000000 ) ) ;
#143 = DIRECTION ( 'NONE',  ( -0.0000000000000000000, 1.784715406657999971E-16, 1.000000000000000000 ) ) ;
#144 = CIRCLE ( 'NONE', #1282, 2.049999999999999822 ) ;
#145 = COLOUR_RGB ( '',0.8000000000000000444, 0.8000000000000000444, 0.8000000000000000444 ) ;
#146 = CARTESIAN_POINT ( 'NONE',  ( -5.049999999999999822, 1.500000000000000000, 0.0000000000000000000 ) ) ;
#147 = ORIENTED_EDGE ( 'NONE', *, *, #178, .T. ) ;
#148 =( NAMED_UNIT ( * ) PLANE_ANGLE_UNIT ( ) SI_UNIT ( $, .RADIAN. ) );
#149 = DIRECTION ( 'NONE',  ( -0.0000000000000000000, -1.000000000000000000, -0.0000000000000000000 ) ) ;
#150 = STYLED_ITEM ( 'NONE', ( #345 ), #1751 ) ;
#151 = DIRECTION ( 'NONE',  ( 0.0000000000000000000, -1.000000000000000000, 2.220446049250000002E-16 ) ) ;
#152 = PRESENTATION_LAYER_ASSIGNMENT (  '', '', ( #1551 ) ) ;
#153 = EDGE_CURVE ( 'NONE', #897, #1203, #101, .T. ) ;
#154 = FACE_OUTER_BOUND ( 'NONE', #1641, .T. ) ;
#155 = DIRECTION ( 'NONE',  ( 1.374525595238999975E-32, -1.000000000000000000, 0.0000000000000000000 ) ) ;
#156 = ORIENTED_EDGE ( 'NONE', *, *, #387, .F. ) ;
#157 = FACE_OUTER_BOUND ( 'NONE', #917, .T. ) ;
#158 = UNCERTAINTY_MEASURE_WITH_UNIT (LENGTH_MEASURE( 1.000000000000000082E-05 ), #1737, 'distance_accuracy_value', 'NONE');
#159 = PLANE ( 'NONE',  #1425 ) ;
#160 = CYLINDRICAL_SURFACE ( 'NONE', #211, 4.000000000000000000 ) ;
#161 = FILL_AREA_STYLE ('',( #1596 ) ) ;
#162 = DIRECTION ( 'NONE',  ( -0.0000000000000000000, -1.000000000000000000, -0.0000000000000000000 ) ) ;
#163 = UNCERTAINTY_MEASURE_WITH_UNIT (LENGTH_MEASURE( 1.000000000000000082E-05 ), #410, 'distance_accuracy_value', 'NONE');
#164 = EDGE_CURVE ( 'NONE', #1203, #347, #858, .T. ) ;
#165 = ORIENTED_EDGE ( 'NONE', *, *, #1498, .T. ) ;
#166 = DIRECTION ( 'NONE',  ( 0.0000000000000000000, 0.0000000000000000000, 1.000000000000000000 ) ) ;
#167 = EDGE_CURVE ( 'NONE', #382, #1436, #565, .T. ) ;
#168 =( NAMED_UNIT ( * ) PLANE_ANGLE_UNIT ( ) SI_UNIT ( $, .RADIAN. ) );
#169 =( NAMED_UNIT ( * ) SI_UNIT ( $, .STERADIAN. ) SOLID_ANGLE_UNIT ( ) );
#170 = DIRECTION ( 'NONE',  ( -0.0000000000000000000, -2.230894258320999957E-16, -1.000000000000000000 ) ) ;
#171 = VERTEX_POINT ( 'NONE', #1810 ) ;
#172 = SURFACE_SIDE_STYLE ('',( #1747 ) ) ;
#173 = ORIENTED_EDGE ( 'NONE', *, *, #1347, .F. ) ;
#174 = CARTESIAN_POINT ( 'NONE',  ( -0.4499999999600003964, 15.90000000000000036, -6.000000000000000000 ) ) ;
#175 = STYLED_ITEM ( 'NONE', ( #1839 ), #767 ) ;
#176 = VECTOR ( 'NONE', #91, 1000.000000000000000 ) ;
#177 = CARTESIAN_POINT ( 'NONE',  ( -4.250000000000000000, 1.500000000000000000, 15.00000000000000000 ) ) ;
#178 = EDGE_CURVE ( 'NONE', #1938, #887, #1956, .T. ) ;
#179 = VECTOR ( 'NONE', #781, 1000.000000000000000 ) ;
#180 = AXIS2_PLACEMENT_3D ( 'NONE', #1063, #1412, #1843 ) ;
#181 = DIRECTION ( 'NONE',  ( 0.0000000000000000000, 1.000000000000000000, 0.0000000000000000000 ) ) ;
#182 = FACE_OUTER_BOUND ( 'NONE', #12, .T. ) ;
#183 = VECTOR ( 'NONE', #1150, 1000.000000000000000 ) ;
#184 = AXIS2_PLACEMENT_3D ( 'NONE', #1135, #42, #1760 ) ;
#185 = DIRECTION ( 'NONE',  ( 1.000000000000000000, 0.0000000000000000000, -0.0000000000000000000 ) ) ;
#186 = ORIENTED_EDGE ( 'NONE', *, *, #237, .F. ) ;
#187 = CARTESIAN_POINT ( 'NONE',  ( 0.6500000000000003553, -2.399999999999999911, 0.0000000000000000000 ) ) ;
#188 = ORIENTED_EDGE ( 'NONE', *, *, #510, .F. ) ;
#189 = EDGE_CURVE ( 'NONE', #419, #1667, #876, .T. ) ;
#190 = LINE ( 'NONE', #653, #1238 ) ;
#191 = CARTESIAN_POINT ( 'NONE',  ( 0.0000000000000000000, 16.10000000000000142, 7.899999999999997691 ) ) ;
#192 = FACE_OUTER_BOUND ( 'NONE', #1731, .T. ) ;
#193 = EDGE_CURVE ( 'NONE', #1336, #893, #993, .T. ) ;
#194 = LINE ( 'NONE', #1897, #1072 ) ;
#195 = VERTEX_POINT ( 'NONE', #1850 ) ;
#196 = DIRECTION ( 'NONE',  ( 0.0000000000000000000, 1.000000000000000000, 0.0000000000000000000 ) ) ;
#197 =( LENGTH_UNIT ( ) NAMED_UNIT ( * ) SI_UNIT ( .MILLI., .METRE. ) );
#198 = VERTEX_POINT ( 'NONE', #597 ) ;
#199 = CARTESIAN_POINT ( 'NONE',  ( -0.6500000000000001332, 0.5000000000000000000, -5.900000000000000355 ) ) ;
#200 = SURFACE_STYLE_FILL_AREA ( #1298 ) ;
#201 = SURFACE_SIDE_STYLE ('',( #516 ) ) ;
#202 = EDGE_CURVE ( 'NONE', #1971, #68, #607, .T. ) ;
#203 = CARTESIAN_POINT ( 'NONE',  ( -5.049999999999999822, 19.00000000000000000, 12.00000000000000000 ) ) ;
#204 = LINE ( 'NONE', #34, #1515 ) ;
#205 = EDGE_CURVE ( 'NONE', #1800, #1476, #1479, .T. ) ;
#206 = ORIENTED_EDGE ( 'NONE', *, *, #338, .T. ) ;
#207 = CARTESIAN_POINT ( 'NONE',  ( 0.4500000000000004552, 0.5999999999999999778, -6.000000000000000000 ) ) ;
#208 = ORIENTED_EDGE ( 'NONE', *, *, #706, .T. ) ;
#209 = VECTOR ( 'NONE', #1881, 1000.000000000000000 ) ;
#210 = AXIS2_PLACEMENT_3D ( 'NONE', #1297, #1759, #360 ) ;
#211 = AXIS2_PLACEMENT_3D ( 'NONE', #212, #533, #1431 ) ;
#212 = CARTESIAN_POINT ( 'NONE',  ( 0.0000000000000000000, -5.000000000000000000, 7.900000000000000355 ) ) ;
#213 = CARTESIAN_POINT ( 'NONE',  ( 5.049999999999999822, 1.500000000000000000, 0.0000000000000000000 ) ) ;
#214 = ORIENTED_EDGE ( 'NONE', *, *, #1182, .T. ) ;
#215 = VECTOR ( 'NONE', #1638, 1000.000000000000000 ) ;
#216 = SURFACE_STYLE_FILL_AREA ( #1130 ) ;
#217 = VECTOR ( 'NONE', #386, 1000.000000000000000 ) ;
#218 = CARTESIAN_POINT ( 'NONE',  ( -5.049999999999999822, 16.39999999999999858, 0.0000000000000000000 ) ) ;
#219 = VECTOR ( 'NONE', #1913, 1000.000000000000000 ) ;
#220 = EDGE_CURVE ( 'NONE', #725, #1927, #138, .T. ) ;
#221 =( GEOMETRIC_REPRESENTATION_CONTEXT ( 3 ) GLOBAL_UNCERTAINTY_ASSIGNED_CONTEXT ( ( #1550 ) ) GLOBAL_UNIT_ASSIGNED_CONTEXT ( ( #1539, #168, #308 ) ) REPRESENTATION_CONTEXT ( 'NONE', 'WORKASPACE' ) );
#222 = EDGE_LOOP ( 'NONE', ( #186, #1962, #266, #1322 ) ) ;
#223 = LINE ( 'NONE', #23, #1857 ) ;
#224 = DIRECTION ( 'NONE',  ( -0.0000000000000000000, -1.000000000000000000, 2.220446049250000002E-16 ) ) ;
#225 = ORIENTED_EDGE ( 'NONE', *, *, #139, .F. ) ;
#226 = DIRECTION ( 'NONE',  ( 0.0000000000000000000, 1.000000000000000000, -2.220446049250000002E-16 ) ) ;
#227 = DIRECTION ( 'NONE',  ( 0.0000000000000000000, 1.845450506358305818E-16, 1.000000000000000000 ) ) ;
#228 = EDGE_CURVE ( 'NONE', #1927, #718, #1220, .T. ) ;
#229 = SURFACE_STYLE_FILL_AREA ( #1313 ) ;
#230 = LINE ( 'NONE', #267, #541 ) ;
#231 = CARTESIAN_POINT ( 'NONE',  ( -0.6499999999700001307, 14.90000000000000036, -5.799999999999999822 ) ) ;
#232 = PLANE ( 'NONE',  #782 ) ;
#233 = DIRECTION ( 'NONE',  ( 0.0000000000000000000, 1.000000000000000000, -2.220446049250000002E-16 ) ) ;
#234 = CARTESIAN_POINT ( 'NONE',  ( 5.650000000000000355, 15.10000000000000142, 11.50000000000000000 ) ) ;
#235 = EDGE_LOOP ( 'NONE', ( #1509, #1694, #1091, #1712 ) ) ;
#236 = SURFACE_STYLE_USAGE ( .BOTH. , #1630 ) ;
#237 = EDGE_CURVE ( 'NONE', #1259, #264, #910, .T. ) ;
#238 = CARTESIAN_POINT ( 'NONE',  ( 0.0000000000000000000, 16.10000000000000142, 11.90000000000000036 ) ) ;
#239 = VERTEX_POINT ( 'NONE', #467 ) ;
#240 = COLOUR_RGB ( '',0.8000000000000000444, 0.8000000000000000444, 0.8000000000000000444 ) ;
#241 = CARTESIAN_POINT ( 'NONE',  ( -5.049999999999999822, 16.39999999999999858, 0.0000000000000000000 ) ) ;
#242 = DIRECTION ( 'NONE',  ( -0.0000000000000000000, -1.000000000000000000, -0.0000000000000000000 ) ) ;
#243 = AXIS2_PLACEMENT_3D ( 'NONE', #1782, #1517, #281 ) ;
#244 = STYLED_ITEM ( 'NONE', ( #1265 ), #292 ) ;
#245 = VECTOR ( 'NONE', #1437, 1000.000000000000114 ) ;
#246 = VECTOR ( 'NONE', #828, 1000.000000000000000 ) ;
#247 = FACE_OUTER_BOUND ( 'NONE', #1628, .T. ) ;
#248 = ORIENTED_EDGE ( 'NONE', *, *, #202, .T. ) ;
#249 = DIRECTION ( 'NONE',  ( 1.000000000000000000, -0.0000000000000000000, 0.0000000000000000000 ) ) ;
#250 = SURFACE_STYLE_USAGE ( .BOTH. , #1011 ) ;
#251 = ORIENTED_EDGE ( 'NONE', *, *, #1195, .T. ) ;
#252 = EDGE_CURVE ( 'NONE', #641, #1237, #1702, .T. ) ;
#253 = FILL_AREA_STYLE ('',( #882 ) ) ;
#254 = LINE ( 'NONE', #853, #183 ) ;
#255 = CARTESIAN_POINT ( 'NONE',  ( 5.049999999999999822, 16.39999999999999858, 11.50000000000000000 ) ) ;
#256 = ORIENTED_EDGE ( 'NONE', *, *, #613, .T. ) ;
#257 = CARTESIAN_POINT ( 'NONE',  ( 5.049999999999999822, 15.10000000000000142, 11.50000000000000000 ) ) ;
#258 = UNCERTAINTY_MEASURE_WITH_UNIT (LENGTH_MEASURE( 1.000000000000000082E-05 ), #1240, 'distance_accuracy_value', 'NONE');
#259 = DIRECTION ( 'NONE',  ( -0.0000000000000000000, 0.0000000000000000000, -1.000000000000000000 ) ) ;
#260 = ORIENTED_EDGE ( 'NONE', *, *, #1546, .F. ) ;
#261 = CARTESIAN_POINT ( 'NONE',  ( -0.6500000000000001332, -0.5999999999999999778, -6.000000000000000000 ) ) ;
#262 = PRODUCT_RELATED_PRODUCT_CATEGORY ( 'part', '', ( #469 ) ) ;
#263 = ADVANCED_FACE ( 'NONE', ( #1557 ), #160, .F. ) ;
#264 = VERTEX_POINT ( 'NONE', #344 ) ;
#265 = DIRECTION ( 'NONE',  ( 0.0000000000000000000, -0.0000000000000000000, 1.000000000000000000 ) ) ;
#266 = ORIENTED_EDGE ( 'NONE', *, *, #202, .F. ) ;
#267 = CARTESIAN_POINT ( 'NONE',  ( 5.049999999999999822, -2.399999999999999911, 0.0000000000000000000 ) ) ;
#268 = LINE ( 'NONE', #1036, #1069 ) ;
#269 = CARTESIAN_POINT ( 'NONE',  ( 0.6500000000000001332, -2.399999999999999467, 3.245163805245065092 ) ) ;
#270 =( GEOMETRIC_REPRESENTATION_CONTEXT ( 3 ) GLOBAL_UNCERTAINTY_ASSIGNED_CONTEXT ( ( #70 ) ) GLOBAL_UNIT_ASSIGNED_CONTEXT ( ( #1173, #433, #119 ) ) REPRESENTATION_CONTEXT ( 'NONE', 'WORKASPACE' ) );
#271 = VECTOR ( 'NONE', #1393, 1000.000000000000000 ) ;
#272 = VECTOR ( 'NONE', #807, 1000.000000000000000 ) ;
#273 = VERTEX_POINT ( 'NONE', #1105 ) ;
#274 = EDGE_CURVE ( 'NONE', #1775, #291, #943, .T. ) ;
#275 = PLANE ( 'NONE',  #662 ) ;
#276 = VECTOR ( 'NONE', #1342, 1000.000000000000000 ) ;
#277 = CIRCLE ( 'NONE', #539, 1.000000000000000888 ) ;
#278 = ORIENTED_EDGE ( 'NONE', *, *, #379, .F. ) ;
#279 = CIRCLE ( 'NONE', #481, 1.000000000000000888 ) ;
#280 = EDGE_CURVE ( 'NONE', #443, #734, #524, .T. ) ;
#281 = DIRECTION ( 'NONE',  ( 0.0000000000000000000, 1.845450506358305818E-16, 1.000000000000000000 ) ) ;
#282 = FACE_OUTER_BOUND ( 'NONE', #37, .T. ) ;
#283 = ORIENTED_EDGE ( 'NONE', *, *, #89, .F. ) ;
#284 = CARTESIAN_POINT ( 'NONE',  ( 5.049999999999999822, 15.10000000000000142, 11.50000000000000178 ) ) ;
#285 = CARTESIAN_POINT ( 'NONE',  ( 0.0000000000000000000, -0.5999999999999999778, 7.900000000000000355 ) ) ;
#286 = ORIENTED_EDGE ( 'NONE', *, *, #139, .T. ) ;
#287 = DIRECTION ( 'NONE',  ( 0.0000000000000000000, -0.0000000000000000000, -1.000000000000000000 ) ) ;
#288 = ORIENTED_EDGE ( 'NONE', *, *, #1848, .F. ) ;
#289 = EDGE_CURVE ( 'NONE', #295, #347, #1461, .T. ) ;
#290 = PRESENTATION_STYLE_ASSIGNMENT (( #1339 ) ) ;
#291 = VERTEX_POINT ( 'NONE', #799 ) ;
#292 = ADVANCED_FACE ( 'NONE', ( #1442 ), #676, .T. ) ;
#293 = SURFACE_STYLE_FILL_AREA ( #253 ) ;
#294 = DIRECTION ( 'NONE',  ( -0.0000000000000000000, 1.000000000000000000, 0.0000000000000000000 ) ) ;
#295 = VERTEX_POINT ( 'NONE', #984 ) ;
#296 = LINE ( 'NONE', #307, #77 ) ;
#297 = DIRECTION ( 'NONE',  ( -0.0000000000000000000, 0.0000000000000000000, 1.000000000000000000 ) ) ;
#298 =( LENGTH_UNIT ( ) NAMED_UNIT ( * ) SI_UNIT ( .MILLI., .METRE. ) );
#299 = PLANE ( 'NONE',  #1311 ) ;
#300 = UNCERTAINTY_MEASURE_WITH_UNIT (LENGTH_MEASURE( 1.000000000000000082E-05 ), #1944, 'distance_accuracy_value', 'NONE');
#301 = CIRCLE ( 'NONE', #369, 4.000000000000000000 ) ;
#302 = ORIENTED_EDGE ( 'NONE', *, *, #1489, .F. ) ;
#303 = COLOUR_RGB ( '',0.8000000000000000444, 0.8000000000000000444, 0.8000000000000000444 ) ;
#304 = CARTESIAN_POINT ( 'NONE',  ( 5.049999999999999822, 16.39999999999999858, 0.0000000000000000000 ) ) ;
#305 = VECTOR ( 'NONE', #1733, 1000.000000000000000 ) ;
#306 = PRESENTATION_LAYER_ASSIGNMENT (  '', '', ( #376 ) ) ;
#307 = CARTESIAN_POINT ( 'NONE',  ( -0.6500000000000001332, -0.6000000000000004219, -5.800000000000000711 ) ) ;
#308 =( NAMED_UNIT ( * ) SI_UNIT ( $, .STERADIAN. ) SOLID_ANGLE_UNIT ( ) );
#309 = ORIENTED_EDGE ( 'NONE', *, *, #531, .T. ) ;
#310 = ORIENTED_EDGE ( 'NONE', *, *, #976, .F. ) ;
#311 = STYLED_ITEM ( 'NONE', ( #1190 ), #1961 ) ;
#312 = CARTESIAN_POINT ( 'NONE',  ( 0.0000000000000000000, -2.399999999999999023, 12.59999999999999964 ) ) ;
#313 = DIRECTION ( 'NONE',  ( -0.7071067811865475727, 1.874250604774800747E-16, 0.7071067811865475727 ) ) ;
#314 = EDGE_CURVE ( 'NONE', #264, #945, #223, .T. ) ;
#315 = FACE_OUTER_BOUND ( 'NONE', #1251, .T. ) ;
#316 = ORIENTED_EDGE ( 'NONE', *, *, #74, .T. ) ;
#317 = FACE_OUTER_BOUND ( 'NONE', #1998, .T. ) ;
#318 = PLANE ( 'NONE',  #660 ) ;
#319 =( LENGTH_UNIT ( ) NAMED_UNIT ( * ) SI_UNIT ( .MILLI., .METRE. ) );
#320 = ORIENTED_EDGE ( 'NONE', *, *, #739, .T. ) ;
#321 =( NAMED_UNIT ( * ) SI_UNIT ( $, .STERADIAN. ) SOLID_ANGLE_UNIT ( ) );
#322 = DIRECTION ( 'NONE',  ( 0.0000000000000000000, 0.7071067811865474617, 0.7071067811865474617 ) ) ;
#323 = VERTEX_POINT ( 'NONE', #1576 ) ;
#324 = DIRECTION ( 'NONE',  ( -0.0000000000000000000, -1.000000000000000000, -0.0000000000000000000 ) ) ;
#325 = EDGE_CURVE ( 'NONE', #806, #1860, #958, .T. ) ;
#326 = ORIENTED_EDGE ( 'NONE', *, *, #1972, .F. ) ;
#327 = CARTESIAN_POINT ( 'NONE',  ( 0.6500000000000003553, 19.00000000000000000, 0.0000000000000000000 ) ) ;
#328 = CARTESIAN_POINT ( 'NONE',  ( -4.250000000000000000, 16.39999999999999858, 12.97979589711313686 ) ) ;
#329 = EDGE_LOOP ( 'NONE', ( #342, #611, #428, #1798 ) ) ;
#330 = ORIENTED_EDGE ( 'NONE', *, *, #706, .F. ) ;
#331 = CARTESIAN_POINT ( 'NONE',  ( 0.6500000000000003553, -5.000000000000000000, 7.900000000000000355 ) ) ;
#332 = SURFACE_SIDE_STYLE ('',( #1722 ) ) ;
#333 = ORIENTED_EDGE ( 'NONE', *, *, #871, .F. ) ;
#334 = LINE ( 'NONE', #618, #1315 ) ;
#335 = LINE ( 'NONE', #1423, #1639 ) ;
#336 = FACE_OUTER_BOUND ( 'NONE', #826, .T. ) ;
#337 = STYLED_ITEM ( 'NONE', ( #1815 ), #752 ) ;
#338 = EDGE_CURVE ( 'NONE', #1852, #1971, #973, .T. ) ;
#339 = CARTESIAN_POINT ( 'NONE',  ( -5.049999999999999822, -2.399999999999999911, 12.00000000000000000 ) ) ;
#340 = AXIS2_PLACEMENT_3D ( 'NONE', #83, #1928, #409 ) ;
#341 = SURFACE_STYLE_USAGE ( .BOTH. , #1563 ) ;
#342 = ORIENTED_EDGE ( 'NONE', *, *, #789, .T. ) ;
#343 = CARTESIAN_POINT ( 'NONE',  ( 0.4500000000000003997, 0.4000000000000004663, -6.000000000000000000 ) ) ;
#344 = CARTESIAN_POINT ( 'NONE',  ( 0.4499999999600001743, 15.90000000000000036, -6.000000000000000888 ) ) ;
#345 = PRESENTATION_STYLE_ASSIGNMENT (( #1120 ) ) ;
#346 = VECTOR ( 'NONE', #741, 1000.000000000000000 ) ;
#347 = VERTEX_POINT ( 'NONE', #667 ) ;
#348 = COLOUR_RGB ( '',0.8000000000000000444, 0.8000000000000000444, 0.8000000000000000444 ) ;
#349 = DIRECTION ( 'NONE',  ( -0.0000000000000000000, 0.0000000000000000000, -1.000000000000000000 ) ) ;
#350 = ORIENTED_EDGE ( 'NONE', *, *, #1234, .T. ) ;
#351 = CARTESIAN_POINT ( 'NONE',  ( 0.0000000000000000000, 19.00000000000000000, 11.90000000000000036 ) ) ;
#352 = EDGE_LOOP ( 'NONE', ( #490, #513, #879, #1418 ) ) ;
#353 = EDGE_CURVE ( 'NONE', #1601, #729, #1882, .T. ) ;
#354 = DIRECTION ( 'NONE',  ( -0.0000000000000000000, 1.000000000000000000, -2.220446049250000002E-16 ) ) ;
#355 = CARTESIAN_POINT ( 'NONE',  ( 0.5500000000000000444, 0.5999999999999999778, -5.900000000000000355 ) ) ;
#356 = ORIENTED_EDGE ( 'NONE', *, *, #647, .T. ) ;
#357 = DIRECTION ( 'NONE',  ( -1.374525595238999975E-32, 1.000000000000000000, 0.0000000000000000000 ) ) ;
#358 = DIRECTION ( 'NONE',  ( 1.000000000000000000, 0.0000000000000000000, 0.0000000000000000000 ) ) ;
#359 = ORIENTED_EDGE ( 'NONE', *, *, #62, .T. ) ;
#360 = DIRECTION ( 'NONE',  ( 0.0000000000000000000, 0.0000000000000000000, 1.000000000000000000 ) ) ;
#361 = CARTESIAN_POINT ( 'NONE',  ( 0.0000000000000000000, 19.00000000000000000, 7.900000000000000355 ) ) ;
#362 = EDGE_CURVE ( 'NONE', #941, #323, #144, .T. ) ;
#363 = FACE_OUTER_BOUND ( 'NONE', #1255, .T. ) ;
#364 = MANIFOLD_SOLID_BREP ( 'Imported1', #1736 ) ;
#365 = LINE ( 'NONE', #1303, #1244 ) ;
#366 = CARTESIAN_POINT ( 'NONE',  ( 0.6500000000000001332, 0.6000000000000004219, 0.0000000000000000000 ) ) ;
#367 = ORIENTED_EDGE ( 'NONE', *, *, #1744, .F. ) ;
#368 = VECTOR ( 'NONE', #492, 1000.000000000000000 ) ;
#369 = AXIS2_PLACEMENT_3D ( 'NONE', #1169, #1020, #1794 ) ;
#370 = VECTOR ( 'NONE', #1208, 1000.000000000000114 ) ;
#371 = CARTESIAN_POINT ( 'NONE',  ( 2.510525938252073693E-16, 16.10000000000000142, 9.949999999999997513 ) ) ;
#372 = CARTESIAN_POINT ( 'NONE',  ( 0.6499999999600000189, 14.90000000000000036, -6.000000000000000000 ) ) ;
#373 = CARTESIAN_POINT ( 'NONE',  ( -5.049999999999999822, -2.399999999999999911, 0.0000000000000000000 ) ) ;
#374 = VERTEX_POINT ( 'NONE', #1879 ) ;
#375 =( GEOMETRIC_REPRESENTATION_CONTEXT ( 3 ) GLOBAL_UNCERTAINTY_ASSIGNED_CONTEXT ( ( #1484 ) ) GLOBAL_UNIT_ASSIGNED_CONTEXT ( ( #1326, #1966, #1186 ) ) REPRESENTATION_CONTEXT ( 'NONE', 'WORKASPACE' ) );
#376 = STYLED_ITEM ( 'NONE', ( #1580 ), #562 ) ;
#377 = DIRECTION ( 'NONE',  ( 0.0000000000000000000, -0.0000000000000000000, 1.000000000000000000 ) ) ;
#378 = VECTOR ( 'NONE', #1677, 1000.000000000000000 ) ;
#379 = EDGE_CURVE ( 'NONE', #962, #1482, #1595, .T. ) ;
#380 =( GEOMETRIC_REPRESENTATION_CONTEXT ( 3 ) GLOBAL_UNCERTAINTY_ASSIGNED_CONTEXT ( ( #92 ) ) GLOBAL_UNIT_ASSIGNED_CONTEXT ( ( #731, #1990, #1060 ) ) REPRESENTATION_CONTEXT ( 'NONE', 'WORKASPACE' ) );
#381 = LINE ( 'NONE', #521, #911 ) ;
#382 = VERTEX_POINT ( 'NONE', #304 ) ;
#383 = PRODUCT_DEFINITION_CONTEXT ( 'detailed design', #413, 'design' ) ;
#384 = DIRECTION ( 'NONE',  ( 0.0000000000000000000, -0.7071067811865475727, -0.7071067811865475727 ) ) ;
#385 = PRESENTATION_STYLE_ASSIGNMENT (( #1309 ) ) ;
#386 = DIRECTION ( 'NONE',  ( 0.0000000000000000000, -0.0000000000000000000, 1.000000000000000000 ) ) ;
#387 = EDGE_CURVE ( 'NONE', #1259, #13, #1853, .T. ) ;
#388 = ORIENTED_EDGE ( 'NONE', *, *, #50, .F. ) ;
#389 = DIRECTION ( 'NONE',  ( 1.000000000000000000, 0.0000000000000000000, -0.0000000000000000000 ) ) ;
#390 = PRESENTATION_STYLE_ASSIGNMENT (( #250 ) ) ;
#391 = ORIENTED_EDGE ( 'NONE', *, *, #834, .T. ) ;
#392 = LINE ( 'NONE', #1324, #573 ) ;
#393 = ORIENTED_EDGE ( 'NONE', *, *, #1901, .T. ) ;
#394 = DIRECTION ( 'NONE',  ( 0.0000000000000000000, -0.0000000000000000000, 1.000000000000000000 ) ) ;
#395 = ORIENTED_EDGE ( 'NONE', *, *, #1835, .F. ) ;
#396 = ADVANCED_FACE ( 'NONE', ( #1553 ), #1878, .F. ) ;
#397 = CYLINDRICAL_SURFACE ( 'NONE', #1637, 1.000000000000000888 ) ;
#398 = DIRECTION ( 'NONE',  ( 0.0000000000000000000, -1.000000000000000000, 2.220446049250000002E-16 ) ) ;
#399 = CARTESIAN_POINT ( 'NONE',  ( 5.649999999999999467, 1.500000000000000222, 11.50000000000000178 ) ) ;
#400 = ADVANCED_FACE ( 'NONE', ( #612 ), #1100, .F. ) ;
#401 = AXIS2_PLACEMENT_3D ( 'NONE', #1304, #1917, #529 ) ;
#402 = CARTESIAN_POINT ( 'NONE',  ( 5.049999999999999822, 0.2000000000000000111, 0.0000000000000000000 ) ) ;
#403 = VECTOR ( 'NONE', #1176, 999.9999999999998863 ) ;
#404 = VECTOR ( 'NONE', #1275, 1000.000000000000000 ) ;
#405 = VECTOR ( 'NONE', #1278, 1000.000000000000000 ) ;
#406 = VECTOR ( 'NONE', #1768, 1000.000000000000000 ) ;
#407 = DIRECTION ( 'NONE',  ( -0.0000000000000000000, -1.000000000000000000, 2.220446049250000002E-16 ) ) ;
#408 = ORIENTED_EDGE ( 'NONE', *, *, #1939, .F. ) ;
#409 = DIRECTION ( 'NONE',  ( 0.0000000000000000000, 1.845450506358305818E-16, 1.000000000000000000 ) ) ;
#410 =( LENGTH_UNIT ( ) NAMED_UNIT ( * ) SI_UNIT ( .MILLI., .METRE. ) );
#411 = SURFACE_STYLE_USAGE ( .BOTH. , #736 ) ;
#412 = VERTEX_POINT ( 'NONE', #187 ) ;
#413 = APPLICATION_CONTEXT ( 'automotive_design' ) ;
#414 = EDGE_CURVE ( 'NONE', #627, #1066, #46, .T. ) ;
#415 = CARTESIAN_POINT ( 'NONE',  ( -0.6500000000000001332, 0.5999999999999999778, -6.000000000000000000 ) ) ;
#416 = PLANE ( 'NONE',  #634 ) ;
#417 = ORIENTED_EDGE ( 'NONE', *, *, #1387, .T. ) ;
#418 = CARTESIAN_POINT ( 'NONE',  ( 0.6500000000000001332, 0.5999999999999999778, 3.953165825626999919 ) ) ;
#419 = VERTEX_POINT ( 'NONE', #1585 ) ;
#420 = LINE ( 'NONE', #1502, #438 ) ;
#421 = DIRECTION ( 'NONE',  ( 0.0000000000000000000, -2.115516434118057709E-16, -1.000000000000000000 ) ) ;
#422 = DIRECTION ( 'NONE',  ( 1.000000000000000000, -0.0000000000000000000, 0.0000000000000000000 ) ) ;
#423 = VERTEX_POINT ( 'NONE', #1742 ) ;
#424 = DIRECTION ( 'NONE',  ( 0.0000000000000000000, 0.0000000000000000000, -1.000000000000000000 ) ) ;
#425 = EDGE_CURVE ( 'NONE', #1436, #198, #758, .T. ) ;
#426 = ORIENTED_EDGE ( 'NONE', *, *, #1285, .T. ) ;
#427 = LINE ( 'NONE', #698, #753 ) ;
#428 = ORIENTED_EDGE ( 'NONE', *, *, #1499, .T. ) ;
#429 =( NAMED_UNIT ( * ) SI_UNIT ( $, .STERADIAN. ) SOLID_ANGLE_UNIT ( ) );
#430 = CARTESIAN_POINT ( 'NONE',  ( -0.6500000000000001332, 0.5999999999999999778, -6.000000000000000000 ) ) ;
#431 = ORIENTED_EDGE ( 'NONE', *, *, #414, .F. ) ;
#432 = ORIENTED_EDGE ( 'NONE', *, *, #1306, .T. ) ;
#433 =( NAMED_UNIT ( * ) PLANE_ANGLE_UNIT ( ) SI_UNIT ( $, .RADIAN. ) );
#434 = DIRECTION ( 'NONE',  ( 0.0000000000000000000, -2.115516434118057709E-16, -1.000000000000000000 ) ) ;
#435 = VECTOR ( 'NONE', #1541, 1000.000000000000000 ) ;
#436 = AXIS2_PLACEMENT_3D ( 'NONE', #1554, #1403, #1233 ) ;
#437 = ADVANCED_FACE ( 'NONE', ( #336 ), #918, .T. ) ;
#438 = VECTOR ( 'NONE', #1772, 1000.000000000000000 ) ;
#439 = ORIENTED_EDGE ( 'NONE', *, *, #1911, .F. ) ;
#440 = VECTOR ( 'NONE', #1884, 1000.000000000000000 ) ;
#441 = CIRCLE ( 'NONE', #1284, 4.699999999999999289 ) ;
#442 = CARTESIAN_POINT ( 'NONE',  ( -0.6499999999716666865, 16.10000000000166764, -5.799999999998332711 ) ) ;
#443 = VERTEX_POINT ( 'NONE', #651 ) ;
#444 = STYLED_ITEM ( 'NONE', ( #290 ), #1920 ) ;
#445 = CARTESIAN_POINT ( 'NONE',  ( -5.049999999999999822, -2.399999999999999911, 0.0000000000000000000 ) ) ;
#446 = EDGE_LOOP ( 'NONE', ( #779, #1077, #278, #1552 ) ) ;
#447 = EDGE_LOOP ( 'NONE', ( #1889, #1809, #646, #25, #82, #49, #742, #1191, #1400, #283, #792, #30, #330, #1536, #479, #188, #1689, #1087, #1095, #970, #135, #310, #1528, #1022, #556, #1199, #1573, #1049, #1540, #439, #1975, #1247 ) ) ;
#448 = CARTESIAN_POINT ( 'NONE',  ( 0.6500000000000001332, -5.000000000000000000, 3.953165825626999919 ) ) ;
#449 = FACE_OUTER_BOUND ( 'NONE', #95, .T. ) ;
#450 = EDGE_LOOP ( 'NONE', ( #112, #1750, #426, #1433 ) ) ;
#451 = ADVANCED_FACE ( 'NONE', ( #154 ), #29, .T. ) ;
#452 = CARTESIAN_POINT ( 'NONE',  ( -4.250000000000000000, 1.500000000000000000, 12.97979589711313686 ) ) ;
#453 = CARTESIAN_POINT ( 'NONE',  ( -0.4500000000000002887, 0.4000000000000000222, -6.000000000000000888 ) ) ;
#454 = ORIENTED_EDGE ( 'NONE', *, *, #675, .T. ) ;
#455 = CARTESIAN_POINT ( 'NONE',  ( -0.4500000000000000666, -0.4000000000000006328, -6.000000000000000888 ) ) ;
#456 = LINE ( 'NONE', #1662, #1761 ) ;
#457 = CARTESIAN_POINT ( 'NONE',  ( 5.049999999999999822, 0.2000000000000000111, 11.50000000000000000 ) ) ;
#458 = EDGE_LOOP ( 'NONE', ( #57, #672, #1217, #1145 ) ) ;
#459 = CARTESIAN_POINT ( 'NONE',  ( 5.049999999999999822, 19.00000000000000000, 0.0000000000000000000 ) ) ;
#460 = CARTESIAN_POINT ( 'NONE',  ( 0.4499999999600005074, 14.90000000000000036, -6.000000000000000000 ) ) ;
#461 = EDGE_CURVE ( 'NONE', #1813, #921, #1738, .T. ) ;
#462 = PLANE ( 'NONE',  #117 ) ;
#463 = ORIENTED_EDGE ( 'NONE', *, *, #153, .T. ) ;
#464 = DIRECTION ( 'NONE',  ( 0.0000000000000000000, 0.0000000000000000000, 1.000000000000000000 ) ) ;
#465 = PRESENTATION_STYLE_ASSIGNMENT (( #957 ) ) ;
#466 = EDGE_CURVE ( 'NONE', #641, #729, #441, .T. ) ;
#467 = CARTESIAN_POINT ( 'NONE',  ( 5.649999999999999467, 0.2000000000000000111, 11.50000000000000178 ) ) ;
#468 = CYLINDRICAL_SURFACE ( 'NONE', #1741, 2.049999999999999822 ) ;
#469 = PRODUCT ( 'DB0F7485-4686-4F0A-848F-A8C66739CDC7', 'DB0F7485-4686-4F0A-848F-A8C66739CDC7', '', ( #631 ) ) ;
#470 = FACE_OUTER_BOUND ( 'NONE', #108, .T. ) ;
#471 = AXIS2_PLACEMENT_3D ( 'NONE', #1976, #630, #155 ) ;
#472 = ORIENTED_EDGE ( 'NONE', *, *, #1911, .T. ) ;
#473 = VECTOR ( 'NONE', #1027, 1000.000000000000000 ) ;
#474 = LINE ( 'NONE', #174, #245 ) ;
#475 = AXIS2_PLACEMENT_3D ( 'NONE', #815, #196, #1908 ) ;
#476 = AXIS2_PLACEMENT_3D ( 'NONE', #285, #1051, #434 ) ;
#477 = CARTESIAN_POINT ( 'NONE',  ( -5.049999999999999822, 1.500000000000000222, 0.0000000000000000000 ) ) ;
#478 = SHAPE_DEFINITION_REPRESENTATION ( #1222, #1089 ) ;
#479 = ORIENTED_EDGE ( 'NONE', *, *, #912, .F. ) ;
#480 = SURFACE_STYLE_USAGE ( .BOTH. , #1226 ) ;
#481 = AXIS2_PLACEMENT_3D ( 'NONE', #1929, #682, #847 ) ;
#482 = PRESENTATION_STYLE_ASSIGNMENT (( #1863 ) ) ;
#483 = VECTOR ( 'NONE', #11, 1000.000000000000000 ) ;
#484 =( NAMED_UNIT ( * ) PLANE_ANGLE_UNIT ( ) SI_UNIT ( $, .RADIAN. ) );
#485 = ORIENTED_EDGE ( 'NONE', *, *, #62, .F. ) ;
#486 = EDGE_CURVE ( 'NONE', #945, #1272, #474, .T. ) ;
#487 = CARTESIAN_POINT ( 'NONE',  ( 0.4500000000000003997, -0.4000000000000004663, -6.000000000000000000 ) ) ;
#488 = ORIENTED_EDGE ( 'NONE', *, *, #1268, .F. ) ;
#489 = DIRECTION ( 'NONE',  ( 1.000000000000000000, 0.0000000000000000000, -0.0000000000000000000 ) ) ;
#490 = ORIENTED_EDGE ( 'NONE', *, *, #1468, .F. ) ;
#491 = DIRECTION ( 'NONE',  ( 0.0000000000000000000, 2.230894258320999957E-16, 1.000000000000000000 ) ) ;
#492 = DIRECTION ( 'NONE',  ( 0.0000000000000000000, 2.182085317882000006E-16, 1.000000000000000000 ) ) ;
#493 = CARTESIAN_POINT ( 'NONE',  ( 0.6500000000000001332, -0.5999999999999998668, 3.953165825626999919 ) ) ;
#494 = DIRECTION ( 'NONE',  ( -1.000000000000000000, -0.0000000000000000000, 0.0000000000000000000 ) ) ;
#495 = ORIENTED_EDGE ( 'NONE', *, *, #1875, .T. ) ;
#496 = CARTESIAN_POINT ( 'NONE',  ( -5.049999999999999822, 15.10000000000000142, 0.0000000000000000000 ) ) ;
#497 = LINE ( 'NONE', #1833, #179 ) ;
#498 = EDGE_CURVE ( 'NONE', #1620, #239, #775, .T. ) ;
#499 = ORIENTED_EDGE ( 'NONE', *, *, #1644, .F. ) ;
#500 = DIRECTION ( 'NONE',  ( -0.0000000000000000000, 0.0000000000000000000, -1.000000000000000000 ) ) ;
#501 =( NAMED_UNIT ( * ) SI_UNIT ( $, .STERADIAN. ) SOLID_ANGLE_UNIT ( ) );
#502 = VERTEX_POINT ( 'NONE', #1709 ) ;
#503 = CARTESIAN_POINT ( 'NONE',  ( -0.6500000000000001332, 0.6000000000000000888, -5.799999999999999822 ) ) ;
#504 = CARTESIAN_POINT ( 'NONE',  ( 0.6500000000000001332, -5.000000000000000000, 3.245163805244999811 ) ) ;
#505 = FACE_OUTER_BOUND ( 'NONE', #450, .T. ) ;
#506 = CARTESIAN_POINT ( 'NONE',  ( 5.049999999999999822, -2.399999999999999911, 11.50000000000000000 ) ) ;
#507 = ADVANCED_FACE ( 'NONE', ( #317 ), #929, .T. ) ;
#508 = DIRECTION ( 'NONE',  ( 0.0000000000000000000, 1.000000000000000000, -2.220446049250000002E-16 ) ) ;
#509 = CIRCLE ( 'NONE', #687, 1.000000000000000888 ) ;
#510 = EDGE_CURVE ( 'NONE', #347, #412, #1562, .T. ) ;
#511 = PLANE ( 'NONE',  #1379 ) ;
#512 = AXIS2_PLACEMENT_3D ( 'NONE', #1989, #1050, #1686 ) ;
#513 = ORIENTED_EDGE ( 'NONE', *, *, #553, .F. ) ;
#514 = AXIS2_PLACEMENT_3D ( 'NONE', #19, #132, #287 ) ;
#515 =( GEOMETRIC_REPRESENTATION_CONTEXT ( 3 ) GLOBAL_UNCERTAINTY_ASSIGNED_CONTEXT ( ( #1230 ) ) GLOBAL_UNIT_ASSIGNED_CONTEXT ( ( #670, #1301, #1915 ) ) REPRESENTATION_CONTEXT ( 'NONE', 'WORKASPACE' ) );
#516 = SURFACE_STYLE_FILL_AREA ( #1106 ) ;
#517 = EDGE_LOOP ( 'NONE', ( #1214, #550, #1103, #1714 ) ) ;
#518 = DIRECTION ( 'NONE',  ( 0.5773502691896263972, -0.5773502691896259531, 0.5773502691896251759 ) ) ;
#519 = CARTESIAN_POINT ( 'NONE',  ( -0.6500000000000001332, -5.000000000000000000, 3.245163805244999811 ) ) ;
#520 = PRODUCT_DEFINITION ( 'UNKNOWN', '', #1548, #383 ) ;
#521 = CARTESIAN_POINT ( 'NONE',  ( -5.049999999999999822, 1.500000000000000000, 0.0000000000000000000 ) ) ;
#522 = ORIENTED_EDGE ( 'NONE', *, *, #1333, .T. ) ;
#523 = CARTESIAN_POINT ( 'NONE',  ( 0.6500000000000003553, -2.399999999999999911, 0.0000000000000000000 ) ) ;
#524 = LINE ( 'NONE', #1912, #1949 ) ;
#525 = CARTESIAN_POINT ( 'NONE',  ( -0.6500000000000001332, -0.5000000000000000000, -5.900000000000000355 ) ) ;
#526 = CARTESIAN_POINT ( 'NONE',  ( 0.0000000000000000000, -0.6000000000000004219, 5.850000000000001421 ) ) ;
#527 = DIRECTION ( 'NONE',  ( -0.0000000000000000000, -1.000000000000000000, 0.0000000000000000000 ) ) ;
#528 = VERTEX_POINT ( 'NONE', #327 ) ;
#529 = DIRECTION ( 'NONE',  ( 0.0000000000000000000, -2.168404344971008868E-16, -1.000000000000000000 ) ) ;
#530 = ORIENTED_EDGE ( 'NONE', *, *, #289, .T. ) ;
#531 = EDGE_CURVE ( 'NONE', #195, #100, #786, .T. ) ;
#532 = LINE ( 'NONE', #1460, #1343 ) ;
#533 = DIRECTION ( 'NONE',  ( 1.374525595238999975E-32, -1.000000000000000000, 2.220446049250000002E-16 ) ) ;
#534 = FACE_OUTER_BOUND ( 'NONE', #447, .T. ) ;
#535 = EDGE_LOOP ( 'NONE', ( #1804, #1467, #1083, #1181 ) ) ;
#536 = FILL_AREA_STYLE ('',( #1634 ) ) ;
#537 = LINE ( 'NONE', #1600, #880 ) ;
#538 = ORIENTED_EDGE ( 'NONE', *, *, #1571, .F. ) ;
#539 = AXIS2_PLACEMENT_3D ( 'NONE', #87, #1477, #75 ) ;
#540 = VECTOR ( 'NONE', #770, 1000.000000000000000 ) ;
#541 = VECTOR ( 'NONE', #1167, 1000.000000000000000 ) ;
#542 = DIRECTION ( 'NONE',  ( 0.0000000000000000000, -0.7071067811865474617, -0.7071067811865474617 ) ) ;
#543 = AXIS2_PLACEMENT_3D ( 'NONE', #1905, #1754, #1464 ) ;
#544 = ADVANCED_FACE ( 'NONE', ( #642 ), #1471, .T. ) ;
#545 = VECTOR ( 'NONE', #170, 1000.000000000000000 ) ;
#546 = ORIENTED_EDGE ( 'NONE', *, *, #1729, .F. ) ;
#547 = ORIENTED_EDGE ( 'NONE', *, *, #1224, .F. ) ;
#548 = CARTESIAN_POINT ( 'NONE',  ( 0.6499999999600000189, 14.90000000000000036, -5.799999999999999822 ) ) ;
#549 = DIRECTION ( 'NONE',  ( -0.0000000000000000000, 0.0000000000000000000, 1.000000000000000000 ) ) ;
#550 = ORIENTED_EDGE ( 'NONE', *, *, #1875, .F. ) ;
#551 = LINE ( 'NONE', #402, #1947 ) ;
#552 = DIRECTION ( 'NONE',  ( 2.736911063134000260E-48, 3.761954308170465814E-80, 1.000000000000000000 ) ) ;
#553 = EDGE_CURVE ( 'NONE', #935, #806, #365, .T. ) ;
#554 = EDGE_CURVE ( 'NONE', #1344, #1359, #968, .T. ) ;
#555 = CARTESIAN_POINT ( 'NONE',  ( -0.6499999999600000189, 14.90000000000000036, 3.953165825620000184 ) ) ;
#556 = ORIENTED_EDGE ( 'NONE', *, *, #1170, .F. ) ;
#557 = CYLINDRICAL_SURFACE ( 'NONE', #340, 4.699999999999999289 ) ;
#558 = FILL_AREA_STYLE ('',( #594 ) ) ;
#559 = CARTESIAN_POINT ( 'NONE',  ( -4.049999999999999822, -2.399999999999999911, 13.00000000000000178 ) ) ;
#560 = ORIENTED_EDGE ( 'NONE', *, *, #314, .T. ) ;
#561 = LINE ( 'NONE', #678, #1544 ) ;
#562 = ADVANCED_FACE ( 'NONE', ( #1243, #470 ), #802, .F. ) ;
#563 = SURFACE_SIDE_STYLE ('',( #1511 ) ) ;
#564 = ORIENTED_EDGE ( 'NONE', *, *, #1848, .T. ) ;
#565 = LINE ( 'NONE', #1019, #949 ) ;
#566 = EDGE_CURVE ( 'NONE', #323, #941, #1669, .T. ) ;
#567 =( NAMED_UNIT ( * ) PLANE_ANGLE_UNIT ( ) SI_UNIT ( $, .RADIAN. ) );
#568 = ORIENTED_EDGE ( 'NONE', *, *, #189, .T. ) ;
#569 = STYLED_ITEM ( 'NONE', ( #1189 ), #998 ) ;
#570 = COLOUR_RGB ( '',0.8000000000000000444, 0.8000000000000000444, 0.8000000000000000444 ) ;
#571 = VECTOR ( 'NONE', #1739, 1000.000000000000000 ) ;
#572 = AXIS2_PLACEMENT_3D ( 'NONE', #633, #464, #900 ) ;
#573 = VECTOR ( 'NONE', #552, 1000.000000000000000 ) ;
#574 = AXIS2_PLACEMENT_3D ( 'NONE', #1994, #951, #1570 ) ;
#575 = PRESENTATION_LAYER_ASSIGNMENT (  '', '', ( #1076 ) ) ;
#576 = CARTESIAN_POINT ( 'NONE',  ( 0.0000000000000000000, -2.399999999999999023, 12.59999999999999964 ) ) ;
#577 = EDGE_LOOP ( 'NONE', ( #619, #454, #485, #714 ) ) ;
#578 = LINE ( 'NONE', #1629, #1700 ) ;
#579 = EDGE_CURVE ( 'NONE', #13, #890, #960, .T. ) ;
#580 = LINE ( 'NONE', #1180, #48 ) ;
#581 = EDGE_LOOP ( 'NONE', ( #1187, #659, #783, #1918 ) ) ;
#582 = CARTESIAN_POINT ( 'NONE',  ( 5.049999999999999822, 1.500000000000000000, 0.0000000000000000000 ) ) ;
#583 = DIRECTION ( 'NONE',  ( 0.0000000000000000000, 1.000000000000000000, -2.220446049250000002E-16 ) ) ;
#584 = VERTEX_POINT ( 'NONE', #1724 ) ;
#585 = LINE ( 'NONE', #255, #1984 ) ;
#586 = ORIENTED_EDGE ( 'NONE', *, *, #1972, .T. ) ;
#587 = FACE_OUTER_BOUND ( 'NONE', #623, .T. ) ;
#588 = ORIENTED_EDGE ( 'NONE', *, *, #1387, .F. ) ;
#589 = EDGE_CURVE ( 'NONE', #1852, #945, #1444, .T. ) ;
#590 = LINE ( 'NONE', #261, #1674 ) ;
#591 = ORIENTED_EDGE ( 'NONE', *, *, #1621, .T. ) ;
#592 = CARTESIAN_POINT ( 'NONE',  ( -0.6500000000000002442, -5.000000000000000888, 3.953165825626911989 ) ) ;
#593 = ORIENTED_EDGE ( 'NONE', *, *, #1446, .T. ) ;
#594 = FILL_AREA_STYLE_COLOUR ( '', #106 ) ;
#595 = VERTEX_POINT ( 'NONE', #33 ) ;
#596 = FILL_AREA_STYLE ('',( #1373 ) ) ;
#597 = CARTESIAN_POINT ( 'NONE',  ( 5.049999999999999822, 19.00000000000000000, 12.00000000000000000 ) ) ;
#598 = DIRECTION ( 'NONE',  ( -1.374525595238999975E-32, 1.000000000000000000, -0.0000000000000000000 ) ) ;
#599 = AXIS2_PLACEMENT_3D ( 'NONE', #1526, #1193, #424 ) ;
#600 = VECTOR ( 'NONE', #1383, 1000.000000000000000 ) ;
#601 = EDGE_CURVE ( 'NONE', #198, #100, #1715, .T. ) ;
#602 = AXIS2_PLACEMENT_3D ( 'NONE', #773, #1851, #793 ) ;
#603 = CARTESIAN_POINT ( 'NONE',  ( -5.049999999999999822, 0.2000000000000000944, 12.00000000000000000 ) ) ;
#604 = ORIENTED_EDGE ( 'NONE', *, *, #1862, .T. ) ;
#605 = ORIENTED_EDGE ( 'NONE', *, *, #1955, .F. ) ;
#606 = DIRECTION ( 'NONE',  ( 0.0000000000000000000, 1.000000000000000000, -2.230894258320999957E-16 ) ) ;
#607 = LINE ( 'NONE', #1533, #370 ) ;
#608 = CARTESIAN_POINT ( 'NONE',  ( 0.5499999999600000411, 14.90000000000000036, -5.900000000000000355 ) ) ;
#609 = UNCERTAINTY_MEASURE_WITH_UNIT (LENGTH_MEASURE( 1.000000000000000082E-05 ), #1746, 'distance_accuracy_value', 'NONE');
#610 = ADVANCED_FACE ( 'NONE', ( #315 ), #1568, .T. ) ;
#611 = ORIENTED_EDGE ( 'NONE', *, *, #1648, .T. ) ;
#612 = FACE_OUTER_BOUND ( 'NONE', #899, .T. ) ;
#613 = EDGE_CURVE ( 'NONE', #734, #1569, #780, .T. ) ;
#614 = CARTESIAN_POINT ( 'NONE',  ( -0.6500000000000001332, -0.6000000000000000888, -5.799999999999999822 ) ) ;
#615 = DIRECTION ( 'NONE',  ( 0.0000000000000000000, -0.0000000000000000000, 1.000000000000000000 ) ) ;
#616 = CARTESIAN_POINT ( 'NONE',  ( -5.049999999999999822, 16.39999999999999858, 0.0000000000000000000 ) ) ;
#617 = DIRECTION ( 'NONE',  ( 0.7071067811865474617, 0.0000000000000000000, 0.7071067811865474617 ) ) ;
#618 = CARTESIAN_POINT ( 'NONE',  ( -5.049999999999999822, 19.00000000000000000, 0.0000000000000000000 ) ) ;
#619 = ORIENTED_EDGE ( 'NONE', *, *, #1571, .T. ) ;
#620 = DIRECTION ( 'NONE',  ( 0.0000000000000000000, 1.000000000000000000, -2.220446049250000002E-16 ) ) ;
#621 = DIRECTION ( 'NONE',  ( 1.000000000000000000, 0.0000000000000000000, -0.0000000000000000000 ) ) ;
#622 = SURFACE_SIDE_STYLE ('',( #3 ) ) ;
#623 = EDGE_LOOP ( 'NONE', ( #1866, #703, #165, #1372, #395, #1269, #1447, #320, #643, #39, #604, #1223 ) ) ;
#624 = COLOUR_RGB ( '',0.8000000000000000444, 0.8000000000000000444, 0.8000000000000000444 ) ;
#625 = MECHANICAL_DESIGN_GEOMETRIC_PRESENTATION_REPRESENTATION (  '', ( #1579 ), #1109 ) ;
#626 =( GEOMETRIC_REPRESENTATION_CONTEXT ( 3 ) GLOBAL_UNCERTAINTY_ASSIGNED_CONTEXT ( ( #53 ) ) GLOBAL_UNIT_ASSIGNED_CONTEXT ( ( #298, #148, #321 ) ) REPRESENTATION_CONTEXT ( 'NONE', 'WORKASPACE' ) );
#627 = VERTEX_POINT ( 'NONE', #1896 ) ;
#628 = DIRECTION ( 'NONE',  ( 0.0000000000000000000, 0.0000000000000000000, 1.000000000000000000 ) ) ;
#629 = AXIS2_PLACEMENT_3D ( 'NONE', #639, #1085, #1229 ) ;
#630 = DIRECTION ( 'NONE',  ( -1.000000000000000000, -1.374525595238999975E-32, 2.736911063134000260E-48 ) ) ;
#631 = PRODUCT_CONTEXT ( 'NONE', #1426, 'mechanical' ) ;
#632 = ORIENTED_EDGE ( 'NONE', *, *, #1664, .T. ) ;
#633 = CARTESIAN_POINT ( 'NONE',  ( -5.049999999999999822, -2.399999999999999911, 13.00000000000000178 ) ) ;
#634 = AXIS2_PLACEMENT_3D ( 'NONE', #608, #313, #617 ) ;
#635 = EDGE_CURVE ( 'NONE', #890, #68, #926, .T. ) ;
#636 = LINE ( 'NONE', #1692, #209 ) ;
#637 = DIRECTION ( 'NONE',  ( 0.7071067811865474617, 0.0000000000000000000, 0.7071067811865474617 ) ) ;
#638 = ORIENTED_EDGE ( 'NONE', *, *, #825, .T. ) ;
#639 = CARTESIAN_POINT ( 'NONE',  ( 0.6499999999600000189, 16.10000000000000142, -6.000000000000000000 ) ) ;
#640 = DIRECTION ( 'NONE',  ( 0.0000000000000000000, 1.000000000000000000, 0.0000000000000000000 ) ) ;
#641 = VERTEX_POINT ( 'NONE', #1257 ) ;
#642 = FACE_OUTER_BOUND ( 'NONE', #1117, .T. ) ;
#643 = ORIENTED_EDGE ( 'NONE', *, *, #787, .F. ) ;
#644 = FACE_OUTER_BOUND ( 'NONE', #352, .T. ) ;
#645 = DIRECTION ( 'NONE',  ( 1.000000000000000000, 0.0000000000000000000, -0.0000000000000000000 ) ) ;
#646 = ORIENTED_EDGE ( 'NONE', *, *, #579, .F. ) ;
#647 = EDGE_CURVE ( 'NONE', #171, #1018, #1398, .T. ) ;
#648 = DIRECTION ( 'NONE',  ( 0.0000000000000000000, 1.000000000000000000, 0.0000000000000000000 ) ) ;
#649 = EDGE_CURVE ( 'NONE', #684, #725, #334, .T. ) ;
#650 = ORIENTED_EDGE ( 'NONE', *, *, #1586, .F. ) ;
#651 = CARTESIAN_POINT ( 'NONE',  ( 5.649999999999999467, 15.10000000000000142, 11.50000000000000178 ) ) ;
#652 =( NAMED_UNIT ( * ) PLANE_ANGLE_UNIT ( ) SI_UNIT ( $, .RADIAN. ) );
#653 = CARTESIAN_POINT ( 'NONE',  ( -5.049999999999999822, 19.00000000000000000, 0.0000000000000000000 ) ) ;
#654 = CARTESIAN_POINT ( 'NONE',  ( -4.250000000000000000, 15.10000000000000142, 15.00000000000000000 ) ) ;
#655 = FILL_AREA_STYLE_COLOUR ( '', #1899 ) ;
#656 = CARTESIAN_POINT ( 'NONE',  ( 5.650000000000000355, 16.39999999999999858, 11.50000000000000000 ) ) ;
#657 = CARTESIAN_POINT ( 'NONE',  ( 5.049999999999999822, 15.10000000000000142, 11.50000000000000000 ) ) ;
#658 = ADVANCED_FACE ( 'NONE', ( #505 ), #683, .F. ) ;
#659 = ORIENTED_EDGE ( 'NONE', *, *, #1053, .F. ) ;
#660 = AXIS2_PLACEMENT_3D ( 'NONE', #796, #1438, #805 ) ;
#661 = LINE ( 'NONE', #1287, #1538 ) ;
#662 = AXIS2_PLACEMENT_3D ( 'NONE', #1660, #856, #265 ) ;
#663 = VECTOR ( 'NONE', #249, 1000.000000000000000 ) ;
#664 = AXIS2_PLACEMENT_3D ( 'NONE', #1946, #233, #227 ) ;
#665 = VECTOR ( 'NONE', #143, 1000.000000000000000 ) ;
#666 =( NAMED_UNIT ( * ) PLANE_ANGLE_UNIT ( ) SI_UNIT ( $, .RADIAN. ) );
#667 = CARTESIAN_POINT ( 'NONE',  ( 0.6500000000000001332, -0.5999999999999996447, 0.0000000000000000000 ) ) ;
#668 =( LENGTH_UNIT ( ) NAMED_UNIT ( * ) SI_UNIT ( .MILLI., .METRE. ) );
#669 = MECHANICAL_DESIGN_GEOMETRIC_PRESENTATION_REPRESENTATION (  '', ( #150 ), #1676 ) ;
#670 =( LENGTH_UNIT ( ) NAMED_UNIT ( * ) SI_UNIT ( .MILLI., .METRE. ) );
#671 = DIRECTION ( 'NONE',  ( 1.000000000000000000, 0.0000000000000000000, -0.0000000000000000000 ) ) ;
#672 = ORIENTED_EDGE ( 'NONE', *, *, #252, .T. ) ;
#673 = ADVANCED_FACE ( 'NONE', ( #1604 ), #704, .T. ) ;
#674 = LINE ( 'NONE', #67, #1891 ) ;
#675 = EDGE_CURVE ( 'NONE', #857, #1026, #1936, .T. ) ;
#676 = PLANE ( 'NONE',  #1382 ) ;
#677 = DIRECTION ( 'NONE',  ( 0.7071067811865474617, 0.0000000000000000000, -0.7071067811865474617 ) ) ;
#678 = CARTESIAN_POINT ( 'NONE',  ( -0.6500000000000001332, 16.10000000000000142, 3.953165825626999919 ) ) ;
#679 = ORIENTED_EDGE ( 'NONE', *, *, #649, .T. ) ;
#680 = CARTESIAN_POINT ( 'NONE',  ( 0.6499999999799808137, 16.10000000000000142, 3.953165825623527585 ) ) ;
#681 = ADVANCED_FACE ( 'NONE', ( #363 ), #1633, .T. ) ;
#682 = DIRECTION ( 'NONE',  ( 0.0000000000000000000, 1.000000000000000000, 0.0000000000000000000 ) ) ;
#683 = PLANE ( 'NONE',  #1640 ) ;
#684 = VERTEX_POINT ( 'NONE', #1291 ) ;
#685 = AXIS2_PLACEMENT_3D ( 'NONE', #415, #606, #1219 ) ;
#686 = DIRECTION ( 'NONE',  ( 1.000000000000000000, 0.0000000000000000000, -0.0000000000000000000 ) ) ;
#687 = AXIS2_PLACEMENT_3D ( 'NONE', #963, #1591, #1153 ) ;
#688 = VECTOR ( 'NONE', #1273, 1000.000000000000000 ) ;
#689 = CARTESIAN_POINT ( 'NONE',  ( -4.049999999999999822, 19.00000000000000000, 12.00000000000000000 ) ) ;
#690 = LINE ( 'NONE', #1299, #956 ) ;
#691 = VERTEX_POINT ( 'NONE', #526 ) ;
#692 = AXIS2_PLACEMENT_3D ( 'NONE', #1198, #407, #1820 ) ;
#693 =( GEOMETRIC_REPRESENTATION_CONTEXT ( 3 ) GLOBAL_UNCERTAINTY_ASSIGNED_CONTEXT ( ( #158 ) ) GLOBAL_UNIT_ASSIGNED_CONTEXT ( ( #1737, #1876, #1708 ) ) REPRESENTATION_CONTEXT ( 'NONE', 'WORKASPACE' ) );
#694 = EDGE_CURVE ( 'NONE', #1827, #691, #1854, .T. ) ;
#695 = FACE_OUTER_BOUND ( 'NONE', #737, .T. ) ;
#696 = PRESENTATION_LAYER_ASSIGNMENT (  '', '', ( #1704 ) ) ;
#697 = MECHANICAL_DESIGN_GEOMETRIC_PRESENTATION_REPRESENTATION (  '', ( #444 ), #1830 ) ;
#698 = CARTESIAN_POINT ( 'NONE',  ( -5.049999999999999822, -2.399999999999999911, 0.0000000000000000000 ) ) ;
#699 = ORIENTED_EDGE ( 'NONE', *, *, #1414, .T. ) ;
#700 = DIRECTION ( 'NONE',  ( 0.0000000000000000000, 1.000000000000000000, 0.0000000000000000000 ) ) ;
#701 =( NAMED_UNIT ( * ) PLANE_ANGLE_UNIT ( ) SI_UNIT ( $, .RADIAN. ) );
#702 = DIRECTION ( 'NONE',  ( 0.0000000000000000000, -1.000000000000000000, -0.0000000000000000000 ) ) ;
#703 = ORIENTED_EDGE ( 'NONE', *, *, #205, .T. ) ;
#704 = PLANE ( 'NONE',  #755 ) ;
#705 = PRESENTATION_STYLE_ASSIGNMENT (( #1164 ) ) ;
#706 = EDGE_CURVE ( 'NONE', #893, #103, #551, .T. ) ;
#707 = EDGE_CURVE ( 'NONE', #103, #239, #823, .T. ) ;
#708 = CARTESIAN_POINT ( 'NONE',  ( 0.6500000000000001332, 0.5999999999999999778, 0.0000000000000000000 ) ) ;
#709 = SURFACE_SIDE_STYLE ('',( #867 ) ) ;
#710 = ORIENTED_EDGE ( 'NONE', *, *, #498, .F. ) ;
#711 = LINE ( 'NONE', #1490, #1318 ) ;
#712 = ADVANCED_FACE ( 'NONE', ( #1156 ), #232, .F. ) ;
#713 = LINE ( 'NONE', #1974, #473 ) ;
#714 = ORIENTED_EDGE ( 'NONE', *, *, #1992, .T. ) ;
#715 = DIRECTION ( 'NONE',  ( 0.0000000000000000000, 0.0000000000000000000, 1.000000000000000000 ) ) ;
#716 = AXIS2_PLACEMENT_3D ( 'NONE', #851, #226, #838 ) ;
#717 = CARTESIAN_POINT ( 'NONE',  ( -0.6500000000000001332, -0.4000000000000004663, -6.000000000000000000 ) ) ;
#718 = VERTEX_POINT ( 'NONE', #241 ) ;
#719 = VECTOR ( 'NONE', #1730, 1000.000000000000000 ) ;
#720 =( GEOMETRIC_REPRESENTATION_CONTEXT ( 3 ) GLOBAL_UNCERTAINTY_ASSIGNED_CONTEXT ( ( #738 ) ) GLOBAL_UNIT_ASSIGNED_CONTEXT ( ( #1128, #55, #1119 ) ) REPRESENTATION_CONTEXT ( 'NONE', 'WORKASPACE' ) );
#721 = SURFACE_STYLE_USAGE ( .BOTH. , #1518 ) ;
#722 = COLOUR_RGB ( '',0.8000000000000000444, 0.8000000000000000444, 0.8000000000000000444 ) ;
#723 = ORIENTED_EDGE ( 'NONE', *, *, #1597, .F. ) ;
#724 = CIRCLE ( 'NONE', #1867, 4.000000000000000000 ) ;
#725 = VERTEX_POINT ( 'NONE', #203 ) ;
#726 = EDGE_CURVE ( 'NONE', #4, #1813, #1574, .T. ) ;
#727 = FACE_OUTER_BOUND ( 'NONE', #875, .T. ) ;
#728 = DIRECTION ( 'NONE',  ( 0.0000000000000000000, -1.000000000000000000, 2.220446049250000002E-16 ) ) ;
#729 = VERTEX_POINT ( 'NONE', #1469 ) ;
#730 = PLANE ( 'NONE',  #1353 ) ;
#731 =( LENGTH_UNIT ( ) NAMED_UNIT ( * ) SI_UNIT ( .MILLI., .METRE. ) );
#732 = ORIENTED_EDGE ( 'NONE', *, *, #1032, .T. ) ;
#733 = FILL_AREA_STYLE_COLOUR ( '', #303 ) ;
#734 = VERTEX_POINT ( 'NONE', #65 ) ;
#735 = FACE_OUTER_BOUND ( 'NONE', #28, .T. ) ;
#736 = SURFACE_SIDE_STYLE ('',( #1970 ) ) ;
#737 = EDGE_LOOP ( 'NONE', ( #1945, #463, #547, #147 ) ) ;
#738 = UNCERTAINTY_MEASURE_WITH_UNIT (LENGTH_MEASURE( 1.000000000000000082E-05 ), #1128, 'distance_accuracy_value', 'NONE');
#739 = EDGE_CURVE ( 'NONE', #1927, #2002, #277, .T. ) ;
#740 = PLANE ( 'NONE',  #105 ) ;
#741 = DIRECTION ( 'NONE',  ( -0.0000000000000000000, -1.000000000000000000, 0.0000000000000000000 ) ) ;
#742 = ORIENTED_EDGE ( 'NONE', *, *, #1978, .F. ) ;
#743 = CARTESIAN_POINT ( 'NONE',  ( -4.250000000000000000, 16.39999999999999858, 0.0000000000000000000 ) ) ;
#744 = EDGE_LOOP ( 'NONE', ( #251, #605, #774, #52 ) ) ;
#745 = CARTESIAN_POINT ( 'NONE',  ( 0.6499999999799809247, 19.00000000000000000, 3.953165825623526697 ) ) ;
#746 = ORIENTED_EDGE ( 'NONE', *, *, #1978, .T. ) ;
#747 = PRESENTATION_STYLE_ASSIGNMENT (( #480 ) ) ;
#748 =( NAMED_UNIT ( * ) SI_UNIT ( $, .STERADIAN. ) SOLID_ANGLE_UNIT ( ) );
#749 = CARTESIAN_POINT ( 'NONE',  ( -5.049999999999999822, -2.399999999999999911, 12.00000000000000000 ) ) ;
#750 = PLANE ( 'NONE',  #756 ) ;
#751 = CIRCLE ( 'NONE', #1312, 1.000000000000000888 ) ;
#752 = ADVANCED_FACE ( 'NONE', ( #695 ), #1323, .T. ) ;
#753 = VECTOR ( 'NONE', #394, 1000.000000000000000 ) ;
#754 = VECTOR ( 'NONE', #645, 1000.000000000000000 ) ;
#755 = AXIS2_PLACEMENT_3D ( 'NONE', #44, #1149, #377 ) ;
#756 = AXIS2_PLACEMENT_3D ( 'NONE', #457, #1221, #1184 ) ;
#757 = ORIENTED_EDGE ( 'NONE', *, *, #1166, .T. ) ;
#758 = LINE ( 'NONE', #459, #1951 ) ;
#759 = LINE ( 'NONE', #1215, #1381 ) ;
#760 = DIRECTION ( 'NONE',  ( 0.0000000000000000000, 0.0000000000000000000, 1.000000000000000000 ) ) ;
#761 = ORIENTED_EDGE ( 'NONE', *, *, #1234, .F. ) ;
#762 = ORIENTED_EDGE ( 'NONE', *, *, #1729, .T. ) ;
#763 = CARTESIAN_POINT ( 'NONE',  ( -0.6499999999800000205, 16.10000000000000142, 0.0000000000000000000 ) ) ;
#764 = DIRECTION ( 'NONE',  ( -0.5773502691896216232, -0.5773502691896278405, -0.5773502691896278405 ) ) ;
#765 = CARTESIAN_POINT ( 'NONE',  ( -4.250000000000000000, 1.500000000000000000, 0.0000000000000000000 ) ) ;
#766 = DIRECTION ( 'NONE',  ( -0.0000000000000000000, 0.0000000000000000000, -1.000000000000000000 ) ) ;
#767 = ADVANCED_FACE ( 'NONE', ( #1963 ), #730, .F. ) ;
#768 = ORIENTED_EDGE ( 'NONE', *, *, #289, .F. ) ;
#769 = CARTESIAN_POINT ( 'NONE',  ( -0.6499999999600000189, 14.90000000000000036, 3.953165825620000184 ) ) ;
#770 = DIRECTION ( 'NONE',  ( -1.325295312279249518E-16, -1.000000000000000000, 1.325295312279249518E-16 ) ) ;
#771 = CARTESIAN_POINT ( 'NONE',  ( 0.6499999999800001316, 16.10000000000000142, 0.0000000000000000000 ) ) ;
#772 = FILL_AREA_STYLE_COLOUR ( '', #624 ) ;
#773 = CARTESIAN_POINT ( 'NONE',  ( 0.0000000000000000000, 16.10000000000000142, 7.899999999999997691 ) ) ;
#774 = ORIENTED_EDGE ( 'NONE', *, *, #1010, .T. ) ;
#775 = LINE ( 'NONE', #1078, #109 ) ;
#776 = CARTESIAN_POINT ( 'NONE',  ( 5.049999999999999822, 16.39999999999999858, 0.0000000000000000000 ) ) ;
#777 = DIRECTION ( 'NONE',  ( -0.0000000000000000000, -1.000000000000000000, 2.220446049250000002E-16 ) ) ;
#778 = DIRECTION ( 'NONE',  ( -0.7071067811865475727, 1.249500403183200498E-16, 0.7071067811865475727 ) ) ;
#779 = ORIENTED_EDGE ( 'NONE', *, *, #635, .F. ) ;
#780 = LINE ( 'NONE', #656, #1144 ) ;
#781 = DIRECTION ( 'NONE',  ( 0.0000000000000000000, 1.000000000000000000, 0.0000000000000000000 ) ) ;
#782 = AXIS2_PLACEMENT_3D ( 'NONE', #988, #829, #1618 ) ;
#783 = ORIENTED_EDGE ( 'NONE', *, *, #1862, .F. ) ;
#784 = AXIS2_PLACEMENT_3D ( 'NONE', #555, #1940, #1017 ) ;
#785 = DIRECTION ( 'NONE',  ( 1.000000000000000000, 1.374525595238999975E-32, -2.736911063134000260E-48 ) ) ;
#786 = CIRCLE ( 'NONE', #1608, 1.000000000000000888 ) ;
#787 = EDGE_CURVE ( 'NONE', #1775, #2002, #456, .T. ) ;
#788 = MECHANICAL_DESIGN_GEOMETRIC_PRESENTATION_REPRESENTATION (  '', ( #1076 ), #1793 ) ;
#789 = EDGE_CURVE ( 'NONE', #1052, #131, #590, .T. ) ;
#790 = CARTESIAN_POINT ( 'NONE',  ( 0.6499999999600000189, 15.10000000000000142, -6.000000000000000000 ) ) ;
#791 = LINE ( 'NONE', #1713, #545 ) ;
#792 = ORIENTED_EDGE ( 'NONE', *, *, #1532, .F. ) ;
#793 = DIRECTION ( 'NONE',  ( 0.0000000000000000000, 0.0000000000000000000, -1.000000000000000000 ) ) ;
#794 = CARTESIAN_POINT ( 'NONE',  ( 5.650000000000000355, 16.39999999999999858, 0.0000000000000000000 ) ) ;
#795 = DIRECTION ( 'NONE',  ( 0.0000000000000000000, -0.0000000000000000000, 1.000000000000000000 ) ) ;
#796 = CARTESIAN_POINT ( 'NONE',  ( -0.5499999999600000411, 14.90000000000000036, -5.900000000000000355 ) ) ;
#797 = VERTEX_POINT ( 'NONE', #582 ) ;
#798 = SURFACE_SIDE_STYLE ('',( #1207 ) ) ;
#799 = CARTESIAN_POINT ( 'NONE',  ( -4.250000000000000000, 15.10000000000000142, 0.0000000000000000000 ) ) ;
#800 = ORIENTED_EDGE ( 'NONE', *, *, #601, .T. ) ;
#801 = ADVANCED_FACE ( 'NONE', ( #1183 ), #1806, .T. ) ;
#802 = PLANE ( 'NONE',  #629 ) ;
#803 = DIRECTION ( 'NONE',  ( -0.0000000000000000000, 0.0000000000000000000, -1.000000000000000000 ) ) ;
#804 = ORIENTED_EDGE ( 'NONE', *, *, #353, .F. ) ;
#805 = DIRECTION ( 'NONE',  ( 0.7071067811865474617, 0.0000000000000000000, -0.7071067811865474617 ) ) ;
#806 = VERTEX_POINT ( 'NONE', #284 ) ;
#807 = DIRECTION ( 'NONE',  ( 1.000000000000000000, 0.0000000000000000000, -0.0000000000000000000 ) ) ;
#808 = FACE_OUTER_BOUND ( 'NONE', #329, .T. ) ;
#809 = SURFACE_STYLE_USAGE ( .BOTH. , #1893 ) ;
#810 = PRESENTATION_STYLE_ASSIGNMENT (( #1228 ) ) ;
#811 = LINE ( 'NONE', #794, #571 ) ;
#812 = ADVANCED_FACE ( 'NONE', ( #128 ), #740, .T. ) ;
#813 = EDGE_CURVE ( 'NONE', #1026, #684, #190, .T. ) ;
#814 = ORIENTED_EDGE ( 'NONE', *, *, #694, .F. ) ;
#815 = CARTESIAN_POINT ( 'NONE',  ( 4.049999999999999822, -2.399999999999999911, 12.00000000000000000 ) ) ;
#816 = VECTOR ( 'NONE', #924, 1000.000000000000000 ) ;
#817 = FACE_OUTER_BOUND ( 'NONE', #581, .T. ) ;
#818 = ORIENTED_EDGE ( 'NONE', *, *, #1281, .T. ) ;
#819 = COLOUR_RGB ( '',1.000000000000000000, 1.000000000000000000, 0.0000000000000000000 ) ;
#820 = CARTESIAN_POINT ( 'NONE',  ( 5.049999999999999822, 16.39999999999999858, 11.50000000000000178 ) ) ;
#821 = MECHANICAL_DESIGN_GEOMETRIC_PRESENTATION_REPRESENTATION (  '', ( #311 ), #1960 ) ;
#822 = AXIS2_PLACEMENT_3D ( 'NONE', #430, #1048, #728 ) ;
#823 = LINE ( 'NONE', #1002, #1201 ) ;
#824 = DIRECTION ( 'NONE',  ( -1.000000000000000000, -0.0000000000000000000, -0.0000000000000000000 ) ) ;
#825 = EDGE_CURVE ( 'NONE', #729, #1263, #1441, .T. ) ;
#826 = EDGE_LOOP ( 'NONE', ( #1512, #1790, #800, #286, #1405, #1720, #1652, #495, #1973, #1521, #1185, #757 ) ) ;
#827 = DIRECTION ( 'NONE',  ( -0.0000000000000000000, -1.000000000000000000, -0.0000000000000000000 ) ) ;
#828 = DIRECTION ( 'NONE',  ( 0.0000000000000000000, -0.0000000000000000000, 1.000000000000000000 ) ) ;
#829 = DIRECTION ( 'NONE',  ( -1.374525595238999975E-32, 1.000000000000000000, -2.182085317882000006E-16 ) ) ;
#830 = DIRECTION ( 'NONE',  ( 1.000000000000000000, 0.0000000000000000000, 0.0000000000000000000 ) ) ;
#831 = ORIENTED_EDGE ( 'NONE', *, *, #862, .F. ) ;
#832 = CARTESIAN_POINT ( 'NONE',  ( 0.6499999999600000189, 16.10000000000000142, -5.799999999999999822 ) ) ;
#833 = ORIENTED_EDGE ( 'NONE', *, *, #74, .F. ) ;
#834 = EDGE_CURVE ( 'NONE', #1136, #595, #1146, .T. ) ;
#835 = FACE_OUTER_BOUND ( 'NONE', #1954, .T. ) ;
#836 = DIRECTION ( 'NONE',  ( 0.0000000000000000000, -1.000000000000000000, -0.0000000000000000000 ) ) ;
#837 = DIRECTION ( 'NONE',  ( 0.0000000000000000000, 1.000000000000000000, -0.0000000000000000000 ) ) ;
#838 = DIRECTION ( 'NONE',  ( 0.0000000000000000000, 0.0000000000000000000, 1.000000000000000000 ) ) ;
#839 = ORIENTED_EDGE ( 'NONE', *, *, #635, .T. ) ;
#840 = CARTESIAN_POINT ( 'NONE',  ( 0.6499999999599999079, 16.10000000000000142, -5.799999999999999822 ) ) ;
#841 = ORIENTED_EDGE ( 'NONE', *, *, #2004, .F. ) ;
#842 = STYLED_ITEM ( 'NONE', ( #465 ), #812 ) ;
#843 = DIRECTION ( 'NONE',  ( 0.0000000000000000000, -0.0000000000000000000, 1.000000000000000000 ) ) ;
#844 =( GEOMETRIC_REPRESENTATION_CONTEXT ( 3 ) GLOBAL_UNCERTAINTY_ASSIGNED_CONTEXT ( ( #1338 ) ) GLOBAL_UNIT_ASSIGNED_CONTEXT ( ( #1958, #567, #429 ) ) REPRESENTATION_CONTEXT ( 'NONE', 'WORKASPACE' ) );
#845 = EDGE_CURVE ( 'NONE', #584, #1938, #1565, .T. ) ;
#846 = FILL_AREA_STYLE_COLOUR ( '', #1668 ) ;
#847 = DIRECTION ( 'NONE',  ( 0.0000000000000000000, 0.0000000000000000000, 1.000000000000000000 ) ) ;
#848 = ORIENTED_EDGE ( 'NONE', *, *, #1955, .T. ) ;
#849 = VECTOR ( 'NONE', #1358, 1000.000000000000000 ) ;
#850 = ADVANCED_FACE ( 'NONE', ( #644 ), #1575, .T. ) ;
#851 = CARTESIAN_POINT ( 'NONE',  ( 0.0000000000000000000, 16.10000000000000142, 7.900000000000000355 ) ) ;
#852 = VECTOR ( 'NONE', #1657, 1000.000000000000000 ) ;
#853 = CARTESIAN_POINT ( 'NONE',  ( -0.6500000000000001332, 0.5999999999999999778, -6.000000000000000000 ) ) ;
#854 = COLOUR_RGB ( '',0.8000000000000000444, 0.8000000000000000444, 0.8000000000000000444 ) ;
#855 = AXIS2_PLACEMENT_3D ( 'NONE', #931, #760, #1235 ) ;
#856 = DIRECTION ( 'NONE',  ( 0.0000000000000000000, 1.000000000000000000, 0.0000000000000000000 ) ) ;
#857 = VERTEX_POINT ( 'NONE', #763 ) ;
#858 = LINE ( 'NONE', #708, #1822 ) ;
#859 = CARTESIAN_POINT ( 'NONE',  ( -4.250000000000000000, 1.500000000000000000, 0.0000000000000000000 ) ) ;
#860 = ORIENTED_EDGE ( 'NONE', *, *, #1885, .F. ) ;
#861 = DIRECTION ( 'NONE',  ( 0.0000000000000000000, -1.000000000000000000, 0.0000000000000000000 ) ) ;
#862 = EDGE_CURVE ( 'NONE', #1056, #1520, #1610, .T. ) ;
#863 = PLANE ( 'NONE',  #1895 ) ;
#864 = ORIENTED_EDGE ( 'NONE', *, *, #912, .T. ) ;
#865 = CARTESIAN_POINT ( 'NONE',  ( -4.049999999999999822, 19.00000000000000000, 13.00000000000000178 ) ) ;
#866 = FACE_OUTER_BOUND ( 'NONE', #996, .T. ) ;
#867 = SURFACE_STYLE_FILL_AREA ( #1671 ) ;
#868 = ORIENTED_EDGE ( 'NONE', *, *, #1498, .F. ) ;
#869 = DIRECTION ( 'NONE',  ( 0.0000000000000000000, 2.230894258320999957E-16, 1.000000000000000000 ) ) ;
#870 = LINE ( 'NONE', #1025, #80 ) ;
#871 = EDGE_CURVE ( 'NONE', #1993, #103, #1068, .T. ) ;
#872 = EDGE_LOOP ( 'NONE', ( #1099, #1428, #868, #1756 ) ) ;
#873 = EDGE_CURVE ( 'NONE', #1295, #1001, #636, .T. ) ;
#874 = DIRECTION ( 'NONE',  ( 0.0000000000000000000, -0.0000000000000000000, 1.000000000000000000 ) ) ;
#875 = EDGE_LOOP ( 'NONE', ( #1493, #1941, #839, #1045 ) ) ;
#876 = LINE ( 'NONE', #1188, #1206 ) ;
#877 = CARTESIAN_POINT ( 'NONE',  ( 0.0000000000000000000, -0.5999999999999999778, 7.900000000000000355 ) ) ;
#878 = AXIS2_PLACEMENT_3D ( 'NONE', #1138, #1769, #1626 ) ;
#879 = ORIENTED_EDGE ( 'NONE', *, *, #71, .T. ) ;
#880 = VECTOR ( 'NONE', #1142, 1000.000000000000000 ) ;
#881 = COLOUR_RGB ( '',0.8000000000000000444, 0.8000000000000000444, 0.8000000000000000444 ) ;
#882 = FILL_AREA_STYLE_COLOUR ( '', #240 ) ;
#883 = FACE_OUTER_BOUND ( 'NONE', #222, .T. ) ;
#884 = VECTOR ( 'NONE', #162, 1000.000000000000000 ) ;
#885 = VECTOR ( 'NONE', #527, 1000.000000000000000 ) ;
#886 =( GEOMETRIC_REPRESENTATION_CONTEXT ( 3 ) GLOBAL_UNCERTAINTY_ASSIGNED_CONTEXT ( ( #140 ) ) GLOBAL_UNIT_ASSIGNED_CONTEXT ( ( #1594, #666, #1319 ) ) REPRESENTATION_CONTEXT ( 'NONE', 'WORKASPACE' ) );
#887 = VERTEX_POINT ( 'NONE', #503 ) ;
#888 = VECTOR ( 'NONE', #422, 1000.000000000000000 ) ;
#889 = DIRECTION ( 'NONE',  ( -0.0000000000000000000, 0.0000000000000000000, -1.000000000000000000 ) ) ;
#890 = VERTEX_POINT ( 'NONE', #1104 ) ;
#891 = ADVANCED_FACE ( 'NONE', ( #1732 ), #299, .T. ) ;
#892 = SURFACE_STYLE_USAGE ( .BOTH. , #133 ) ;
#893 = VERTEX_POINT ( 'NONE', #1227 ) ;
#894 = LINE ( 'NONE', #1687, #1210 ) ;
#895 = ORIENTED_EDGE ( 'NONE', *, *, #338, .F. ) ;
#896 = CYLINDRICAL_SURFACE ( 'NONE', #1314, 4.000000000000000000 ) ;
#897 = VERTEX_POINT ( 'NONE', #1701 ) ;
#898 =( NAMED_UNIT ( * ) SI_UNIT ( $, .STERADIAN. ) SOLID_ANGLE_UNIT ( ) );
#899 = EDGE_LOOP ( 'NONE', ( #472, #1043, #933, #1177 ) ) ;
#900 = DIRECTION ( 'NONE',  ( 1.000000000000000000, 0.0000000000000000000, -0.0000000000000000000 ) ) ;
#901 = SURFACE_STYLE_FILL_AREA ( #96 ) ;
#902 = UNCERTAINTY_MEASURE_WITH_UNIT (LENGTH_MEASURE( 1.000000000000000082E-05 ), #1656, 'distance_accuracy_value', 'NONE');
#903 = CARTESIAN_POINT ( 'NONE',  ( 0.4500000000000004552, -0.4000000000000005773, -6.000000000000000888 ) ) ;
#904 = EDGE_LOOP ( 'NONE', ( #1126, #1411, #1903, #895 ) ) ;
#905 = DIRECTION ( 'NONE',  ( 0.5773502691896263972, 0.5773502691896258421, -0.5773502691896250649 ) ) ;
#906 = FILL_AREA_STYLE_COLOUR ( '', #1249 ) ;
#907 = CARTESIAN_POINT ( 'NONE',  ( -0.6500000000000001332, 16.10000000000000142, 3.953165825626911989 ) ) ;
#908 = ADVANCED_FACE ( 'NONE', ( #1556 ), #159, .F. ) ;
#909 = CARTESIAN_POINT ( 'NONE',  ( -5.049999999999999822, 0.2000000000000000111, 15.00000000000000000 ) ) ;
#910 = LINE ( 'NONE', #1542, #1110 ) ;
#911 = VECTOR ( 'NONE', #1124, 1000.000000000000000 ) ;
#912 = EDGE_CURVE ( 'NONE', #412, #1336, #532, .T. ) ;
#913 = VECTOR ( 'NONE', #357, 1000.000000000000000 ) ;
#914 = AXIS2_PLACEMENT_3D ( 'NONE', #1415, #1252, #491 ) ;
#915 =( GEOMETRIC_REPRESENTATION_CONTEXT ( 3 ) GLOBAL_UNCERTAINTY_ASSIGNED_CONTEXT ( ( #1792 ) ) GLOBAL_UNIT_ASSIGNED_CONTEXT ( ( #1763, #1310, #76 ) ) REPRESENTATION_CONTEXT ( 'NONE', 'WORKASPACE' ) );
#916 = VECTOR ( 'NONE', #1486, 1000.000000000000000 ) ;
#917 = EDGE_LOOP ( 'NONE', ( #546, #768, #22, #302, #1659, #408 ) ) ;
#918 = PLANE ( 'NONE',  #1172 ) ;
#919 = FACE_OUTER_BOUND ( 'NONE', #517, .T. ) ;
#920 = PRESENTATION_STYLE_ASSIGNMENT (( #341 ) ) ;
#921 = VERTEX_POINT ( 'NONE', #680 ) ;
#922 = ORIENTED_EDGE ( 'NONE', *, *, #353, .T. ) ;
#923 = DIRECTION ( 'NONE',  ( -1.000000000000000000, -0.0000000000000000000, 0.0000000000000000000 ) ) ;
#924 = DIRECTION ( 'NONE',  ( 0.0000000000000000000, 1.000000000000000000, -2.220446049250000002E-16 ) ) ;
#925 =( NAMED_UNIT ( * ) PLANE_ANGLE_UNIT ( ) SI_UNIT ( $, .RADIAN. ) );
#926 = LINE ( 'NONE', #1598, #1924 ) ;
#927 = EDGE_CURVE ( 'NONE', #528, #13, #965, .T. ) ;
#928 = EDGE_LOOP ( 'NONE', ( #1351, #1058, #860, #723 ) ) ;
#929 = PLANE ( 'NONE',  #1985 ) ;
#930 = FILL_AREA_STYLE_COLOUR ( '', #1513 ) ;
#931 = CARTESIAN_POINT ( 'NONE',  ( 0.0000000000000000000, 0.0000000000000000000, 0.0000000000000000000 ) ) ;
#932 = ORIENTED_EDGE ( 'NONE', *, *, #1306, .F. ) ;
#933 = ORIENTED_EDGE ( 'NONE', *, *, #220, .F. ) ;
#934 = DIRECTION ( 'NONE',  ( 0.0000000000000000000, 0.0000000000000000000, 1.000000000000000000 ) ) ;
#935 = VERTEX_POINT ( 'NONE', #54 ) ;
#936 = ADVANCED_FACE ( 'NONE', ( #808 ), #1147, .T. ) ;
#937 = ORIENTED_EDGE ( 'NONE', *, *, #1137, .T. ) ;
#938 = CARTESIAN_POINT ( 'NONE',  ( 4.049999999999999822, -2.399999999999999911, 12.00000000000000000 ) ) ;
#939 = CARTESIAN_POINT ( 'NONE',  ( -0.6499999999933335770, 19.00000000000000000, 0.0000000000000000000 ) ) ;
#940 = DIRECTION ( 'NONE',  ( 0.0000000000000000000, -0.0000000000000000000, 1.000000000000000000 ) ) ;
#941 = VERTEX_POINT ( 'NONE', #371 ) ;
#942 = ORIENTED_EDGE ( 'NONE', *, *, #1805, .T. ) ;
#943 = LINE ( 'NONE', #654, #404 ) ;
#944 = SURFACE_STYLE_USAGE ( .BOTH. , #332 ) ;
#945 = VERTEX_POINT ( 'NONE', #1615 ) ;
#946 = CARTESIAN_POINT ( 'NONE',  ( 5.049999999999999822, 19.00000000000000000, 0.0000000000000000000 ) ) ;
#947 = MECHANICAL_DESIGN_GEOMETRIC_PRESENTATION_REPRESENTATION (  '', ( #175 ), #977 ) ;
#948 = UNCERTAINTY_MEASURE_WITH_UNIT (LENGTH_MEASURE( 1.000000000000000082E-05 ), #319, 'distance_accuracy_value', 'NONE');
#949 = VECTOR ( 'NONE', #1346, 1000.000000000000000 ) ;
#950 = ORIENTED_EDGE ( 'NONE', *, *, #1885, .T. ) ;
#951 = DIRECTION ( 'NONE',  ( 1.000000000000000000, 0.0000000000000000000, -0.0000000000000000000 ) ) ;
#952 = STYLED_ITEM ( 'NONE', ( #390 ), #364 ) ;
#953 = LINE ( 'NONE', #1261, #1606 ) ;
#954 = ORIENTED_EDGE ( 'NONE', *, *, #566, .T. ) ;
#955 = EDGE_CURVE ( 'NONE', #90, #725, #751, .T. ) ;
#956 = VECTOR ( 'NONE', #1624, 1000.000000000000000 ) ;
#957 = SURFACE_STYLE_USAGE ( .BOTH. , #798 ) ;
#958 = LINE ( 'NONE', #41, #979 ) ;
#959 = LINE ( 'NONE', #1873, #1289 ) ;
#960 = LINE ( 'NONE', #1071, #884 ) ;
#961 = CARTESIAN_POINT ( 'NONE',  ( 5.049999999999999822, -2.399999999999999911, 0.0000000000000000000 ) ) ;
#962 = VERTEX_POINT ( 'NONE', #231 ) ;
#963 = CARTESIAN_POINT ( 'NONE',  ( -4.049999999999999822, 15.10000000000000142, 12.00000000000000000 ) ) ;
#964 = EDGE_CURVE ( 'NONE', #502, #295, #301, .T. ) ;
#965 = LINE ( 'NONE', #523, #1603 ) ;
#966 = DIRECTION ( 'NONE',  ( 0.0000000000000000000, 0.0000000000000000000, -1.000000000000000000 ) ) ;
#967 = FILL_AREA_STYLE_COLOUR ( '', #1547 ) ;
#968 = LINE ( 'NONE', #487, #1481 ) ;
#969 = FACE_OUTER_BOUND ( 'NONE', #1488, .T. ) ;
#970 = ORIENTED_EDGE ( 'NONE', *, *, #1691, .F. ) ;
#971 = DIRECTION ( 'NONE',  ( -0.0000000000000000000, 0.0000000000000000000, 1.000000000000000000 ) ) ;
#972 = VERTEX_POINT ( 'NONE', #745 ) ;
#973 = LINE ( 'NONE', #790, #754 ) ;
#974 = DIRECTION ( 'NONE',  ( 0.0000000000000000000, 0.0000000000000000000, 1.000000000000000000 ) ) ;
#975 = LINE ( 'NONE', #218, #1673 ) ;
#976 = EDGE_CURVE ( 'NONE', #1111, #1121, #1825, .T. ) ;
#977 =( GEOMETRIC_REPRESENTATION_CONTEXT ( 3 ) GLOBAL_UNCERTAINTY_ASSIGNED_CONTEXT ( ( #902 ) ) GLOBAL_UNIT_ASSIGNED_CONTEXT ( ( #1656, #1675, #748 ) ) REPRESENTATION_CONTEXT ( 'NONE', 'WORKASPACE' ) );
#978 = MECHANICAL_DESIGN_GEOMETRIC_PRESENTATION_REPRESENTATION (  '', ( #40 ), #1453 ) ;
#979 = VECTOR ( 'NONE', #181, 1000.000000000000000 ) ;
#980 = SURFACE_SIDE_STYLE ('',( #229 ) ) ;
#981 =( GEOMETRIC_REPRESENTATION_CONTEXT ( 3 ) GLOBAL_UNCERTAINTY_ASSIGNED_CONTEXT ( ( #1685 ) ) GLOBAL_UNIT_ASSIGNED_CONTEXT ( ( #1943, #1505, #1021 ) ) REPRESENTATION_CONTEXT ( 'NONE', 'WORKASPACE' ) );
#982 = EDGE_LOOP ( 'NONE', ( #1288, #1818, #1613, #1123 ) ) ;
#983 = MECHANICAL_DESIGN_GEOMETRIC_PRESENTATION_REPRESENTATION (  '', ( #337 ), #270 ) ;
#984 = CARTESIAN_POINT ( 'NONE',  ( 0.6500000000000001332, -0.5999999999999994227, 3.953165825626910213 ) ) ;
#985 = CARTESIAN_POINT ( 'NONE',  ( -0.4499999999600003409, 15.10000000000000142, -6.000000000000000888 ) ) ;
#986 = PRESENTATION_LAYER_ASSIGNMENT (  '', '', ( #444 ) ) ;
#987 = VECTOR ( 'NONE', #1065, 1000.000000000000000 ) ;
#988 = CARTESIAN_POINT ( 'NONE',  ( 4.700000000000000178, -5.000000000000000000, 7.900000000000000355 ) ) ;
#989 = CARTESIAN_POINT ( 'NONE',  ( 5.049999999999999822, 0.2000000000000000944, 0.0000000000000000000 ) ) ;
#990 = EDGE_CURVE ( 'NONE', #1237, #419, #1140, .T. ) ;
#991 = LINE ( 'NONE', #207, #1581 ) ;
#992 = EDGE_LOOP ( 'NONE', ( #61, #814 ) ) ;
#993 = LINE ( 'NONE', #1374, #43 ) ;
#994 = PLANE ( 'NONE',  #1352 ) ;
#995 = ADVANCED_FACE ( 'NONE', ( #727 ), #1934, .T. ) ;
#996 = EDGE_LOOP ( 'NONE', ( #367, #1914, #1592, #1367 ) ) ;
#997 = CARTESIAN_POINT ( 'NONE',  ( -0.6499999999600004630, 14.90000000000000036, -5.800000000000000711 ) ) ;
#998 = ADVANCED_FACE ( 'NONE', ( #866 ), #1802, .F. ) ;
#999 = SURFACE_STYLE_FILL_AREA ( #1450 ) ;
#1000 = LINE ( 'NONE', #1631, #246 ) ;
#1001 = VERTEX_POINT ( 'NONE', #1030 ) ;
#1002 = CARTESIAN_POINT ( 'NONE',  ( 5.650000000000000355, 0.2000000000000000111, 0.0000000000000000000 ) ) ;
#1003 = CARTESIAN_POINT ( 'NONE',  ( -0.6500000000000001332, 0.5999999999999999778, -5.799999999999999822 ) ) ;
#1004 = ORIENTED_EDGE ( 'NONE', *, *, #1844, .F. ) ;
#1005 = ORIENTED_EDGE ( 'NONE', *, *, #2004, .T. ) ;
#1006 = PRESENTATION_LAYER_ASSIGNMENT (  '', '', ( #1579 ) ) ;
#1007 = DIRECTION ( 'NONE',  ( 0.0000000000000000000, 1.000000000000000000, 0.0000000000000000000 ) ) ;
#1008 = STYLED_ITEM ( 'NONE', ( #747 ), #35 ) ;
#1009 = SURFACE_STYLE_FILL_AREA ( #1811 ) ;
#1010 = EDGE_CURVE ( 'NONE', #6, #1935, #268, .T. ) ;
#1011 = SURFACE_SIDE_STYLE ('',( #1646 ) ) ;
#1012 =( NAMED_UNIT ( * ) SI_UNIT ( $, .STERADIAN. ) SOLID_ANGLE_UNIT ( ) );
#1013 = ORIENTED_EDGE ( 'NONE', *, *, #466, .F. ) ;
#1014 = VECTOR ( 'NONE', #1931, 1000.000000000000000 ) ;
#1015 = DIRECTION ( 'NONE',  ( 0.7071067811865475727, 1.891604777041789590E-16, 0.7071067811865475727 ) ) ;
#1016 = PLANE ( 'NONE',  #1584 ) ;
#1017 = DIRECTION ( 'NONE',  ( 0.0000000000000000000, 0.0000000000000000000, 1.000000000000000000 ) ) ;
#1018 = VERTEX_POINT ( 'NONE', #124 ) ;
#1019 = CARTESIAN_POINT ( 'NONE',  ( 5.049999999999999822, -2.399999999999999911, 0.0000000000000000000 ) ) ;
#1020 = DIRECTION ( 'NONE',  ( -1.374525595238999975E-32, 1.000000000000000000, -2.220446049250000002E-16 ) ) ;
#1021 =( NAMED_UNIT ( * ) SI_UNIT ( $, .STERADIAN. ) SOLID_ANGLE_UNIT ( ) );
#1022 = ORIENTED_EDGE ( 'NONE', *, *, #1621, .F. ) ;
#1023 = ADVANCED_FACE ( 'NONE', ( #735 ), #1370, .T. ) ;
#1024 = SURFACE_STYLE_USAGE ( .BOTH. , #1496 ) ;
#1025 = CARTESIAN_POINT ( 'NONE',  ( 5.049999999999999822, 1.500000000000000000, 11.50000000000000000 ) ) ;
#1026 = VERTEX_POINT ( 'NONE', #939 ) ;
#1027 = DIRECTION ( 'NONE',  ( -0.0000000000000000000, 0.0000000000000000000, 1.000000000000000000 ) ) ;
#1028 = ORIENTED_EDGE ( 'NONE', *, *, #164, .T. ) ;
#1029 = DIRECTION ( 'NONE',  ( -1.000000000000000000, 0.0000000000000000000, -0.0000000000000000000 ) ) ;
#1030 = CARTESIAN_POINT ( 'NONE',  ( -0.6500000000000002442, -5.000000000000000888, 3.245163805245065092 ) ) ;
#1031 = ORIENTED_EDGE ( 'NONE', *, *, #237, .T. ) ;
#1032 = EDGE_CURVE ( 'NONE', #90, #1132, #953, .T. ) ;
#1033 = ORIENTED_EDGE ( 'NONE', *, *, #1522, .T. ) ;
#1034 = LINE ( 'NONE', #418, #849 ) ;
#1035 = ORIENTED_EDGE ( 'NONE', *, *, #707, .F. ) ;
#1036 = CARTESIAN_POINT ( 'NONE',  ( -0.4500000000000003997, 0.5999999999999999778, -6.000000000000000000 ) ) ;
#1037 = AXIS2_PLACEMENT_3D ( 'NONE', #1416, #1396, #1430 ) ;
#1038 = ORIENTED_EDGE ( 'NONE', *, *, #1744, .T. ) ;
#1039 = PRESENTATION_LAYER_ASSIGNMENT (  '', '', ( #1008 ) ) ;
#1040 = CARTESIAN_POINT ( 'NONE',  ( 0.6499999999600000189, 14.90000000000000036, -6.000000000000000000 ) ) ;
#1041 = PRESENTATION_LAYER_ASSIGNMENT (  '', '', ( #1950 ) ) ;
#1042 = VECTOR ( 'NONE', #2001, 1000.000000000000000 ) ;
#1043 = ORIENTED_EDGE ( 'NONE', *, *, #228, .F. ) ;
#1044 = CARTESIAN_POINT ( 'NONE',  ( -0.6500000000000001332, 0.6000000000000004219, -5.800000000000000711 ) ) ;
#1045 = ORIENTED_EDGE ( 'NONE', *, *, #125, .T. ) ;
#1046 = ADVANCED_FACE ( 'NONE', ( #1845 ), #1871, .T. ) ;
#1047 = PRESENTATION_STYLE_ASSIGNMENT (( #892 ) ) ;
#1048 = DIRECTION ( 'NONE',  ( -0.0000000000000000000, 2.220446049250000002E-16, 1.000000000000000000 ) ) ;
#1049 = ORIENTED_EDGE ( 'NONE', *, *, #1474, .F. ) ;
#1050 = DIRECTION ( 'NONE',  ( -0.0000000000000000000, -1.000000000000000000, -0.0000000000000000000 ) ) ;
#1051 = DIRECTION ( 'NONE',  ( 0.0000000000000000000, -1.000000000000000000, 2.220446049250000002E-16 ) ) ;
#1052 = VERTEX_POINT ( 'NONE', #614 ) ;
#1053 = EDGE_CURVE ( 'NONE', #627, #1081, #1225, .T. ) ;
#1054 = LINE ( 'NONE', #1, #271 ) ;
#1055 = CARTESIAN_POINT ( 'NONE',  ( 0.4499999999600004519, 15.10000000000000142, -6.000000000000000888 ) ) ;
#1056 = VERTEX_POINT ( 'NONE', #339 ) ;
#1057 = EDGE_CURVE ( 'NONE', #291, #171, #759, .T. ) ;
#1058 = ORIENTED_EDGE ( 'NONE', *, *, #1706, .T. ) ;
#1059 = CARTESIAN_POINT ( 'NONE',  ( 5.650000000000000355, 1.500000000000000000, 0.0000000000000000000 ) ) ;
#1060 =( NAMED_UNIT ( * ) SI_UNIT ( $, .STERADIAN. ) SOLID_ANGLE_UNIT ( ) );
#1061 = UNCERTAINTY_MEASURE_WITH_UNIT (LENGTH_MEASURE( 1.000000000000000082E-05 ), #668, 'distance_accuracy_value', 'NONE');
#1062 = ORIENTED_EDGE ( 'NONE', *, *, #486, .F. ) ;
#1063 = CARTESIAN_POINT ( 'NONE',  ( 0.0000000000000000000, 19.00000000000000000, 7.900000000000000355 ) ) ;
#1064 = CARTESIAN_POINT ( 'NONE',  ( -5.049999999999999822, 0.2000000000000000666, 0.0000000000000000000 ) ) ;
#1065 = DIRECTION ( 'NONE',  ( 0.0000000000000000000, -1.000000000000000000, -0.0000000000000000000 ) ) ;
#1066 = VERTEX_POINT ( 'NONE', #452 ) ;
#1067 = EDGE_CURVE ( 'NONE', #1778, #1993, #1054, .T. ) ;
#1068 = LINE ( 'NONE', #1059, #8 ) ;
#1069 = VECTOR ( 'NONE', #1670, 1000.000000000000000 ) ;
#1070 = AXIS2_PLACEMENT_3D ( 'NONE', #257, #843, #686 ) ;
#1071 = CARTESIAN_POINT ( 'NONE',  ( 0.6499999999600000189, 14.90000000000000036, 0.0000000000000000000 ) ) ;
#1072 = VECTOR ( 'NONE', #185, 1000.000000000000000 ) ;
#1073 = AXIS2_PLACEMENT_3D ( 'NONE', #1870, #1695, #2003 ) ;
#1074 = MECHANICAL_DESIGN_GEOMETRIC_PRESENTATION_REPRESENTATION (  '', ( #1704 ), #915 ) ;
#1075 = AXIS2_PLACEMENT_3D ( 'NONE', #15, #1239, #1264 ) ;
#1076 = STYLED_ITEM ( 'NONE', ( #85 ), #1764 ) ;
#1077 = ORIENTED_EDGE ( 'NONE', *, *, #1491, .T. ) ;
#1078 = CARTESIAN_POINT ( 'NONE',  ( 5.049999999999999822, 0.2000000000000000111, 11.50000000000000000 ) ) ;
#1079 = VECTOR ( 'NONE', #940, 1000.000000000000000 ) ;
#1080 = CARTESIAN_POINT ( 'NONE',  ( -5.049999999999999822, -2.399999999999999911, 0.0000000000000000000 ) ) ;
#1081 = VERTEX_POINT ( 'NONE', #477 ) ;
#1082 = DIRECTION ( 'NONE',  ( 0.0000000000000000000, -2.115516434118057709E-16, -1.000000000000000000 ) ) ;
#1083 = ORIENTED_EDGE ( 'NONE', *, *, #1152, .T. ) ;
#1084 = EDGE_CURVE ( 'NONE', #1052, #6, #296, .T. ) ;
#1085 = DIRECTION ( 'NONE',  ( 0.0000000000000000000, -1.000000000000000000, 1.784715406657999971E-16 ) ) ;
#1086 = UNCERTAINTY_MEASURE_WITH_UNIT (LENGTH_MEASURE( 1.000000000000000082E-05 ), #1274, 'distance_accuracy_value', 'NONE');
#1087 = ORIENTED_EDGE ( 'NONE', *, *, #153, .F. ) ;
#1088 = CARTESIAN_POINT ( 'NONE',  ( 0.6500000000000003553, -2.399999999999999911, 0.0000000000000000000 ) ) ;
#1089 = ADVANCED_BREP_SHAPE_REPRESENTATION ( 'DB0F7485-4686-4F0A-848F-A8C66739CDC7', ( #364, #855 ), #221 ) ;
#1090 = ORIENTED_EDGE ( 'NONE', *, *, #825, .F. ) ;
#1091 = ORIENTED_EDGE ( 'NONE', *, *, #1158, .F. ) ;
#1092 = DIRECTION ( 'NONE',  ( 0.0000000000000000000, 0.7071067811865475727, -0.7071067811865475727 ) ) ;
#1093 = FILL_AREA_STYLE_COLOUR ( '', #570 ) ;
#1094 = PLANE ( 'NONE',  #1925 ) ;
#1095 = ORIENTED_EDGE ( 'NONE', *, *, #1648, .F. ) ;
#1096 = DIRECTION ( 'NONE',  ( 0.0000000000000000000, -0.0000000000000000000, 1.000000000000000000 ) ) ;
#1097 = LINE ( 'NONE', #519, #913 ) ;
#1098 = EDGE_CURVE ( 'NONE', #264, #1971, #1995, .T. ) ;
#1099 = ORIENTED_EDGE ( 'NONE', *, *, #976, .T. ) ;
#1100 = PLANE ( 'NONE',  #574 ) ;
#1101 = DIRECTION ( 'NONE',  ( 1.000000000000000000, 0.0000000000000000000, -0.0000000000000000000 ) ) ;
#1102 = SURFACE_STYLE_FILL_AREA ( #1250 ) ;
#1103 = ORIENTED_EDGE ( 'NONE', *, *, #1607, .T. ) ;
#1104 = CARTESIAN_POINT ( 'NONE',  ( 0.6499999999600000189, 14.90000000000000213, 0.0000000000000000000 ) ) ;
#1105 = CARTESIAN_POINT ( 'NONE',  ( -4.250000000000000000, 16.39999999999999858, 0.0000000000000000000 ) ) ;
#1106 = FILL_AREA_STYLE ('',( #655 ) ) ;
#1107 = LINE ( 'NONE', #1535, #440 ) ;
#1108 =( GEOMETRIC_REPRESENTATION_CONTEXT ( 3 ) GLOBAL_UNCERTAINTY_ASSIGNED_CONTEXT ( ( #1086 ) ) GLOBAL_UNIT_ASSIGNED_CONTEXT ( ( #1274, #1721, #169 ) ) REPRESENTATION_CONTEXT ( 'NONE', 'WORKASPACE' ) );
#1109 =( GEOMETRIC_REPRESENTATION_CONTEXT ( 3 ) GLOBAL_UNCERTAINTY_ASSIGNED_CONTEXT ( ( #1410 ) ) GLOBAL_UNIT_ASSIGNED_CONTEXT ( ( #197, #652, #1133 ) ) REPRESENTATION_CONTEXT ( 'NONE', 'WORKASPACE' ) );
#1110 = VECTOR ( 'NONE', #764, 1000.000000000000114 ) ;
#1111 = VERTEX_POINT ( 'NONE', #1064 ) ;
#1112 = CIRCLE ( 'NONE', #692, 4.699999999999999289 ) ;
#1113 = DIRECTION ( 'NONE',  ( 0.0000000000000000000, 1.845450506358305818E-16, 1.000000000000000000 ) ) ;
#1114 = ADVANCED_FACE ( 'NONE', ( #919 ), #1855, .T. ) ;
#1115 = PRESENTATION_LAYER_ASSIGNMENT (  '', '', ( #1456 ) ) ;
#1116 = CARTESIAN_POINT ( 'NONE',  ( 4.049999999999999822, 19.00000000000000000, 13.00000000000000178 ) ) ;
#1117 = EDGE_LOOP ( 'NONE', ( #214, #309, #1967, #1004 ) ) ;
#1118 = VECTOR ( 'NONE', #837, 1000.000000000000000 ) ;
#1119 =( NAMED_UNIT ( * ) SI_UNIT ( $, .STERADIAN. ) SOLID_ANGLE_UNIT ( ) );
#1120 = SURFACE_STYLE_USAGE ( .BOTH. , #24 ) ;
#1121 = VERTEX_POINT ( 'NONE', #1080 ) ;
#1122 = DIRECTION ( 'NONE',  ( 0.0000000000000000000, 1.000000000000000000, -2.220446049250000002E-16 ) ) ;
#1123 = ORIENTED_EDGE ( 'NONE', *, *, #834, .F. ) ;
#1124 = DIRECTION ( 'NONE',  ( 1.000000000000000000, 0.0000000000000000000, 0.0000000000000000000 ) ) ;
#1125 = ADVANCED_FACE ( 'NONE', ( #1710 ), #318, .F. ) ;
#1126 = ORIENTED_EDGE ( 'NONE', *, *, #589, .T. ) ;
#1127 = ADVANCED_FACE ( 'NONE', ( #1271 ), #511, .T. ) ;
#1128 =( LENGTH_UNIT ( ) NAMED_UNIT ( * ) SI_UNIT ( .MILLI., .METRE. ) );
#1129 = LINE ( 'NONE', #559, #1286 ) ;
#1130 = FILL_AREA_STYLE ('',( #1163 ) ) ;
#1131 = FACE_OUTER_BOUND ( 'NONE', #1283, .T. ) ;
#1132 = VERTEX_POINT ( 'NONE', #1116 ) ;
#1133 =( NAMED_UNIT ( * ) SI_UNIT ( $, .STERADIAN. ) SOLID_ANGLE_UNIT ( ) );
#1134 = EDGE_LOOP ( 'NONE', ( #1363, #1090, #1013, #650, #1683 ) ) ;
#1135 = CARTESIAN_POINT ( 'NONE',  ( -5.049999999999999822, -2.399999999999999911, 0.0000000000000000000 ) ) ;
#1136 = VERTEX_POINT ( 'NONE', #351 ) ;
#1137 = EDGE_CURVE ( 'NONE', #1272, #1259, #1926, .T. ) ;
#1138 = CARTESIAN_POINT ( 'NONE',  ( 5.049999999999999822, 0.2000000000000000111, 0.0000000000000000000 ) ) ;
#1139 = PRESENTATION_LAYER_ASSIGNMENT (  '', '', ( #337 ) ) ;
#1140 = CIRCLE ( 'NONE', #243, 4.699999999999999289 ) ;
#1141 = MECHANICAL_DESIGN_GEOMETRIC_PRESENTATION_REPRESENTATION (  '', ( #1008 ), #626 ) ;
#1142 = DIRECTION ( 'NONE',  ( -0.0000000000000000000, -1.000000000000000000, -0.0000000000000000000 ) ) ;
#1143 = AXIS2_PLACEMENT_3D ( 'NONE', #1452, #640, #1688 ) ;
#1144 = VECTOR ( 'NONE', #26, 1000.000000000000000 ) ;
#1145 = ORIENTED_EDGE ( 'NONE', *, *, #1333, .F. ) ;
#1146 = CIRCLE ( 'NONE', #1510, 4.000000000000000000 ) ;
#1147 = PLANE ( 'NONE',  #210 ) ;
#1148 = CARTESIAN_POINT ( 'NONE',  ( -5.049999999999999822, -2.399999999999999911, 12.00000000000000000 ) ) ;
#1149 = DIRECTION ( 'NONE',  ( 0.0000000000000000000, 1.000000000000000000, 0.0000000000000000000 ) ) ;
#1150 = DIRECTION ( 'NONE',  ( -0.0000000000000000000, -0.0000000000000000000, -1.000000000000000000 ) ) ;
#1151 = EDGE_CURVE ( 'NONE', #1775, #1018, #509, .T. ) ;
#1152 = EDGE_CURVE ( 'NONE', #584, #1935, #674, .T. ) ;
#1153 = DIRECTION ( 'NONE',  ( 0.0000000000000000000, 0.0000000000000000000, 1.000000000000000000 ) ) ;
#1154 = LINE ( 'NONE', #1161, #176 ) ;
#1155 = LINE ( 'NONE', #1774, #219 ) ;
#1156 = FACE_OUTER_BOUND ( 'NONE', #1134, .T. ) ;
#1157 = FACE_OUTER_BOUND ( 'NONE', #121, .T. ) ;
#1158 = EDGE_CURVE ( 'NONE', #1295, #1263, #141, .T. ) ;
#1159 = CARTESIAN_POINT ( 'NONE',  ( 0.6500000000000001332, 0.5999999999999999778, -5.799999999999998934 ) ) ;
#1160 = EDGE_LOOP ( 'NONE', ( #1678, #1872, #1035, #333 ) ) ;
#1161 = CARTESIAN_POINT ( 'NONE',  ( -0.6500000000000001332, -5.000000000000000000, 3.953165825627000807 ) ) ;
#1162 = LINE ( 'NONE', #213, #916 ) ;
#1163 = FILL_AREA_STYLE_COLOUR ( '', #1824 ) ;
#1164 = SURFACE_STYLE_USAGE ( .BOTH. , #1755 ) ;
#1165 = ORIENTED_EDGE ( 'NONE', *, *, #1781, .T. ) ;
#1166 = EDGE_CURVE ( 'NONE', #1860, #382, #661, .T. ) ;
#1167 = DIRECTION ( 'NONE',  ( 0.0000000000000000000, 1.000000000000000000, 0.0000000000000000000 ) ) ;
#1168 = VECTOR ( 'NONE', #1473, 1000.000000000000114 ) ;
#1169 = CARTESIAN_POINT ( 'NONE',  ( -6.047912619051601969E-32, -0.5999999999999989786, 7.899999999999999467 ) ) ;
#1170 = EDGE_CURVE ( 'NONE', #1081, #423, #381, .T. ) ;
#1171 = COLOUR_RGB ( '',0.8000000000000000444, 0.8000000000000000444, 0.8000000000000000444 ) ;
#1172 = AXIS2_PLACEMENT_3D ( 'NONE', #7, #1392, #500 ) ;
#1173 =( LENGTH_UNIT ( ) NAMED_UNIT ( * ) SI_UNIT ( .MILLI., .METRE. ) );
#1174 = COLOUR_RGB ( '',0.8000000000000000444, 0.8000000000000000444, 0.8000000000000000444 ) ;
#1175 = SURFACE_STYLE_USAGE ( .BOTH. , #1841 ) ;
#1176 = DIRECTION ( 'NONE',  ( 0.5773502691896263972, -0.5773502691896258421, -0.5773502691896250649 ) ) ;
#1177 = ORIENTED_EDGE ( 'NONE', *, *, #649, .F. ) ;
#1178 = CARTESIAN_POINT ( 'NONE',  ( -0.6500000000000001332, 0.6000000000000011990, 0.0000000000000000000 ) ) ;
#1179 = CARTESIAN_POINT ( 'NONE',  ( 0.6499999999600000189, 14.90000000000000036, -6.000000000000000000 ) ) ;
#1180 = CARTESIAN_POINT ( 'NONE',  ( -0.6500000000000001332, -0.5999999999999999778, -5.799999999999999822 ) ) ;
#1181 = ORIENTED_EDGE ( 'NONE', *, *, #1285, .F. ) ;
#1182 = EDGE_CURVE ( 'NONE', #1132, #195, #537, .T. ) ;
#1183 = FACE_OUTER_BOUND ( 'NONE', #577, .T. ) ;
#1184 = DIRECTION ( 'NONE',  ( 1.000000000000000000, 0.0000000000000000000, -0.0000000000000000000 ) ) ;
#1185 = ORIENTED_EDGE ( 'NONE', *, *, #325, .T. ) ;
#1186 =( NAMED_UNIT ( * ) SI_UNIT ( $, .STERADIAN. ) SOLID_ANGLE_UNIT ( ) );
#1187 = ORIENTED_EDGE ( 'NONE', *, *, #1832, .T. ) ;
#1188 = CARTESIAN_POINT ( 'NONE',  ( -0.6500000000000003553, -2.399999999999999911, 0.0000000000000000000 ) ) ;
#1189 = PRESENTATION_STYLE_ASSIGNMENT (( #1504 ) ) ;
#1190 = PRESENTATION_STYLE_ASSIGNMENT (( #411 ) ) ;
#1191 = ORIENTED_EDGE ( 'NONE', *, *, #1402, .T. ) ;
#1192 = ORIENTED_EDGE ( 'NONE', *, *, #589, .F. ) ;
#1193 = DIRECTION ( 'NONE',  ( 1.000000000000000000, 0.0000000000000000000, 0.0000000000000000000 ) ) ;
#1194 = CARTESIAN_POINT ( 'NONE',  ( 0.6499999999600000189, 14.90000000000000036, -5.799999999999999822 ) ) ;
#1195 = EDGE_CURVE ( 'NONE', #584, #1344, #991, .T. ) ;
#1196 = ORIENTED_EDGE ( 'NONE', *, *, #274, .F. ) ;
#1197 = ADVANCED_FACE ( 'NONE', ( #817 ), #1459, .F. ) ;
#1198 = CARTESIAN_POINT ( 'NONE',  ( 0.0000000000000000000, -2.399999999999999911, 7.900000000000000355 ) ) ;
#1199 = ORIENTED_EDGE ( 'NONE', *, *, #1832, .F. ) ;
#1200 = DIRECTION ( 'NONE',  ( 1.000000000000000000, 0.0000000000000000000, -0.0000000000000000000 ) ) ;
#1201 = VECTOR ( 'NONE', #1762, 1000.000000000000000 ) ;
#1202 = FILL_AREA_STYLE ('',( #126 ) ) ;
#1203 = VERTEX_POINT ( 'NONE', #366 ) ;
#1204 = EDGE_LOOP ( 'NONE', ( #1758, #1910, #1907, #1391 ) ) ;
#1205 = PRESENTATION_LAYER_ASSIGNMENT (  '', '', ( #569 ) ) ;
#1206 = VECTOR ( 'NONE', #1360, 1000.000000000000000 ) ;
#1207 = SURFACE_STYLE_FILL_AREA ( #596 ) ;
#1208 = DIRECTION ( 'NONE',  ( 0.5773502691896256200, -0.5773502691896269523, 0.5773502691896246208 ) ) ;
#1209 = CARTESIAN_POINT ( 'NONE',  ( -0.6500000000000001332, 0.5999999999999999778, 0.0000000000000000000 ) ) ;
#1210 = VECTOR ( 'NONE', #294, 1000.000000000000000 ) ;
#1211 = EDGE_CURVE ( 'NONE', #1121, #1056, #427, .T. ) ;
#1212 = ADVANCED_FACE ( 'NONE', ( #247 ), #863, .T. ) ;
#1213 = CARTESIAN_POINT ( 'NONE',  ( -0.6499999999733334644, 14.90000000000000213, 0.0000000000000000000 ) ) ;
#1214 = ORIENTED_EDGE ( 'NONE', *, *, #1532, .T. ) ;
#1215 = CARTESIAN_POINT ( 'NONE',  ( -5.049999999999999822, 15.10000000000000142, 0.0000000000000000000 ) ) ;
#1216 = DIRECTION ( 'NONE',  ( 0.0000000000000000000, 0.0000000000000000000, -1.000000000000000000 ) ) ;
#1217 = ORIENTED_EDGE ( 'NONE', *, *, #990, .T. ) ;
#1218 = ORIENTED_EDGE ( 'NONE', *, *, #325, .F. ) ;
#1219 = DIRECTION ( 'NONE',  ( 0.0000000000000000000, 2.230894258320999957E-16, 1.000000000000000000 ) ) ;
#1220 = LINE ( 'NONE', #616, #1983 ) ;
#1221 = DIRECTION ( 'NONE',  ( 0.0000000000000000000, -0.0000000000000000000, 1.000000000000000000 ) ) ;
#1222 = PRODUCT_DEFINITION_SHAPE ( 'NONE', 'NONE',  #520 ) ;
#1223 = ORIENTED_EDGE ( 'NONE', *, *, #414, .T. ) ;
#1224 = EDGE_CURVE ( 'NONE', #1938, #1203, #1034, .T. ) ;
#1225 = LINE ( 'NONE', #146, #719 ) ;
#1226 = SURFACE_SIDE_STYLE ('',( #136 ) ) ;
#1227 = CARTESIAN_POINT ( 'NONE',  ( 5.049999999999999822, 0.2000000000000000666, 0.0000000000000000000 ) ) ;
#1228 = SURFACE_STYLE_USAGE ( .BOTH. , #201 ) ;
#1229 = DIRECTION ( 'NONE',  ( 0.0000000000000000000, -1.784715406657999971E-16, -1.000000000000000000 ) ) ;
#1230 = UNCERTAINTY_MEASURE_WITH_UNIT (LENGTH_MEASURE( 1.000000000000000082E-05 ), #670, 'distance_accuracy_value', 'NONE');
#1231 = ORIENTED_EDGE ( 'NONE', *, *, #531, .F. ) ;
#1232 = CARTESIAN_POINT ( 'NONE',  ( 0.0000000000000000000, -4.999999999999999112, 7.900000000000000355 ) ) ;
#1233 = DIRECTION ( 'NONE',  ( 0.0000000000000000000, -0.0000000000000000000, 1.000000000000000000 ) ) ;
#1234 = EDGE_CURVE ( 'NONE', #1359, #1938, #1651, .T. ) ;
#1235 = DIRECTION ( 'NONE',  ( 1.000000000000000000, 0.0000000000000000000, 0.0000000000000000000 ) ) ;
#1236 = ORIENTED_EDGE ( 'NONE', *, *, #694, .T. ) ;
#1237 = VERTEX_POINT ( 'NONE', #576 ) ;
#1238 = VECTOR ( 'NONE', #923, 1000.000000000000000 ) ;
#1239 = DIRECTION ( 'NONE',  ( 0.0000000000000000000, 1.000000000000000000, 0.0000000000000000000 ) ) ;
#1240 =( LENGTH_UNIT ( ) NAMED_UNIT ( * ) SI_UNIT ( .MILLI., .METRE. ) );
#1241 = ORIENTED_EDGE ( 'NONE', *, *, #1489, .T. ) ;
#1242 = PRESENTATION_LAYER_ASSIGNMENT (  '', '', ( #40 ) ) ;
#1243 = FACE_BOUND ( 'NONE', #86, .T. ) ;
#1244 = VECTOR ( 'NONE', #1096, 1000.000000000000000 ) ;
#1245 = VECTOR ( 'NONE', #824, 1000.000000000000000 ) ;
#1246 = PRESENTATION_LAYER_ASSIGNMENT (  '', '', ( #150 ) ) ;
#1247 = ORIENTED_EDGE ( 'NONE', *, *, #675, .F. ) ;
#1248 = CARTESIAN_POINT ( 'NONE',  ( 0.0000000000000000000, 16.10000000000000142, 7.900000000000000355 ) ) ;
#1249 = COLOUR_RGB ( '',1.000000000000000000, 1.000000000000000000, 0.0000000000000000000 ) ;
#1250 = FILL_AREA_STYLE ('',( #906 ) ) ;
#1251 = EDGE_LOOP ( 'NONE', ( #1495, #1880, #804, #432 ) ) ;
#1252 = DIRECTION ( 'NONE',  ( 0.0000000000000000000, 1.000000000000000000, -2.230894258320999957E-16 ) ) ;
#1253 = CARTESIAN_POINT ( 'NONE',  ( 0.6499999999600000189, 16.00000000000000000, -5.900000000000000355 ) ) ;
#1254 = DIRECTION ( 'NONE',  ( 0.0000000000000000000, -1.000000000000000000, 1.784715406657999971E-16 ) ) ;
#1255 = EDGE_LOOP ( 'NONE', ( #710, #260, #208, #1784 ) ) ;
#1256 = EDGE_CURVE ( 'NONE', #1378, #443, #713, .T. ) ;
#1257 = CARTESIAN_POINT ( 'NONE',  ( 0.0000000000000000000, -4.999999999999998224, 12.59999999999999964 ) ) ;
#1258 = DIRECTION ( 'NONE',  ( 0.0000000000000000000, -1.000000000000000000, -0.0000000000000000000 ) ) ;
#1259 = VERTEX_POINT ( 'NONE', #840 ) ;
#1260 = DIRECTION ( 'NONE',  ( -1.000000000000000000, 0.0000000000000000000, 0.0000000000000000000 ) ) ;
#1261 = CARTESIAN_POINT ( 'NONE',  ( -5.049999999999999822, 19.00000000000000000, 13.00000000000000178 ) ) ;
#1262 = LINE ( 'NONE', #1439, #1079 ) ;
#1263 = VERTEX_POINT ( 'NONE', #1335 ) ;
#1264 = DIRECTION ( 'NONE',  ( 0.0000000000000000000, 0.0000000000000000000, 1.000000000000000000 ) ) ;
#1265 = PRESENTATION_STYLE_ASSIGNMENT (( #809 ) ) ;
#1266 = CARTESIAN_POINT ( 'NONE',  ( 0.0000000000000000000, -2.399999999999999911, 7.900000000000000355 ) ) ;
#1267 = CARTESIAN_POINT ( 'NONE',  ( -5.049999999999999822, -2.399999999999999911, 0.0000000000000000000 ) ) ;
#1268 = EDGE_CURVE ( 'NONE', #1860, #734, #585, .T. ) ;
#1269 = ORIENTED_EDGE ( 'NONE', *, *, #955, .T. ) ;
#1270 = CARTESIAN_POINT ( 'NONE',  ( -0.6500000000000001332, -5.000000000000000000, -6.000000000000000000 ) ) ;
#1271 = FACE_OUTER_BOUND ( 'NONE', #1672, .T. ) ;
#1272 = VERTEX_POINT ( 'NONE', #442 ) ;
#1273 = DIRECTION ( 'NONE',  ( 0.0000000000000000000, -1.000000000000000000, 2.220446049250000002E-16 ) ) ;
#1274 =( LENGTH_UNIT ( ) NAMED_UNIT ( * ) SI_UNIT ( .MILLI., .METRE. ) );
#1275 = DIRECTION ( 'NONE',  ( -0.0000000000000000000, 0.0000000000000000000, -1.000000000000000000 ) ) ;
#1276 = ORIENTED_EDGE ( 'NONE', *, *, #990, .F. ) ;
#1277 = DIRECTION ( 'NONE',  ( -1.337566565171116687E-16, 1.000000000000000000, -1.337566565171116687E-16 ) ) ;
#1278 = DIRECTION ( 'NONE',  ( 1.000000000000000000, 0.0000000000000000000, -0.0000000000000000000 ) ) ;
#1279 = AXIS2_PLACEMENT_3D ( 'NONE', #1179, #1200, #259 ) ;
#1280 = VECTOR ( 'NONE', #874, 1000.000000000000000 ) ;
#1281 = EDGE_CURVE ( 'NONE', #1111, #1476, #1787, .T. ) ;
#1282 = AXIS2_PLACEMENT_3D ( 'NONE', #191, #354, #966 ) ;
#1283 = EDGE_LOOP ( 'NONE', ( #586, #431, #1786, #123 ) ) ;
#1284 = AXIS2_PLACEMENT_3D ( 'NONE', #1232, #508, #1113 ) ;
#1285 = EDGE_CURVE ( 'NONE', #887, #1935, #1666, .T. ) ;
#1286 = VECTOR ( 'NONE', #1320, 1000.000000000000000 ) ;
#1287 = CARTESIAN_POINT ( 'NONE',  ( 5.049999999999999822, 16.39999999999999858, 0.0000000000000000000 ) ) ;
#1288 = ORIENTED_EDGE ( 'NONE', *, *, #1706, .F. ) ;
#1289 = VECTOR ( 'NONE', #494, 1000.000000000000000 ) ;
#1290 = CARTESIAN_POINT ( 'NONE',  ( -4.250000000000000000, 1.500000000000000000, 12.97979589711300008 ) ) ;
#1291 = CARTESIAN_POINT ( 'NONE',  ( -5.049999999999999822, 19.00000000000000000, 0.0000000000000000000 ) ) ;
#1292 = LINE ( 'NONE', #743, #885 ) ;
#1293 = VERTEX_POINT ( 'NONE', #1799 ) ;
#1294 = CARTESIAN_POINT ( 'NONE',  ( -5.049999999999999822, -2.399999999999999911, 0.0000000000000000000 ) ) ;
#1295 = VERTEX_POINT ( 'NONE', #592 ) ;
#1296 = ADVANCED_FACE ( 'NONE', ( #122 ), #275, .T. ) ;
#1297 = CARTESIAN_POINT ( 'NONE',  ( -0.6500000000000001332, 0.5999999999999999778, -6.000000000000000000 ) ) ;
#1298 = FILL_AREA_STYLE ('',( #1093 ) ) ;
#1299 = CARTESIAN_POINT ( 'NONE',  ( 0.6500000000000001332, 16.10000000000000142, -6.000000000000000000 ) ) ;
#1300 = ORIENTED_EDGE ( 'NONE', *, *, #955, .F. ) ;
#1301 =( NAMED_UNIT ( * ) PLANE_ANGLE_UNIT ( ) SI_UNIT ( $, .RADIAN. ) );
#1302 = CARTESIAN_POINT ( 'NONE',  ( 5.649999999999999467, 16.39999999999999858, 0.0000000000000000000 ) ) ;
#1303 = CARTESIAN_POINT ( 'NONE',  ( 5.049999999999999822, 15.10000000000000142, 0.0000000000000000000 ) ) ;
#1304 = CARTESIAN_POINT ( 'NONE',  ( -1.204597442425547305E-47, -4.999999999999999112, 7.900000000000000355 ) ) ;
#1305 = ORIENTED_EDGE ( 'NONE', *, *, #36, .F. ) ;
#1306 = EDGE_CURVE ( 'NONE', #1601, #1237, #1112, .T. ) ;
#1307 = DIRECTION ( 'NONE',  ( 0.0000000000000000000, -0.7071067811865475727, 0.7071067811865475727 ) ) ;
#1308 = LINE ( 'NONE', #1602, #1458 ) ;
#1309 = SURFACE_STYLE_USAGE ( .BOTH. , #1331 ) ;
#1310 =( NAMED_UNIT ( * ) PLANE_ANGLE_UNIT ( ) SI_UNIT ( $, .RADIAN. ) );
#1311 = AXIS2_PLACEMENT_3D ( 'NONE', #909, #1999, #615 ) ;
#1312 = AXIS2_PLACEMENT_3D ( 'NONE', #689, #827, #63 ) ;
#1313 = FILL_AREA_STYLE ('',( #930 ) ) ;
#1314 = AXIS2_PLACEMENT_3D ( 'NONE', #1906, #47, #1435 ) ;
#1315 = VECTOR ( 'NONE', #1883, 1000.000000000000000 ) ;
#1316 = EDGE_LOOP ( 'NONE', ( #591, #1531, #1165, #326 ) ) ;
#1317 = FACE_OUTER_BOUND ( 'NONE', #458, .T. ) ;
#1318 = VECTOR ( 'NONE', #1770, 1000.000000000000000 ) ;
#1319 =( NAMED_UNIT ( * ) SI_UNIT ( $, .STERADIAN. ) SOLID_ANGLE_UNIT ( ) );
#1320 = DIRECTION ( 'NONE',  ( 0.0000000000000000000, -1.000000000000000000, -0.0000000000000000000 ) ) ;
#1321 = MECHANICAL_DESIGN_GEOMETRIC_PRESENTATION_REPRESENTATION (  '', ( #1427 ), #1957 ) ;
#1322 = ORIENTED_EDGE ( 'NONE', *, *, #1098, .F. ) ;
#1323 = PLANE ( 'NONE',  #685 ) ;
#1324 = CARTESIAN_POINT ( 'NONE',  ( -0.6500000000000001332, -0.5999999999999998668, -6.000000000000000000 ) ) ;
#1325 = ADVANCED_FACE ( 'NONE', ( #1779 ), #1368, .T. ) ;
#1326 =( LENGTH_UNIT ( ) NAMED_UNIT ( * ) SI_UNIT ( .MILLI., .METRE. ) );
#1327 = ORIENTED_EDGE ( 'NONE', *, *, #1468, .T. ) ;
#1328 =( NAMED_UNIT ( * ) SI_UNIT ( $, .STERADIAN. ) SOLID_ANGLE_UNIT ( ) );
#1329 = CARTESIAN_POINT ( 'NONE',  ( -4.250000000000000000, 16.39999999999999858, 0.0000000000000000000 ) ) ;
#1330 = ORIENTED_EDGE ( 'NONE', *, *, #1474, .T. ) ;
#1331 = SURFACE_SIDE_STYLE ('',( #216 ) ) ;
#1332 = CARTESIAN_POINT ( 'NONE',  ( -5.049999999999999822, 1.500000000000000000, 0.0000000000000000000 ) ) ;
#1333 = EDGE_CURVE ( 'NONE', #1001, #419, #1097, .T. ) ;
#1334 = ADVANCED_FACE ( 'NONE', ( #449 ), #1583, .T. ) ;
#1335 = CARTESIAN_POINT ( 'NONE',  ( 0.6500000000000002442, -5.000000000000000888, 3.953165825626911989 ) ) ;
#1336 = VERTEX_POINT ( 'NONE', #961 ) ;
#1337 = DIRECTION ( 'NONE',  ( 0.0000000000000000000, -1.000000000000000000, -0.0000000000000000000 ) ) ;
#1338 = UNCERTAINTY_MEASURE_WITH_UNIT (LENGTH_MEASURE( 1.000000000000000082E-05 ), #1958, 'distance_accuracy_value', 'NONE');
#1339 = SURFACE_STYLE_USAGE ( .BOTH. , #709 ) ;
#1340 = ORIENTED_EDGE ( 'NONE', *, *, #1753, .T. ) ;
#1341 = DIRECTION ( 'NONE',  ( 0.0000000000000000000, 1.000000000000000000, -0.0000000000000000000 ) ) ;
#1342 = DIRECTION ( 'NONE',  ( -0.0000000000000000000, -1.000000000000000000, 0.0000000000000000000 ) ) ;
#1343 = VECTOR ( 'NONE', #389, 1000.000000000000000 ) ;
#1344 = VERTEX_POINT ( 'NONE', #903 ) ;
#1345 = MECHANICAL_DESIGN_GEOMETRIC_PRESENTATION_REPRESENTATION (  '', ( #244 ), #720 ) ;
#1346 = DIRECTION ( 'NONE',  ( 0.0000000000000000000, 1.000000000000000000, 0.0000000000000000000 ) ) ;
#1347 = EDGE_CURVE ( 'NONE', #1620, #374, #1748, .T. ) ;
#1348 = MECHANICAL_DESIGN_GEOMETRIC_PRESENTATION_REPRESENTATION (  '', ( #952 ), #981 ) ;
#1349 = FILL_AREA_STYLE ('',( #1773 ) ) ;
#1350 = PLANE ( 'NONE',  #1487 ) ;
#1351 = ORIENTED_EDGE ( 'NONE', *, *, #461, .F. ) ;
#1352 = AXIS2_PLACEMENT_3D ( 'NONE', #1465, #59, #1619 ) ;
#1353 = AXIS2_PLACEMENT_3D ( 'NONE', #1649, #1364, #1988 ) ;
#1354 = VECTOR ( 'NONE', #702, 1000.000000000000000 ) ;
#1355 = LINE ( 'NONE', #765, #346 ) ;
#1356 = MECHANICAL_DESIGN_GEOMETRIC_PRESENTATION_REPRESENTATION (  '', ( #1551 ), #1614 ) ;
#1357 = EDGE_LOOP ( 'NONE', ( #937, #1031, #560, #1849 ) ) ;
#1358 = DIRECTION ( 'NONE',  ( -0.0000000000000000000, -0.0000000000000000000, 1.000000000000000000 ) ) ;
#1359 = VERTEX_POINT ( 'NONE', #1980 ) ;
#1360 = DIRECTION ( 'NONE',  ( -0.0000000000000000000, 0.0000000000000000000, -1.000000000000000000 ) ) ;
#1361 = EDGE_CURVE ( 'NONE', #1293, #1111, #1107, .T. ) ;
#1362 = DIRECTION ( 'NONE',  ( -1.000000000000000000, 0.0000000000000000000, -0.0000000000000000000 ) ) ;
#1363 = ORIENTED_EDGE ( 'NONE', *, *, #1158, .T. ) ;
#1364 = DIRECTION ( 'NONE',  ( -0.0000000000000000000, 0.7071067811865475727, 0.7071067811865475727 ) ) ;
#1365 = EDGE_CURVE ( 'NONE', #1272, #962, #204, .T. ) ;
#1366 = DIRECTION ( 'NONE',  ( 0.0000000000000000000, 1.000000000000000000, -2.220446049250000002E-16 ) ) ;
#1367 = ORIENTED_EDGE ( 'NONE', *, *, #1681, .T. ) ;
#1368 = PLANE ( 'NONE',  #784 ) ;
#1369 = ORIENTED_EDGE ( 'NONE', *, *, #379, .T. ) ;
#1370 = PLANE ( 'NONE',  #471 ) ;
#1371 = DIRECTION ( 'NONE',  ( 1.000000000000000000, 0.0000000000000000000, 0.0000000000000000000 ) ) ;
#1372 = ORIENTED_EDGE ( 'NONE', *, *, #862, .T. ) ;
#1373 = FILL_AREA_STYLE_COLOUR ( '', #722 ) ;
#1374 = CARTESIAN_POINT ( 'NONE',  ( 5.049999999999999822, -2.399999999999999911, 0.0000000000000000000 ) ) ;
#1375 = CARTESIAN_POINT ( 'NONE',  ( 5.049999999999999822, 0.2000000000000000666, 11.50000000000000178 ) ) ;
#1376 = ADVANCED_FACE ( 'NONE', ( #969 ), #1725, .T. ) ;
#1377 = ORIENTED_EDGE ( 'NONE', *, *, #1901, .F. ) ;
#1378 = VERTEX_POINT ( 'NONE', #142 ) ;
#1379 = AXIS2_PLACEMENT_3D ( 'NONE', #60, #1766, #971 ) ;
#1380 = ORIENTED_EDGE ( 'NONE', *, *, #927, .T. ) ;
#1381 = VECTOR ( 'NONE', #1836, 1000.000000000000000 ) ;
#1382 = AXIS2_PLACEMENT_3D ( 'NONE', #372, #1254, #1745 ) ;
#1383 = DIRECTION ( 'NONE',  ( -0.0000000000000000000, -1.000000000000000000, -0.0000000000000000000 ) ) ;
#1384 = FILL_AREA_STYLE ('',( #1519 ) ) ;
#1385 = AXIS2_PLACEMENT_3D ( 'NONE', #1294, #1909, #1757 ) ;
#1386 = PRESENTATION_LAYER_ASSIGNMENT (  '', '', ( #79 ) ) ;
#1387 = EDGE_CURVE ( 'NONE', #857, #1272, #335, .T. ) ;
#1388 = AXIS2_PLACEMENT_3D ( 'NONE', #355, #778, #637 ) ;
#1389 = UNCERTAINTY_MEASURE_WITH_UNIT (LENGTH_MEASURE( 1.000000000000000082E-05 ), #72, 'distance_accuracy_value', 'NONE');
#1390 = VECTOR ( 'NONE', #134, 1000.000000000000000 ) ;
#1391 = ORIENTED_EDGE ( 'NONE', *, *, #1835, .T. ) ;
#1392 = DIRECTION ( 'NONE',  ( 1.000000000000000000, 0.0000000000000000000, -0.0000000000000000000 ) ) ;
#1393 = DIRECTION ( 'NONE',  ( -0.0000000000000000000, 0.0000000000000000000, -1.000000000000000000 ) ) ;
#1394 =( NAMED_UNIT ( * ) PLANE_ANGLE_UNIT ( ) SI_UNIT ( $, .RADIAN. ) );
#1395 = FILL_AREA_STYLE_COLOUR ( '', #881 ) ;
#1396 = DIRECTION ( 'NONE',  ( 0.0000000000000000000, -1.000000000000000000, 0.0000000000000000000 ) ) ;
#1397 = DIRECTION ( 'NONE',  ( 1.000000000000000000, 0.0000000000000000000, -0.0000000000000000000 ) ) ;
#1398 = LINE ( 'NONE', #496, #1042 ) ;
#1399 = EDGE_CURVE ( 'NONE', #239, #1778, #497, .T. ) ;
#1400 = ORIENTED_EDGE ( 'NONE', *, *, #71, .F. ) ;
#1401 = CARTESIAN_POINT ( 'NONE',  ( 0.6500000000000001332, 19.00000000000000000, -6.000000000000000000 ) ) ;
#1402 = EDGE_CURVE ( 'NONE', #1569, #1378, #811, .T. ) ;
#1403 = DIRECTION ( 'NONE',  ( 0.0000000000000000000, 1.000000000000000000, 0.0000000000000000000 ) ) ;
#1404 = CARTESIAN_POINT ( 'NONE',  ( 5.649999999999999467, 1.500000000000000222, 0.0000000000000000000 ) ) ;
#1405 = ORIENTED_EDGE ( 'NONE', *, *, #193, .T. ) ;
#1406 = PLANE ( 'NONE',  #914 ) ;
#1407 = FILL_AREA_STYLE ('',( #772 ) ) ;
#1408 = SURFACE_STYLE_FILL_AREA ( #161 ) ;
#1409 = DIRECTION ( 'NONE',  ( 0.0000000000000000000, 1.845450506358305818E-16, 1.000000000000000000 ) ) ;
#1410 = UNCERTAINTY_MEASURE_WITH_UNIT (LENGTH_MEASURE( 1.000000000000000082E-05 ), #197, 'distance_accuracy_value', 'NONE');
#1411 = ORIENTED_EDGE ( 'NONE', *, *, #314, .F. ) ;
#1412 = DIRECTION ( 'NONE',  ( 0.0000000000000000000, 1.000000000000000000, -2.220446049250000002E-16 ) ) ;
#1413 = DIRECTION ( 'NONE',  ( -1.000000000000000000, 0.0000000000000000000, -0.0000000000000000000 ) ) ;
#1414 = EDGE_CURVE ( 'NONE', #1800, #1293, #1877, .T. ) ;
#1415 = CARTESIAN_POINT ( 'NONE',  ( -0.6500000000000001332, -0.5999999999999999778, -6.000000000000000000 ) ) ;
#1416 = CARTESIAN_POINT ( 'NONE',  ( 5.049999999999999822, 15.10000000000000142, 0.0000000000000000000 ) ) ;
#1417 = DIRECTION ( 'NONE',  ( -1.000000000000000000, 0.0000000000000000000, -0.0000000000000000000 ) ) ;
#1418 = ORIENTED_EDGE ( 'NONE', *, *, #1256, .T. ) ;
#1419 = AXIS2_PLACEMENT_3D ( 'NONE', #877, #398, #421 ) ;
#1420 = VECTOR ( 'NONE', #1653, 1000.000000000000000 ) ;
#1421 = AXIS2_PLACEMENT_3D ( 'NONE', #1267, #671, #803 ) ;
#1422 = AXIS2_PLACEMENT_3D ( 'NONE', #1401, #1260, #628 ) ;
#1423 = CARTESIAN_POINT ( 'NONE',  ( -0.6499999999800001316, 16.10000000000000142, -6.000000000000000000 ) ) ;
#1424 = AXIS2_PLACEMENT_3D ( 'NONE', #1040, #1543, #151 ) ;
#1425 = AXIS2_PLACEMENT_3D ( 'NONE', #199, #1307, #542 ) ;
#1426 = APPLICATION_CONTEXT ( 'automotive_design' ) ;
#1427 = STYLED_ITEM ( 'NONE', ( #810 ), #1726 ) ;
#1428 = ORIENTED_EDGE ( 'NONE', *, *, #1211, .T. ) ;
#1429 = DIRECTION ( 'NONE',  ( 0.0000000000000000000, 1.000000000000000000, 0.0000000000000000000 ) ) ;
#1430 = DIRECTION ( 'NONE',  ( 0.0000000000000000000, -0.0000000000000000000, -1.000000000000000000 ) ) ;
#1431 = DIRECTION ( 'NONE',  ( 0.0000000000000000000, -2.168404344971008868E-16, -1.000000000000000000 ) ) ;
#1432 = LINE ( 'NONE', #1566, #81 ) ;
#1433 = ORIENTED_EDGE ( 'NONE', *, *, #1010, .F. ) ;
#1434 = CARTESIAN_POINT ( 'NONE',  ( 5.049999999999999822, -2.399999999999999911, 12.00000000000000000 ) ) ;
#1435 = DIRECTION ( 'NONE',  ( 0.0000000000000000000, 0.0000000000000000000, 1.000000000000000000 ) ) ;
#1436 = VERTEX_POINT ( 'NONE', #946 ) ;
#1437 = DIRECTION ( 'NONE',  ( -0.5773502691896215122, 0.5773502691896279515, 0.5773502691896279515 ) ) ;
#1438 = DIRECTION ( 'NONE',  ( 0.7071067811865475727, 1.891604777041789590E-16, 0.7071067811865475727 ) ) ;
#1439 = CARTESIAN_POINT ( 'NONE',  ( 0.6500000000000003553, -2.399999999999999911, 0.0000000000000000000 ) ) ;
#1440 = ORIENTED_EDGE ( 'NONE', *, *, #425, .F. ) ;
#1441 = LINE ( 'NONE', #331, #368 ) ;
#1442 = FACE_OUTER_BOUND ( 'NONE', #446, .T. ) ;
#1443 = ORIENTED_EDGE ( 'NONE', *, *, #205, .F. ) ;
#1444 = LINE ( 'NONE', #1868, #14 ) ;
#1445 = LINE ( 'NONE', #657, #405 ) ;
#1446 = EDGE_CURVE ( 'NONE', #1121, #1667, #194, .T. ) ;
#1447 = ORIENTED_EDGE ( 'NONE', *, *, #220, .T. ) ;
#1448 = SURFACE_STYLE_USAGE ( .BOTH. , #980 ) ;
#1449 = LINE ( 'NONE', #69, #1420 ) ;
#1450 = FILL_AREA_STYLE ('',( #846 ) ) ;
#1451 = CARTESIAN_POINT ( 'NONE',  ( -4.250000000000000000, 0.2000000000000000666, 12.97979589711313686 ) ) ;
#1452 = CARTESIAN_POINT ( 'NONE',  ( 5.049999999999999822, 16.39999999999999858, 11.50000000000000000 ) ) ;
#1453 =( GEOMETRIC_REPRESENTATION_CONTEXT ( 3 ) GLOBAL_UNCERTAINTY_ASSIGNED_CONTEXT ( ( #1389 ) ) GLOBAL_UNIT_ASSIGNED_CONTEXT ( ( #72, #701, #1328 ) ) REPRESENTATION_CONTEXT ( 'NONE', 'WORKASPACE' ) );
#1454 = ADVANCED_FACE ( 'NONE', ( #1590 ), #896, .F. ) ;
#1455 = ORIENTED_EDGE ( 'NONE', *, *, #726, .T. ) ;
#1456 = STYLED_ITEM ( 'NONE', ( #120 ), #1716 ) ;
#1457 = AXIS2_PLACEMENT_3D ( 'NONE', #1266, #1122, #1409 ) ;
#1458 = VECTOR ( 'NONE', #1837, 1000.000000000000000 ) ;
#1459 = PLANE ( 'NONE',  #1385 ) ;
#1460 = CARTESIAN_POINT ( 'NONE',  ( -5.049999999999999822, -2.399999999999999911, 0.0000000000000000000 ) ) ;
#1461 = LINE ( 'NONE', #493, #305 ) ;
#1462 = CARTESIAN_POINT ( 'NONE',  ( -4.250000000000000000, 15.10000000000000142, 12.97979589711313686 ) ) ;
#1463 = ORIENTED_EDGE ( 'NONE', *, *, #1795, .F. ) ;
#1464 = DIRECTION ( 'NONE',  ( 0.0000000000000000000, -2.115516434118057709E-16, -1.000000000000000000 ) ) ;
#1465 = CARTESIAN_POINT ( 'NONE',  ( -5.049999999999999822, -2.399999999999999911, 0.0000000000000000000 ) ) ;
#1466 = ADVANCED_FACE ( 'NONE', ( #27 ), #1679, .F. ) ;
#1467 = ORIENTED_EDGE ( 'NONE', *, *, #845, .F. ) ;
#1468 = EDGE_CURVE ( 'NONE', #806, #443, #1445, .T. ) ;
#1469 = CARTESIAN_POINT ( 'NONE',  ( 0.6500000000000001332, -5.000000000000000888, 3.245163805245065092 ) ) ;
#1470 = SURFACE_STYLE_FILL_AREA ( #536 ) ;
#1471 = CYLINDRICAL_SURFACE ( 'NONE', #475, 1.000000000000000888 ) ;
#1472 = ORIENTED_EDGE ( 'NONE', *, *, #274, .T. ) ;
#1473 = DIRECTION ( 'NONE',  ( 0.5773502691896256200, 0.5773502691896269523, -0.5773502691896246208 ) ) ;
#1474 = EDGE_CURVE ( 'NONE', #273, #291, #1292, .T. ) ;
#1475 =( NAMED_UNIT ( * ) PLANE_ANGLE_UNIT ( ) SI_UNIT ( $, .RADIAN. ) );
#1476 = VERTEX_POINT ( 'NONE', #603 ) ;
#1477 = DIRECTION ( 'NONE',  ( 0.0000000000000000000, 1.000000000000000000, 0.0000000000000000000 ) ) ;
#1478 = MECHANICAL_DESIGN_GEOMETRIC_PRESENTATION_REPRESENTATION (  '', ( #1785 ), #1856 ) ;
#1479 = CIRCLE ( 'NONE', #512, 1.000000000000000888 ) ;
#1480 = FILL_AREA_STYLE ('',( #733 ) ) ;
#1481 = VECTOR ( 'NONE', #518, 1000.000000000000000 ) ;
#1482 = VERTEX_POINT ( 'NONE', #1213 ) ;
#1483 = CARTESIAN_POINT ( 'NONE',  ( 5.649999999999999467, 0.2000000000000000111, 0.0000000000000000000 ) ) ;
#1484 = UNCERTAINTY_MEASURE_WITH_UNIT (LENGTH_MEASURE( 1.000000000000000082E-05 ), #1326, 'distance_accuracy_value', 'NONE');
#1485 = VECTOR ( 'NONE', #1366, 1000.000000000000000 ) ;
#1486 = DIRECTION ( 'NONE',  ( -0.0000000000000000000, 0.0000000000000000000, -1.000000000000000000 ) ) ;
#1487 = AXIS2_PLACEMENT_3D ( 'NONE', #102, #1371, #1216 ) ;
#1488 = EDGE_LOOP ( 'NONE', ( #746, #1749, #1933, #256 ) ) ;
#1489 = EDGE_CURVE ( 'NONE', #131, #502, #392, .T. ) ;
#1490 = CARTESIAN_POINT ( 'NONE',  ( 5.049999999999999822, 1.500000000000000000, 0.0000000000000000000 ) ) ;
#1491 = EDGE_CURVE ( 'NONE', #890, #1482, #1650, .T. ) ;
#1492 = SURFACE_STYLE_USAGE ( .BOTH. , #563 ) ;
#1493 = ORIENTED_EDGE ( 'NONE', *, *, #387, .T. ) ;
#1494 = CARTESIAN_POINT ( 'NONE',  ( 5.049999999999999822, -2.399999999999999911, 12.00000000000000000 ) ) ;
#1495 = ORIENTED_EDGE ( 'NONE', *, *, #252, .F. ) ;
#1496 = SURFACE_SIDE_STYLE ('',( #901 ) ) ;
#1497 = CARTESIAN_POINT ( 'NONE',  ( -4.049999999999999822, -2.399999999999999911, 13.00000000000000178 ) ) ;
#1498 = EDGE_CURVE ( 'NONE', #1476, #1056, #1937, .T. ) ;
#1499 = EDGE_CURVE ( 'NONE', #897, #887, #254, .T. ) ;
#1500 = DIRECTION ( 'NONE',  ( 1.000000000000000000, 0.0000000000000000000, -0.0000000000000000000 ) ) ;
#1501 = ORIENTED_EDGE ( 'NONE', *, *, #554, .T. ) ;
#1502 = CARTESIAN_POINT ( 'NONE',  ( 5.049999999999999822, -2.399999999999999911, 0.0000000000000000000 ) ) ;
#1503 = UNCERTAINTY_MEASURE_WITH_UNIT (LENGTH_MEASURE( 1.000000000000000082E-05 ), #94, 'distance_accuracy_value', 'NONE');
#1504 = SURFACE_STYLE_USAGE ( .BOTH. , #1645 ) ;
#1505 =( NAMED_UNIT ( * ) PLANE_ANGLE_UNIT ( ) SI_UNIT ( $, .RADIAN. ) );
#1506 =( NAMED_UNIT ( * ) SI_UNIT ( $, .STERADIAN. ) SOLID_ANGLE_UNIT ( ) );
#1507 = ORIENTED_EDGE ( 'NONE', *, *, #510, .T. ) ;
#1508 = LINE ( 'NONE', #448, #1952 ) ;
#1509 = ORIENTED_EDGE ( 'NONE', *, *, #964, .T. ) ;
#1510 = AXIS2_PLACEMENT_3D ( 'NONE', #1892, #777, #934 ) ;
#1511 = SURFACE_STYLE_FILL_AREA ( #1480 ) ;
#1512 = ORIENTED_EDGE ( 'NONE', *, *, #167, .T. ) ;
#1513 = COLOUR_RGB ( '',0.8000000000000000444, 0.8000000000000000444, 0.8000000000000000444 ) ;
#1514 = CARTESIAN_POINT ( 'NONE',  ( -4.049999999999999822, -2.399999999999999911, 12.00000000000000000 ) ) ;
#1515 = VECTOR ( 'NONE', #1258, 1000.000000000000000 ) ;
#1516 = MECHANICAL_DESIGN_GEOMETRIC_PRESENTATION_REPRESENTATION (  '', ( #376 ), #693 ) ;
#1517 = DIRECTION ( 'NONE',  ( -0.0000000000000000000, -1.000000000000000000, 2.220446049250000002E-16 ) ) ;
#1518 = SURFACE_SIDE_STYLE ('',( #293 ) ) ;
#1519 = FILL_AREA_STYLE_COLOUR ( '', #1171 ) ;
#1520 = VERTEX_POINT ( 'NONE', #1497 ) ;
#1521 = ORIENTED_EDGE ( 'NONE', *, *, #553, .T. ) ;
#1522 = EDGE_CURVE ( 'NONE', #718, #273, #975, .T. ) ;
#1523 = FACE_OUTER_BOUND ( 'NONE', #744, .T. ) ;
#1524 = ADVANCED_FACE ( 'NONE', ( #1131 ), #1016, .T. ) ;
#1525 = ORIENTED_EDGE ( 'NONE', *, *, #613, .F. ) ;
#1526 = CARTESIAN_POINT ( 'NONE',  ( -0.6500000000000001332, 19.00000000000000000, 3.953165825626999919 ) ) ;
#1527 = LINE ( 'NONE', #1194, #852 ) ;
#1528 = ORIENTED_EDGE ( 'NONE', *, *, #1361, .F. ) ;
#1529 = CARTESIAN_POINT ( 'NONE',  ( -4.250000000000000000, 0.2000000000000000111, 15.00000000000000000 ) ) ;
#1530 = ORIENTED_EDGE ( 'NONE', *, *, #1365, .F. ) ;
#1531 = ORIENTED_EDGE ( 'NONE', *, *, #1414, .F. ) ;
#1532 = EDGE_CURVE ( 'NONE', #1993, #797, #711, .T. ) ;
#1533 = CARTESIAN_POINT ( 'NONE',  ( 0.4499999999600004519, 15.10000000000000142, -6.000000000000000000 ) ) ;
#1534 = CARTESIAN_POINT ( 'NONE',  ( 0.0000000000000000000, 19.00000000000000000, 11.90000000000000036 ) ) ;
#1535 = CARTESIAN_POINT ( 'NONE',  ( -5.049999999999999822, 0.2000000000000000111, 0.0000000000000000000 ) ) ;
#1536 = ORIENTED_EDGE ( 'NONE', *, *, #193, .F. ) ;
#1537 = DIRECTION ( 'NONE',  ( 0.0000000000000000000, 0.0000000000000000000, 1.000000000000000000 ) ) ;
#1538 = VECTOR ( 'NONE', #1902, 1000.000000000000000 ) ;
#1539 =( LENGTH_UNIT ( ) NAMED_UNIT ( * ) SI_UNIT ( .MILLI., .METRE. ) );
#1540 = ORIENTED_EDGE ( 'NONE', *, *, #1522, .F. ) ;
#1541 = DIRECTION ( 'NONE',  ( 0.5773502691896263972, 0.5773502691896259531, 0.5773502691896251759 ) ) ;
#1542 = CARTESIAN_POINT ( 'NONE',  ( 0.6499999999600000189, 16.10000000000000142, -5.799999999999998046 ) ) ;
#1543 = DIRECTION ( 'NONE',  ( 0.0000000000000000000, 2.220446049250000002E-16, 1.000000000000000000 ) ) ;
#1544 = VECTOR ( 'NONE', #1916, 1000.000000000000000 ) ;
#1545 = MECHANICAL_DESIGN_GEOMETRIC_PRESENTATION_REPRESENTATION (  '', ( #79 ), #515 ) ;
#1546 = EDGE_CURVE ( 'NONE', #893, #1620, #1627, .T. ) ;
#1547 = COLOUR_RGB ( '',0.8000000000000000444, 0.8000000000000000444, 0.8000000000000000444 ) ;
#1548 = PRODUCT_DEFINITION_FORMATION_WITH_SPECIFIED_SOURCE ( 'ANY', '', #469, .NOT_KNOWN. ) ;
#1549 = ADVANCED_FACE ( 'NONE', ( #1157 ), #994, .F. ) ;
#1550 = UNCERTAINTY_MEASURE_WITH_UNIT (LENGTH_MEASURE( 1.000000000000000082E-05 ), #1539, 'distance_accuracy_value', 'NONE');
#1551 = STYLED_ITEM ( 'NONE', ( #920 ), #1089 ) ;
#1552 = ORIENTED_EDGE ( 'NONE', *, *, #1644, .T. ) ;
#1553 = FACE_OUTER_BOUND ( 'NONE', #982, .T. ) ;
#1554 = CARTESIAN_POINT ( 'NONE',  ( 5.049999999999999822, 1.500000000000000000, 11.50000000000000000 ) ) ;
#1555 = FACE_BOUND ( 'NONE', #992, .T. ) ;
#1556 = FACE_OUTER_BOUND ( 'NONE', #535, .T. ) ;
#1557 = FACE_OUTER_BOUND ( 'NONE', #235, .T. ) ;
#1558 = FILL_AREA_STYLE ('',( #967 ) ) ;
#1559 = FILL_AREA_STYLE ('',( #5 ) ) ;
#1560 = EDGE_CURVE ( 'NONE', #887, #1052, #66, .T. ) ;
#1561 = ORIENTED_EDGE ( 'NONE', *, *, #1939, .T. ) ;
#1562 = LINE ( 'NONE', #1088, #1789 ) ;
#1563 = SURFACE_SIDE_STYLE ('',( #1102 ) ) ;
#1564 = PLANE ( 'NONE',  #572 ) ;
#1565 = LINE ( 'NONE', #343, #435 ) ;
#1566 = CARTESIAN_POINT ( 'NONE',  ( 2.510525938252073693E-16, -0.5999999999999995337, 9.950000000000001066 ) ) ;
#1567 = ORIENTED_EDGE ( 'NONE', *, *, #228, .T. ) ;
#1568 = CYLINDRICAL_SURFACE ( 'NONE', #1457, 4.699999999999999289 ) ;
#1569 = VERTEX_POINT ( 'NONE', #1302 ) ;
#1570 = DIRECTION ( 'NONE',  ( -0.0000000000000000000, 0.0000000000000000000, -1.000000000000000000 ) ) ;
#1571 = EDGE_CURVE ( 'NONE', #4, #857, #561, .T. ) ;
#1572 = CARTESIAN_POINT ( 'NONE',  ( 5.650000000000000355, 0.2000000000000000111, 11.50000000000000000 ) ) ;
#1573 = ORIENTED_EDGE ( 'NONE', *, *, #1057, .F. ) ;
#1574 = CIRCLE ( 'NONE', #716, 4.000000000000000000 ) ;
#1575 = PLANE ( 'NONE',  #1037 ) ;
#1576 = CARTESIAN_POINT ( 'NONE',  ( 0.0000000000000000000, 16.10000000000000142, 5.849999999999997868 ) ) ;
#1577 =( NAMED_UNIT ( * ) SI_UNIT ( $, .STERADIAN. ) SOLID_ANGLE_UNIT ( ) );
#1578 = EDGE_LOOP ( 'NONE', ( #699, #1821, #818, #1443 ) ) ;
#1579 = STYLED_ITEM ( 'NONE', ( #1612 ), #1125 ) ;
#1580 = PRESENTATION_STYLE_ASSIGNMENT (( #1589 ) ) ;
#1581 = VECTOR ( 'NONE', #51, 1000.000000000000000 ) ;
#1582 = VECTOR ( 'NONE', #324, 1000.000000000000000 ) ;
#1583 = PLANE ( 'NONE',  #514 ) ;
#1584 = AXIS2_PLACEMENT_3D ( 'NONE', #1332, #861, #97 ) ;
#1585 = CARTESIAN_POINT ( 'NONE',  ( -0.6500000000000001332, -2.400000000000000355, 3.245163805245065092 ) ) ;
#1586 = EDGE_CURVE ( 'NONE', #1001, #641, #1643, .T. ) ;
#1587 = ADVANCED_FACE ( 'NONE', ( #88 ), #1777, .F. ) ;
#1588 = DIRECTION ( 'NONE',  ( 1.374525595238999975E-32, -1.000000000000000000, 0.0000000000000000000 ) ) ;
#1589 = SURFACE_STYLE_USAGE ( .BOTH. , #172 ) ;
#1590 = FACE_OUTER_BOUND ( 'NONE', #928, .T. ) ;
#1591 = DIRECTION ( 'NONE',  ( -0.0000000000000000000, -1.000000000000000000, -0.0000000000000000000 ) ) ;
#1592 = ORIENTED_EDGE ( 'NONE', *, *, #36, .T. ) ;
#1593 = CARTESIAN_POINT ( 'NONE',  ( -5.049999999999999822, -2.399999999999999911, 13.00000000000000178 ) ) ;
#1594 =( LENGTH_UNIT ( ) NAMED_UNIT ( * ) SI_UNIT ( .MILLI., .METRE. ) );
#1595 = LINE ( 'NONE', #769, #1705 ) ;
#1596 = FILL_AREA_STYLE_COLOUR ( '', #854 ) ;
#1597 = EDGE_CURVE ( 'NONE', #921, #972, #1663, .T. ) ;
#1598 = CARTESIAN_POINT ( 'NONE',  ( 0.6499999999600000189, 14.90000000000000036, -6.000000000000000000 ) ) ;
#1599 = DIRECTION ( 'NONE',  ( 0.0000000000000000000, -1.784715406657999971E-16, -1.000000000000000000 ) ) ;
#1600 = CARTESIAN_POINT ( 'NONE',  ( 4.049999999999999822, -2.399999999999999911, 13.00000000000000178 ) ) ;
#1601 = VERTEX_POINT ( 'NONE', #269 ) ;
#1602 = CARTESIAN_POINT ( 'NONE',  ( -5.049999999999999822, -2.399999999999999911, 0.0000000000000000000 ) ) ;
#1603 = VECTOR ( 'NONE', #836, 1000.000000000000000 ) ;
#1604 = FACE_OUTER_BOUND ( 'NONE', #1665, .T. ) ;
#1605 = CARTESIAN_POINT ( 'NONE',  ( 0.6499999999600000189, 14.90000000000000213, 0.0000000000000000000 ) ) ;
#1606 = VECTOR ( 'NONE', #1101, 1000.000000000000000 ) ;
#1607 = EDGE_CURVE ( 'NONE', #374, #1778, #870, .T. ) ;
#1608 = AXIS2_PLACEMENT_3D ( 'NONE', #938, #1429, #21 ) ;
#1609 = MECHANICAL_DESIGN_GEOMETRIC_PRESENTATION_REPRESENTATION (  '', ( #1456 ), #380 ) ;
#1610 = CIRCLE ( 'NONE', #1075, 1.000000000000000888 ) ;
#1611 = VECTOR ( 'NONE', #549, 1000.000000000000000 ) ;
#1612 = PRESENTATION_STYLE_ASSIGNMENT (( #1448 ) ) ;
#1613 = ORIENTED_EDGE ( 'NONE', *, *, #1992, .F. ) ;
#1614 =( GEOMETRIC_REPRESENTATION_CONTEXT ( 3 ) GLOBAL_UNCERTAINTY_ASSIGNED_CONTEXT ( ( #948 ) ) GLOBAL_UNIT_ASSIGNED_CONTEXT ( ( #319, #1394, #501 ) ) REPRESENTATION_CONTEXT ( 'NONE', 'WORKASPACE' ) );
#1615 = CARTESIAN_POINT ( 'NONE',  ( -0.4499999999600003964, 15.90000000000000036, -6.000000000000000888 ) ) ;
#1616 = DIRECTION ( 'NONE',  ( 0.0000000000000000000, 1.000000000000000000, 0.0000000000000000000 ) ) ;
#1617 = LINE ( 'NONE', #1148, #406 ) ;
#1618 = DIRECTION ( 'NONE',  ( 0.0000000000000000000, 2.182085317882000006E-16, 1.000000000000000000 ) ) ;
#1619 = DIRECTION ( 'NONE',  ( 0.0000000000000000000, -0.0000000000000000000, 1.000000000000000000 ) ) ;
#1620 = VERTEX_POINT ( 'NONE', #1375 ) ;
#1621 = EDGE_CURVE ( 'NONE', #423, #1293, #1355, .T. ) ;
#1622 = ORIENTED_EDGE ( 'NONE', *, *, #739, .F. ) ;
#1623 = LINE ( 'NONE', #997, #1168 ) ;
#1624 = DIRECTION ( 'NONE',  ( 0.0000000000000000000, 0.0000000000000000000, 1.000000000000000000 ) ) ;
#1625 = ORIENTED_EDGE ( 'NONE', *, *, #787, .T. ) ;
#1626 = DIRECTION ( 'NONE',  ( 0.0000000000000000000, -0.0000000000000000000, -1.000000000000000000 ) ) ;
#1627 = LINE ( 'NONE', #989, #217 ) ;
#1628 = EDGE_LOOP ( 'NONE', ( #1525, #1930, #1655, #1987 ) ) ;
#1629 = CARTESIAN_POINT ( 'NONE',  ( 5.049999999999999822, 15.10000000000000142, 0.0000000000000000000 ) ) ;
#1630 = SURFACE_SIDE_STYLE ('',( #999 ) ) ;
#1631 = CARTESIAN_POINT ( 'NONE',  ( 0.6500000000000003553, 19.00000000000000000, 0.0000000000000000000 ) ) ;
#1632 = ORIENTED_EDGE ( 'NONE', *, *, #129, .T. ) ;
#1633 = PLANE ( 'NONE',  #878 ) ;
#1634 = FILL_AREA_STYLE_COLOUR ( '', #1788 ) ;
#1635 = VECTOR ( 'NONE', #115, 1000.000000000000000 ) ;
#1636 = ORIENTED_EDGE ( 'NONE', *, *, #566, .F. ) ;
#1637 = AXIS2_PLACEMENT_3D ( 'NONE', #1514, #1007, #715 ) ;
#1638 = DIRECTION ( 'NONE',  ( -0.0000000000000000000, 1.000000000000000000, 0.0000000000000000000 ) ) ;
#1639 = VECTOR ( 'NONE', #1599, 1000.000000000000000 ) ;
#1640 = AXIS2_PLACEMENT_3D ( 'NONE', #58, #1015, #677 ) ;
#1641 = EDGE_LOOP ( 'NONE', ( #1807, #18, #1377, #1380 ) ) ;
#1642 = LINE ( 'NONE', #548, #1922 ) ;
#1643 = CIRCLE ( 'NONE', #664, 4.699999999999999289 ) ;
#1644 = EDGE_CURVE ( 'NONE', #962, #68, #1527, .T. ) ;
#1645 = SURFACE_SIDE_STYLE ('',( #1009 ) ) ;
#1646 = SURFACE_STYLE_FILL_AREA ( #1349 ) ;
#1647 = PRESENTATION_LAYER_ASSIGNMENT (  '', '', ( #1427 ) ) ;
#1648 = EDGE_CURVE ( 'NONE', #131, #897, #1964, .T. ) ;
#1649 = CARTESIAN_POINT ( 'NONE',  ( 0.6499999999600000189, 15.00000000000000000, -5.900000000000000355 ) ) ;
#1650 = LINE ( 'NONE', #1605, #1245 ) ;
#1651 = LINE ( 'NONE', #1159, #215 ) ;
#1652 = ORIENTED_EDGE ( 'NONE', *, *, #1347, .T. ) ;
#1653 = DIRECTION ( 'NONE',  ( -0.0000000000000000000, 0.0000000000000000000, -1.000000000000000000 ) ) ;
#1654 = PLANE ( 'NONE',  #822 ) ;
#1655 = ORIENTED_EDGE ( 'NONE', *, *, #1256, .F. ) ;
#1656 =( LENGTH_UNIT ( ) NAMED_UNIT ( * ) SI_UNIT ( .MILLI., .METRE. ) );
#1657 = DIRECTION ( 'NONE',  ( 1.000000000000000000, 0.0000000000000000000, 0.0000000000000000000 ) ) ;
#1658 = ADVANCED_FACE ( 'NONE', ( #1816 ), #750, .T. ) ;
#1659 = ORIENTED_EDGE ( 'NONE', *, *, #789, .F. ) ;
#1660 = CARTESIAN_POINT ( 'NONE',  ( -5.049999999999999822, 15.10000000000000142, 15.00000000000000000 ) ) ;
#1661 = CARTESIAN_POINT ( 'NONE',  ( 0.6500000000000001332, 0.6000000000000000888, -5.799999999999999822 ) ) ;
#1662 = CARTESIAN_POINT ( 'NONE',  ( -4.250000000000000000, 16.39999999999999858, 12.97979589711300008 ) ) ;
#1663 = LINE ( 'NONE', #1831, #45 ) ;
#1664 = EDGE_CURVE ( 'NONE', #1263, #295, #1508, .T. ) ;
#1665 = EDGE_LOOP ( 'NONE', ( #732, #1727, #1440, #1340, #393, #950, #391, #359, #118, #679, #1300 ) ) ;
#1666 = LINE ( 'NONE', #1044, #403 ) ;
#1667 = VERTEX_POINT ( 'NONE', #1977 ) ;
#1668 = COLOUR_RGB ( '',0.8000000000000000444, 0.8000000000000000444, 0.8000000000000000444 ) ;
#1669 = CIRCLE ( 'NONE', #602, 2.049999999999999822 ) ;
#1670 = DIRECTION ( 'NONE',  ( -1.337566565171116687E-16, 1.000000000000000000, -1.337566565171116687E-16 ) ) ;
#1671 = FILL_AREA_STYLE ('',( #1803 ) ) ;
#1672 = EDGE_LOOP ( 'NONE', ( #1330, #1196, #1625, #288 ) ) ;
#1673 = VECTOR ( 'NONE', #830, 1000.000000000000000 ) ;
#1674 = VECTOR ( 'NONE', #869, 1000.000000000000000 ) ;
#1675 =( NAMED_UNIT ( * ) PLANE_ANGLE_UNIT ( ) SI_UNIT ( $, .RADIAN. ) );
#1676 =( GEOMETRIC_REPRESENTATION_CONTEXT ( 3 ) GLOBAL_UNCERTAINTY_ASSIGNED_CONTEXT ( ( #609 ) ) GLOBAL_UNIT_ASSIGNED_CONTEXT ( ( #1746, #484, #1864 ) ) REPRESENTATION_CONTEXT ( 'NONE', 'WORKASPACE' ) );
#1677 = DIRECTION ( 'NONE',  ( 0.0000000000000000000, 1.000000000000000000, -0.0000000000000000000 ) ) ;
#1678 = ORIENTED_EDGE ( 'NONE', *, *, #1067, .F. ) ;
#1679 = PLANE ( 'NONE',  #1421 ) ;
#1680 = ORIENTED_EDGE ( 'NONE', *, *, #461, .T. ) ;
#1681 = EDGE_CURVE ( 'NONE', #691, #1827, #1898, .T. ) ;
#1682 = LINE ( 'NONE', #859, #1390 ) ;
#1683 = ORIENTED_EDGE ( 'NONE', *, *, #873, .F. ) ;
#1684 = FACE_OUTER_BOUND ( 'NONE', #1204, .T. ) ;
#1685 = UNCERTAINTY_MEASURE_WITH_UNIT (LENGTH_MEASURE( 1.000000000000000082E-05 ), #1943, 'distance_accuracy_value', 'NONE');
#1686 = DIRECTION ( 'NONE',  ( 0.0000000000000000000, 0.0000000000000000000, 1.000000000000000000 ) ) ;
#1687 = CARTESIAN_POINT ( 'NONE',  ( -0.6500000000000003553, -2.399999999999999911, 0.0000000000000000000 ) ) ;
#1688 = DIRECTION ( 'NONE',  ( 0.0000000000000000000, -0.0000000000000000000, 1.000000000000000000 ) ) ;
#1689 = ORIENTED_EDGE ( 'NONE', *, *, #164, .F. ) ;
#1690 = DIRECTION ( 'NONE',  ( -0.0000000000000000000, 0.0000000000000000000, -1.000000000000000000 ) ) ;
#1691 = EDGE_CURVE ( 'NONE', #1667, #131, #894, .T. ) ;
#1692 = CARTESIAN_POINT ( 'NONE',  ( -0.6500000000000003553, -5.000000000000000000, 7.900000000000000355 ) ) ;
#1693 = DIRECTION ( 'NONE',  ( 0.0000000000000000000, 1.000000000000000000, 0.0000000000000000000 ) ) ;
#1694 = ORIENTED_EDGE ( 'NONE', *, *, #1664, .F. ) ;
#1695 = DIRECTION ( 'NONE',  ( 0.0000000000000000000, 1.000000000000000000, 0.0000000000000000000 ) ) ;
#1696 = PRESENTATION_LAYER_ASSIGNMENT (  '', '', ( #1785 ) ) ;
#1697 = PRESENTATION_LAYER_ASSIGNMENT (  '', '', ( #244 ) ) ;
#1698 = ORIENTED_EDGE ( 'NONE', *, *, #1151, .F. ) ;
#1699 = VECTOR ( 'NONE', #349, 1000.000000000000000 ) ;
#1700 = VECTOR ( 'NONE', #113, 1000.000000000000000 ) ;
#1701 = CARTESIAN_POINT ( 'NONE',  ( -0.6500000000000001332, 0.6000000000000004219, 0.0000000000000000000 ) ) ;
#1702 = LINE ( 'NONE', #312, #816 ) ;
#1703 = DIRECTION ( 'NONE',  ( 0.0000000000000000000, -1.000000000000000000, 2.220446049250000002E-16 ) ) ;
#1704 = STYLED_ITEM ( 'NONE', ( #705 ), #1587 ) ;
#1705 = VECTOR ( 'NONE', #1537, 1000.000000000000000 ) ;
#1706 = EDGE_CURVE ( 'NONE', #1813, #1136, #130, .T. ) ;
#1707 = PRESENTATION_LAYER_ASSIGNMENT (  '', '', ( #311 ) ) ;
#1708 =( NAMED_UNIT ( * ) SI_UNIT ( $, .STERADIAN. ) SOLID_ANGLE_UNIT ( ) );
#1709 = CARTESIAN_POINT ( 'NONE',  ( -0.6500000000000001332, -0.5999999999999994227, 3.953165825626911101 ) ) ;
#1710 = FACE_OUTER_BOUND ( 'NONE', #1847, .T. ) ;
#1711 = LINE ( 'NONE', #1846, #987 ) ;
#1712 = ORIENTED_EDGE ( 'NONE', *, *, #129, .F. ) ;
#1713 = CARTESIAN_POINT ( 'NONE',  ( 0.6500000000000001332, -0.5999999999999999778, -6.000000000000000000 ) ) ;
#1714 = ORIENTED_EDGE ( 'NONE', *, *, #1067, .T. ) ;
#1715 = LINE ( 'NONE', #1434, #1582 ) ;
#1716 = ADVANCED_FACE ( 'NONE', ( #883 ), #416, .F. ) ;
#1717 = ORIENTED_EDGE ( 'NONE', *, *, #1224, .T. ) ;
#1718 = DIRECTION ( 'NONE',  ( 0.0000000000000000000, -1.000000000000000000, -0.0000000000000000000 ) ) ;
#1719 = ORIENTED_EDGE ( 'NONE', *, *, #1211, .F. ) ;
#1720 = ORIENTED_EDGE ( 'NONE', *, *, #1546, .T. ) ;
#1721 =( NAMED_UNIT ( * ) PLANE_ANGLE_UNIT ( ) SI_UNIT ( $, .RADIAN. ) );
#1722 = SURFACE_STYLE_FILL_AREA ( #1558 ) ;
#1723 = ORIENTED_EDGE ( 'NONE', *, *, #189, .F. ) ;
#1724 = CARTESIAN_POINT ( 'NONE',  ( 0.4500000000000002331, 0.4000000000000000222, -6.000000000000000888 ) ) ;
#1725 = PLANE ( 'NONE',  #1143 ) ;
#1726 = ADVANCED_FACE ( 'NONE', ( #182 ), #468, .F. ) ;
#1727 = ORIENTED_EDGE ( 'NONE', *, *, #1844, .T. ) ;
#1728 = CARTESIAN_POINT ( 'NONE',  ( 0.6499999999600000189, 16.10000000000000142, -6.000000000000000000 ) ) ;
#1729 = EDGE_CURVE ( 'NONE', #347, #1359, #791, .T. ) ;
#1730 = DIRECTION ( 'NONE',  ( -0.0000000000000000000, 0.0000000000000000000, -1.000000000000000000 ) ) ;
#1731 = EDGE_LOOP ( 'NONE', ( #1561, #1859, #848, #1501 ) ) ;
#1732 = FACE_OUTER_BOUND ( 'NONE', #1578, .T. ) ;
#1733 = DIRECTION ( 'NONE',  ( -2.736911063134000260E-48, -3.761954308170465814E-80, -1.000000000000000000 ) ) ;
#1734 = FACE_OUTER_BOUND ( 'NONE', #1743, .T. ) ;
#1735 = MECHANICAL_DESIGN_GEOMETRIC_PRESENTATION_REPRESENTATION (  '', ( #569 ), #844 ) ;
#1736 = CLOSED_SHELL ( 'NONE', ( #1454, #114, #1726, #437, #673, #1817, #1376, #98, #850, #1114, #1658, #681, #1549, #544, #10, #400, #801, #396, #451, #1023, #507, #1466, #1197, #1212, #1046, #610, #137, #1334, #562, #35, #263, #891, #1296, #1524, #712, #1127, #998, #812, #1325, #995, #1764, #1920, #936, #1991, #1716, #1125, #1587, #292, #658, #1751, #1961, #752, #767, #908 ) ) ;
#1737 =( LENGTH_UNIT ( ) NAMED_UNIT ( * ) SI_UNIT ( .MILLI., .METRE. ) );
#1738 = CIRCLE ( 'NONE', #1861, 4.000000000000000000 ) ;
#1739 = DIRECTION ( 'NONE',  ( -0.0000000000000000000, -1.000000000000000000, -0.0000000000000000000 ) ) ;
#1740 = VECTOR ( 'NONE', #242, 1000.000000000000000 ) ;
#1741 = AXIS2_PLACEMENT_3D ( 'NONE', #2000, #1703, #1082 ) ;
#1742 = CARTESIAN_POINT ( 'NONE',  ( -4.250000000000000000, 1.500000000000000222, 0.0000000000000000000 ) ) ;
#1743 = EDGE_LOOP ( 'NONE', ( #761, #1828, #1886, #1874 ) ) ;
#1744 = EDGE_CURVE ( 'NONE', #941, #1827, #1432, .T. ) ;
#1745 = DIRECTION ( 'NONE',  ( 0.0000000000000000000, -1.784715406657999971E-16, -1.000000000000000000 ) ) ;
#1746 =( LENGTH_UNIT ( ) NAMED_UNIT ( * ) SI_UNIT ( .MILLI., .METRE. ) );
#1747 = SURFACE_STYLE_FILL_AREA ( #1559 ) ;
#1748 = LINE ( 'NONE', #506, #1823 ) ;
#1749 = ORIENTED_EDGE ( 'NONE', *, *, #1166, .F. ) ;
#1750 = ORIENTED_EDGE ( 'NONE', *, *, #1560, .F. ) ;
#1751 = ADVANCED_FACE ( 'NONE', ( #1734 ), #32, .F. ) ;
#1752 = LINE ( 'NONE', #1329, #1611 ) ;
#1753 = EDGE_CURVE ( 'NONE', #1436, #528, #959, .T. ) ;
#1754 = DIRECTION ( 'NONE',  ( 0.0000000000000000000, -1.000000000000000000, 2.220446049250000002E-16 ) ) ;
#1755 = SURFACE_SIDE_STYLE ('',( #1470 ) ) ;
#1756 = ORIENTED_EDGE ( 'NONE', *, *, #1281, .F. ) ;
#1757 = DIRECTION ( 'NONE',  ( -0.0000000000000000000, 0.0000000000000000000, -1.000000000000000000 ) ) ;
#1758 = ORIENTED_EDGE ( 'NONE', *, *, #50, .T. ) ;
#1759 = DIRECTION ( 'NONE',  ( -1.000000000000000000, 0.0000000000000000000, 0.0000000000000000000 ) ) ;
#1760 = DIRECTION ( 'NONE',  ( 1.000000000000000000, 0.0000000000000000000, -0.0000000000000000000 ) ) ;
#1761 = VECTOR ( 'NONE', #1341, 1000.000000000000000 ) ;
#1762 = DIRECTION ( 'NONE',  ( -0.0000000000000000000, 0.0000000000000000000, 1.000000000000000000 ) ) ;
#1763 =( LENGTH_UNIT ( ) NAMED_UNIT ( * ) SI_UNIT ( .MILLI., .METRE. ) );
#1764 = ADVANCED_FACE ( 'NONE', ( #192 ), #1094, .T. ) ;
#1765 = PRESENTATION_LAYER_ASSIGNMENT (  '', '', ( #111 ) ) ;
#1766 = DIRECTION ( 'NONE',  ( -1.000000000000000000, 0.0000000000000000000, -0.0000000000000000000 ) ) ;
#1767 = ORIENTED_EDGE ( 'NONE', *, *, #280, .T. ) ;
#1768 = DIRECTION ( 'NONE',  ( -0.0000000000000000000, -1.000000000000000000, -0.0000000000000000000 ) ) ;
#1769 = DIRECTION ( 'NONE',  ( 0.0000000000000000000, -1.000000000000000000, 0.0000000000000000000 ) ) ;
#1770 = DIRECTION ( 'NONE',  ( -1.000000000000000000, -0.0000000000000000000, 0.0000000000000000000 ) ) ;
#1771 = ORIENTED_EDGE ( 'NONE', *, *, #1057, .T. ) ;
#1772 = DIRECTION ( 'NONE',  ( -0.0000000000000000000, 0.0000000000000000000, -1.000000000000000000 ) ) ;
#1773 = FILL_AREA_STYLE_COLOUR ( '', #819 ) ;
#1774 = CARTESIAN_POINT ( 'NONE',  ( -0.6499999999600000189, 14.90000000000000036, 0.0000000000000000000 ) ) ;
#1775 = VERTEX_POINT ( 'NONE', #1462 ) ;
#1776 = DIRECTION ( 'NONE',  ( 1.000000000000000000, 0.0000000000000000000, 0.0000000000000000000 ) ) ;
#1777 = PLANE ( 'NONE',  #1424 ) ;
#1778 = VERTEX_POINT ( 'NONE', #399 ) ;
#1779 = FACE_OUTER_BOUND ( 'NONE', #1965, .T. ) ;
#1780 = CARTESIAN_POINT ( 'NONE',  ( -0.6500000000000001332, -0.5999999999999996447, 0.0000000000000000000 ) ) ;
#1781 = EDGE_CURVE ( 'NONE', #1800, #1066, #56, .T. ) ;
#1782 = CARTESIAN_POINT ( 'NONE',  ( 0.0000000000000000000, -2.399999999999999911, 7.900000000000000355 ) ) ;
#1783 = DIRECTION ( 'NONE',  ( 0.0000000000000000000, 0.7071067811865474617, -0.7071067811865474617 ) ) ;
#1784 = ORIENTED_EDGE ( 'NONE', *, *, #707, .T. ) ;
#1785 = STYLED_ITEM ( 'NONE', ( #1047 ), #995 ) ;
#1786 = ORIENTED_EDGE ( 'NONE', *, *, #1053, .T. ) ;
#1787 = LINE ( 'NONE', #1808, #1280 ) ;
#1788 = COLOUR_RGB ( '',0.8000000000000000444, 0.8000000000000000444, 0.8000000000000000444 ) ;
#1789 = VECTOR ( 'NONE', #1718, 1000.000000000000000 ) ;
#1790 = ORIENTED_EDGE ( 'NONE', *, *, #425, .T. ) ;
#1791 = CARTESIAN_POINT ( 'NONE',  ( 0.6499999999600001299, 14.90000000000000036, -5.799999999999999822 ) ) ;
#1792 = UNCERTAINTY_MEASURE_WITH_UNIT (LENGTH_MEASURE( 1.000000000000000082E-05 ), #1763, 'distance_accuracy_value', 'NONE');
#1793 =( GEOMETRIC_REPRESENTATION_CONTEXT ( 3 ) GLOBAL_UNCERTAINTY_ASSIGNED_CONTEXT ( ( #1061 ) ) GLOBAL_UNIT_ASSIGNED_CONTEXT ( ( #668, #1475, #1012 ) ) REPRESENTATION_CONTEXT ( 'NONE', 'WORKASPACE' ) );
#1794 = DIRECTION ( 'NONE',  ( 0.0000000000000000000, -2.168404344971008868E-16, -1.000000000000000000 ) ) ;
#1795 = EDGE_CURVE ( 'NONE', #13, #921, #690, .T. ) ;
#1796 =( NAMED_UNIT ( * ) SI_UNIT ( $, .STERADIAN. ) SOLID_ANGLE_UNIT ( ) );
#1797 = ORIENTED_EDGE ( 'NONE', *, *, #1365, .T. ) ;
#1798 = ORIENTED_EDGE ( 'NONE', *, *, #1560, .T. ) ;
#1799 = CARTESIAN_POINT ( 'NONE',  ( -4.250000000000000000, 0.2000000000000000111, 0.0000000000000000000 ) ) ;
#1800 = VERTEX_POINT ( 'NONE', #1451 ) ;
#1801 = CARTESIAN_POINT ( 'NONE',  ( -0.6500000000000001332, 0.5999999999999999778, -5.799999999999999822 ) ) ;
#1802 = CYLINDRICAL_SURFACE ( 'NONE', #1419, 2.049999999999999822 ) ;
#1803 = FILL_AREA_STYLE_COLOUR ( '', #348 ) ;
#1804 = ORIENTED_EDGE ( 'NONE', *, *, #178, .F. ) ;
#1805 = EDGE_CURVE ( 'NONE', #1482, #857, #1155, .T. ) ;
#1806 = PLANE ( 'NONE',  #599 ) ;
#1807 = ORIENTED_EDGE ( 'NONE', *, *, #1795, .T. ) ;
#1808 = CARTESIAN_POINT ( 'NONE',  ( -5.049999999999999822, 0.2000000000000000944, 0.0000000000000000000 ) ) ;
#1809 = ORIENTED_EDGE ( 'NONE', *, *, #1491, .F. ) ;
#1810 = CARTESIAN_POINT ( 'NONE',  ( -5.049999999999999822, 15.10000000000000142, 0.0000000000000000000 ) ) ;
#1811 = FILL_AREA_STYLE ('',( #1969 ) ) ;
#1812 =( NAMED_UNIT ( * ) PLANE_ANGLE_UNIT ( ) SI_UNIT ( $, .RADIAN. ) );
#1813 = VERTEX_POINT ( 'NONE', #238 ) ;
#1814 = ORIENTED_EDGE ( 'NONE', *, *, #362, .F. ) ;
#1815 = PRESENTATION_STYLE_ASSIGNMENT (( #721 ) ) ;
#1816 = FACE_OUTER_BOUND ( 'NONE', #1894, .T. ) ;
#1817 = ADVANCED_FACE ( 'NONE', ( #534 ), #1919, .F. ) ;
#1818 = ORIENTED_EDGE ( 'NONE', *, *, #726, .F. ) ;
#1819 = COLOUR_RGB ( '',0.8000000000000000444, 0.8000000000000000444, 0.8000000000000000444 ) ;
#1820 = DIRECTION ( 'NONE',  ( 0.0000000000000000000, 1.845450506358305818E-16, 1.000000000000000000 ) ) ;
#1821 = ORIENTED_EDGE ( 'NONE', *, *, #1361, .T. ) ;
#1822 = VECTOR ( 'NONE', #1337, 1000.000000000000000 ) ;
#1823 = VECTOR ( 'NONE', #648, 1000.000000000000000 ) ;
#1824 = COLOUR_RGB ( '',0.8000000000000000444, 0.8000000000000000444, 0.8000000000000000444 ) ;
#1825 = LINE ( 'NONE', #445, #1635 ) ;
#1826 = CARTESIAN_POINT ( 'NONE',  ( -5.049999999999999822, 16.39999999999999858, 12.00000000000000000 ) ) ;
#1827 = VERTEX_POINT ( 'NONE', #64 ) ;
#1828 = ORIENTED_EDGE ( 'NONE', *, *, #554, .F. ) ;
#1829 = FILL_AREA_STYLE_COLOUR ( '', #1819 ) ;
#1830 =( GEOMETRIC_REPRESENTATION_CONTEXT ( 3 ) GLOBAL_UNCERTAINTY_ASSIGNED_CONTEXT ( ( #300 ) ) GLOBAL_UNIT_ASSIGNED_CONTEXT ( ( #1944, #1959, #1796 ) ) REPRESENTATION_CONTEXT ( 'NONE', 'WORKASPACE' ) );
#1831 = CARTESIAN_POINT ( 'NONE',  ( 0.6499999999599614942, 19.00000000000000000, 3.953165825620229779 ) ) ;
#1832 = EDGE_CURVE ( 'NONE', #171, #1081, #1904, .T. ) ;
#1833 = CARTESIAN_POINT ( 'NONE',  ( 5.650000000000000355, 0.2000000000000000111, 11.50000000000000000 ) ) ;
#1834 = ORIENTED_EDGE ( 'NONE', *, *, #1399, .T. ) ;
#1835 = EDGE_CURVE ( 'NONE', #90, #1520, #1129, .T. ) ;
#1836 = DIRECTION ( 'NONE',  ( -1.000000000000000000, -0.0000000000000000000, 0.0000000000000000000 ) ) ;
#1837 = DIRECTION ( 'NONE',  ( 0.0000000000000000000, -1.000000000000000000, -0.0000000000000000000 ) ) ;
#1838 = ORIENTED_EDGE ( 'NONE', *, *, #1607, .F. ) ;
#1839 = PRESENTATION_STYLE_ASSIGNMENT (( #1024 ) ) ;
#1840 = DIRECTION ( 'NONE',  ( -0.0000000000000000000, 0.0000000000000000000, -1.000000000000000000 ) ) ;
#1841 = SURFACE_SIDE_STYLE ('',( #104 ) ) ;
#1842 = EDGE_LOOP ( 'NONE', ( #499, #316, #206, #248 ) ) ;
#1843 = DIRECTION ( 'NONE',  ( 0.0000000000000000000, 0.0000000000000000000, 1.000000000000000000 ) ) ;
#1844 = EDGE_CURVE ( 'NONE', #1132, #198, #279, .T. ) ;
#1845 = FACE_OUTER_BOUND ( 'NONE', #1160, .T. ) ;
#1846 = CARTESIAN_POINT ( 'NONE',  ( -0.6500000000000001332, 19.00000000000000000, 3.953165825626999919 ) ) ;
#1847 = EDGE_LOOP ( 'NONE', ( #1530, #1062, #1192, #833 ) ) ;
#1848 = EDGE_CURVE ( 'NONE', #273, #2002, #1752, .T. ) ;
#1849 = ORIENTED_EDGE ( 'NONE', *, *, #486, .T. ) ;
#1850 = CARTESIAN_POINT ( 'NONE',  ( 4.049999999999999822, -2.399999999999999911, 13.00000000000000178 ) ) ;
#1851 = DIRECTION ( 'NONE',  ( -0.0000000000000000000, 1.000000000000000000, -2.220446049250000002E-16 ) ) ;
#1852 = VERTEX_POINT ( 'NONE', #985 ) ;
#1853 = LINE ( 'NONE', #1728, #665 ) ;
#1854 = CIRCLE ( 'NONE', #543, 2.049999999999999822 ) ;
#1855 = PLANE ( 'NONE',  #436 ) ;
#1856 =( GEOMETRIC_REPRESENTATION_CONTEXT ( 3 ) GLOBAL_UNCERTAINTY_ASSIGNED_CONTEXT ( ( #163 ) ) GLOBAL_UNIT_ASSIGNED_CONTEXT ( ( #410, #1942, #898 ) ) REPRESENTATION_CONTEXT ( 'NONE', 'WORKASPACE' ) );
#1857 = VECTOR ( 'NONE', #1417, 1000.000000000000000 ) ;
#1858 = FACE_OUTER_BOUND ( 'NONE', #1316, .T. ) ;
#1859 = ORIENTED_EDGE ( 'NONE', *, *, #1084, .T. ) ;
#1860 = VERTEX_POINT ( 'NONE', #820 ) ;
#1861 = AXIS2_PLACEMENT_3D ( 'NONE', #1248, #620, #166 ) ;
#1862 = EDGE_CURVE ( 'NONE', #1018, #627, #1617, .T. ) ;
#1863 = SURFACE_STYLE_USAGE ( .BOTH. , #622 ) ;
#1864 =( NAMED_UNIT ( * ) SI_UNIT ( $, .STERADIAN. ) SOLID_ANGLE_UNIT ( ) );
#1865 = MECHANICAL_DESIGN_GEOMETRIC_PRESENTATION_REPRESENTATION (  '', ( #111 ), #886 ) ;
#1866 = ORIENTED_EDGE ( 'NONE', *, *, #1781, .F. ) ;
#1867 = AXIS2_PLACEMENT_3D ( 'NONE', #361, #224, #974 ) ;
#1868 = CARTESIAN_POINT ( 'NONE',  ( -0.4499999999600004519, 14.90000000000000036, -6.000000000000000000 ) ) ;
#1869 = ORIENTED_EDGE ( 'NONE', *, *, #498, .T. ) ;
#1870 = CARTESIAN_POINT ( 'NONE',  ( -4.049999999999999822, 1.500000000000000000, 12.00000000000000000 ) ) ;
#1871 = PLANE ( 'NONE',  #1982 ) ;
#1872 = ORIENTED_EDGE ( 'NONE', *, *, #1399, .F. ) ;
#1873 = CARTESIAN_POINT ( 'NONE',  ( -5.049999999999999822, 19.00000000000000000, 0.0000000000000000000 ) ) ;
#1874 = ORIENTED_EDGE ( 'NONE', *, *, #845, .T. ) ;
#1875 = EDGE_CURVE ( 'NONE', #374, #797, #1162, .T. ) ;
#1876 =( NAMED_UNIT ( * ) PLANE_ANGLE_UNIT ( ) SI_UNIT ( $, .RADIAN. ) );
#1877 = LINE ( 'NONE', #1529, #1699 ) ;
#1878 = CYLINDRICAL_SURFACE ( 'NONE', #180, 4.000000000000000000 ) ;
#1879 = CARTESIAN_POINT ( 'NONE',  ( 5.049999999999999822, 1.500000000000000222, 11.50000000000000178 ) ) ;
#1880 = ORIENTED_EDGE ( 'NONE', *, *, #466, .T. ) ;
#1881 = DIRECTION ( 'NONE',  ( -0.0000000000000000000, -2.182085317882000006E-16, -1.000000000000000000 ) ) ;
#1882 = LINE ( 'NONE', #504, #107 ) ;
#1883 = DIRECTION ( 'NONE',  ( 0.0000000000000000000, -0.0000000000000000000, 1.000000000000000000 ) ) ;
#1884 = DIRECTION ( 'NONE',  ( -1.000000000000000000, -0.0000000000000000000, 0.0000000000000000000 ) ) ;
#1885 = EDGE_CURVE ( 'NONE', #972, #1136, #724, .T. ) ;
#1886 = ORIENTED_EDGE ( 'NONE', *, *, #1195, .F. ) ;
#1887 = DIRECTION ( 'NONE',  ( -1.374525595238999975E-32, 1.000000000000000000, 0.0000000000000000000 ) ) ;
#1888 = APPLICATION_PROTOCOL_DEFINITION ( 'draft international standard', 'automotive_design', 1998, #1426 ) ;
#1889 = ORIENTED_EDGE ( 'NONE', *, *, #1805, .F. ) ;
#1890 = LINE ( 'NONE', #1593, #272 ) ;
#1891 = VECTOR ( 'NONE', #38, 1000.000000000000000 ) ;
#1892 = CARTESIAN_POINT ( 'NONE',  ( 0.0000000000000000000, 19.00000000000000000, 7.900000000000000355 ) ) ;
#1893 = SURFACE_SIDE_STYLE ('',( #200 ) ) ;
#1894 = EDGE_LOOP ( 'NONE', ( #1838, #173, #1869, #1834 ) ) ;
#1895 = AXIS2_PLACEMENT_3D ( 'NONE', #234, #1500, #889 ) ;
#1896 = CARTESIAN_POINT ( 'NONE',  ( -5.049999999999999822, 1.500000000000000000, 12.00000000000000000 ) ) ;
#1897 = CARTESIAN_POINT ( 'NONE',  ( -5.049999999999999822, -2.399999999999999911, 0.0000000000000000000 ) ) ;
#1898 = CIRCLE ( 'NONE', #476, 2.049999999999999822 ) ;
#1899 = COLOUR_RGB ( '',0.8000000000000000444, 0.8000000000000000444, 0.8000000000000000444 ) ;
#1900 = EDGE_LOOP ( 'NONE', ( #1472, #1771, #356, #1698 ) ) ;
#1901 = EDGE_CURVE ( 'NONE', #528, #972, #1000, .T. ) ;
#1902 = DIRECTION ( 'NONE',  ( -0.0000000000000000000, 0.0000000000000000000, -1.000000000000000000 ) ) ;
#1903 = ORIENTED_EDGE ( 'NONE', *, *, #1098, .T. ) ;
#1904 = LINE ( 'NONE', #373, #1354 ) ;
#1905 = CARTESIAN_POINT ( 'NONE',  ( 0.0000000000000000000, -0.5999999999999999778, 7.900000000000000355 ) ) ;
#1906 = CARTESIAN_POINT ( 'NONE',  ( 0.0000000000000000000, 19.00000000000000000, 7.900000000000000355 ) ) ;
#1907 = ORIENTED_EDGE ( 'NONE', *, *, #1032, .F. ) ;
#1908 = DIRECTION ( 'NONE',  ( 0.0000000000000000000, 0.0000000000000000000, 1.000000000000000000 ) ) ;
#1909 = DIRECTION ( 'NONE',  ( 1.000000000000000000, 0.0000000000000000000, -0.0000000000000000000 ) ) ;
#1910 = ORIENTED_EDGE ( 'NONE', *, *, #1182, .F. ) ;
#1911 = EDGE_CURVE ( 'NONE', #684, #718, #1308, .T. ) ;
#1912 = CARTESIAN_POINT ( 'NONE',  ( 5.650000000000000355, 15.10000000000000142, 11.50000000000000000 ) ) ;
#1913 = DIRECTION ( 'NONE',  ( -0.0000000000000000000, 1.000000000000000000, 0.0000000000000000000 ) ) ;
#1914 = ORIENTED_EDGE ( 'NONE', *, *, #362, .T. ) ;
#1915 =( NAMED_UNIT ( * ) SI_UNIT ( $, .STERADIAN. ) SOLID_ANGLE_UNIT ( ) );
#1916 = DIRECTION ( 'NONE',  ( 0.0000000000000000000, 0.0000000000000000000, -1.000000000000000000 ) ) ;
#1917 = DIRECTION ( 'NONE',  ( -1.374525595238999975E-32, 1.000000000000000000, -2.220446049250000002E-16 ) ) ;
#1918 = ORIENTED_EDGE ( 'NONE', *, *, #647, .F. ) ;
#1919 = PLANE ( 'NONE',  #184 ) ;
#1920 = ADVANCED_FACE ( 'NONE', ( #282 ), #1350, .T. ) ;
#1921 = CARTESIAN_POINT ( 'NONE',  ( -0.6499999999799999095, -2.399999999999999911, 0.0000000000000000000 ) ) ;
#1922 = VECTOR ( 'NONE', #700, 1000.000000000000000 ) ;
#1923 = MECHANICAL_DESIGN_GEOMETRIC_PRESENTATION_REPRESENTATION (  '', ( #1950 ), #375 ) ;
#1924 = VECTOR ( 'NONE', #766, 1000.000000000000000 ) ;
#1925 = AXIS2_PLACEMENT_3D ( 'NONE', #525, #384, #1783 ) ;
#1926 = LINE ( 'NONE', #832, #9 ) ;
#1927 = VERTEX_POINT ( 'NONE', #1826 ) ;
#1928 = DIRECTION ( 'NONE',  ( 0.0000000000000000000, 1.000000000000000000, -2.220446049250000002E-16 ) ) ;
#1929 = CARTESIAN_POINT ( 'NONE',  ( 4.049999999999999822, 19.00000000000000000, 12.00000000000000000 ) ) ;
#1930 = ORIENTED_EDGE ( 'NONE', *, *, #280, .F. ) ;
#1931 = DIRECTION ( 'NONE',  ( -0.0000000000000000000, 1.000000000000000000, 0.0000000000000000000 ) ) ;
#1932 = CARTESIAN_POINT ( 'NONE',  ( -5.049999999999999822, -2.399999999999999911, 12.00000000000000000 ) ) ;
#1933 = ORIENTED_EDGE ( 'NONE', *, *, #1268, .T. ) ;
#1934 = PLANE ( 'NONE',  #1279 ) ;
#1935 = VERTEX_POINT ( 'NONE', #453 ) ;
#1936 = LINE ( 'NONE', #1921, #1014 ) ;
#1937 = LINE ( 'NONE', #1932, #1740 ) ;
#1938 = VERTEX_POINT ( 'NONE', #1661 ) ;
#1939 = EDGE_CURVE ( 'NONE', #1359, #1052, #580, .T. ) ;
#1940 = DIRECTION ( 'NONE',  ( -1.000000000000000000, -0.0000000000000000000, 0.0000000000000000000 ) ) ;
#1941 = ORIENTED_EDGE ( 'NONE', *, *, #579, .T. ) ;
#1942 =( NAMED_UNIT ( * ) PLANE_ANGLE_UNIT ( ) SI_UNIT ( $, .RADIAN. ) );
#1943 =( LENGTH_UNIT ( ) NAMED_UNIT ( * ) SI_UNIT ( .MILLI., .METRE. ) );
#1944 =( LENGTH_UNIT ( ) NAMED_UNIT ( * ) SI_UNIT ( .MILLI., .METRE. ) );
#1945 = ORIENTED_EDGE ( 'NONE', *, *, #1499, .F. ) ;
#1946 = CARTESIAN_POINT ( 'NONE',  ( 0.0000000000000000000, -4.999999999999999112, 7.900000000000000355 ) ) ;
#1947 = VECTOR ( 'NONE', #1776, 1000.000000000000000 ) ;
#1948 = COLOUR_RGB ( '',0.8000000000000000444, 0.8000000000000000444, 0.8000000000000000444 ) ;
#1949 = VECTOR ( 'NONE', #1616, 1000.000000000000000 ) ;
#1950 = STYLED_ITEM ( 'NONE', ( #110 ), #1325 ) ;
#1951 = VECTOR ( 'NONE', #795, 1000.000000000000000 ) ;
#1952 = VECTOR ( 'NONE', #598, 1000.000000000000000 ) ;
#1953 = PRESENTATION_LAYER_ASSIGNMENT (  '', '', ( #952 ) ) ;
#1954 = EDGE_LOOP ( 'NONE', ( #488, #1218, #1327, #1767 ) ) ;
#1955 = EDGE_CURVE ( 'NONE', #6, #1344, #116, .T. ) ;
#1956 = LINE ( 'NONE', #1801, #78 ) ;
#1957 =( GEOMETRIC_REPRESENTATION_CONTEXT ( 3 ) GLOBAL_UNCERTAINTY_ASSIGNED_CONTEXT ( ( #258 ) ) GLOBAL_UNIT_ASSIGNED_CONTEXT ( ( #1240, #925, #1577 ) ) REPRESENTATION_CONTEXT ( 'NONE', 'WORKASPACE' ) );
#1958 =( LENGTH_UNIT ( ) NAMED_UNIT ( * ) SI_UNIT ( .MILLI., .METRE. ) );
#1959 =( NAMED_UNIT ( * ) PLANE_ANGLE_UNIT ( ) SI_UNIT ( $, .RADIAN. ) );
#1960 =( GEOMETRIC_REPRESENTATION_CONTEXT ( 3 ) GLOBAL_UNCERTAINTY_ASSIGNED_CONTEXT ( ( #1503 ) ) GLOBAL_UNIT_ASSIGNED_CONTEXT ( ( #94, #1812, #1506 ) ) REPRESENTATION_CONTEXT ( 'NONE', 'WORKASPACE' ) );
#1961 = ADVANCED_FACE ( 'NONE', ( #1523 ), #1654, .F. ) ;
#1962 = ORIENTED_EDGE ( 'NONE', *, *, #125, .F. ) ;
#1963 = FACE_OUTER_BOUND ( 'NONE', #1842, .T. ) ;
#1964 = LINE ( 'NONE', #1209, #378 ) ;
#1965 = EDGE_LOOP ( 'NONE', ( #417, #1797, #1369, #942 ) ) ;
#1966 =( NAMED_UNIT ( * ) PLANE_ANGLE_UNIT ( ) SI_UNIT ( $, .RADIAN. ) );
#1967 = ORIENTED_EDGE ( 'NONE', *, *, #601, .F. ) ;
#1968 = PLANE ( 'NONE',  #1070 ) ;
#1969 = FILL_AREA_STYLE_COLOUR ( '', #1948 ) ;
#1970 = SURFACE_STYLE_FILL_AREA ( #1202 ) ;
#1971 = VERTEX_POINT ( 'NONE', #1055 ) ;
#1972 = EDGE_CURVE ( 'NONE', #423, #1066, #1682, .T. ) ;
#1973 = ORIENTED_EDGE ( 'NONE', *, *, #89, .T. ) ;
#1974 = CARTESIAN_POINT ( 'NONE',  ( 5.650000000000000355, 15.10000000000000142, 0.0000000000000000000 ) ) ;
#1975 = ORIENTED_EDGE ( 'NONE', *, *, #813, .F. ) ;
#1976 = CARTESIAN_POINT ( 'NONE',  ( 0.6500000000000001332, -5.000000000000000000, 3.953165825626999919 ) ) ;
#1977 = CARTESIAN_POINT ( 'NONE',  ( -0.6500000000000003553, -2.399999999999999911, 0.0000000000000000000 ) ) ;
#1978 = EDGE_CURVE ( 'NONE', #1569, #382, #1986, .T. ) ;
#1979 = MECHANICAL_DESIGN_GEOMETRIC_PRESENTATION_REPRESENTATION (  '', ( #842 ), #1108 ) ;
#1980 = CARTESIAN_POINT ( 'NONE',  ( 0.6500000000000001332, -0.6000000000000000888, -5.799999999999999822 ) ) ;
#1981 = ORIENTED_EDGE ( 'NONE', *, *, #1691, .T. ) ;
#1982 = AXIS2_PLACEMENT_3D ( 'NONE', #1572, #621, #1690 ) ;
#1983 = VECTOR ( 'NONE', #1840, 1000.000000000000000 ) ;
#1984 = VECTOR ( 'NONE', #99, 1000.000000000000000 ) ;
#1985 = AXIS2_PLACEMENT_3D ( 'NONE', #1270, #785, #1887 ) ;
#1986 = LINE ( 'NONE', #776, #483 ) ;
#1987 = ORIENTED_EDGE ( 'NONE', *, *, #1402, .F. ) ;
#1988 = DIRECTION ( 'NONE',  ( 0.0000000000000000000, -0.7071067811865474617, 0.7071067811865474617 ) ) ;
#1989 = CARTESIAN_POINT ( 'NONE',  ( -4.049999999999999822, 0.2000000000000000944, 12.00000000000000000 ) ) ;
#1990 =( NAMED_UNIT ( * ) PLANE_ANGLE_UNIT ( ) SI_UNIT ( $, .RADIAN. ) );
#1991 = ADVANCED_FACE ( 'NONE', ( #1858 ), #462, .T. ) ;
#1992 = EDGE_CURVE ( 'NONE', #595, #4, #1711, .T. ) ;
#1993 = VERTEX_POINT ( 'NONE', #1404 ) ;
#1994 = CARTESIAN_POINT ( 'NONE',  ( -5.049999999999999822, -2.399999999999999911, 0.0000000000000000000 ) ) ;
#1995 = LINE ( 'NONE', #460, #540 ) ;
#1996 = APPLICATION_PROTOCOL_DEFINITION ( 'draft international standard', 'automotive_design', 1998, #413 ) ;
#1997 = ORIENTED_EDGE ( 'NONE', *, *, #1137, .F. ) ;
#1998 = EDGE_LOOP ( 'NONE', ( #1241, #1632, #20, #522, #568, #1981 ) ) ;
#1999 = DIRECTION ( 'NONE',  ( 0.0000000000000000000, 1.000000000000000000, 0.0000000000000000000 ) ) ;
#2000 = CARTESIAN_POINT ( 'NONE',  ( 0.0000000000000000000, -0.5999999999999999778, 7.900000000000000355 ) ) ;
#2001 = DIRECTION ( 'NONE',  ( 0.0000000000000000000, -0.0000000000000000000, 1.000000000000000000 ) ) ;
#2002 = VERTEX_POINT ( 'NONE', #328 ) ;
#2003 = DIRECTION ( 'NONE',  ( 0.0000000000000000000, 0.0000000000000000000, 1.000000000000000000 ) ) ;
#2004 = EDGE_CURVE ( 'NONE', #412, #1601, #1262, .T. ) ;
ENDSEC;
END-ISO-10303-21;
